cluster_id,num_reads,used_reads,seed_read_index,seed_len,passes,aligned_reads,rejected_reads,final_len,seed_to_final_edits,weak_positions,coherence_filtered,coherence_threshold,mean_norm_dist,mean_chosen_conf,joint_anomaly,joint_active
1,57,36,48,110,1,36,0,110,0,1,0,0.16,0,1,1.15862,0
2,19,19,6,112,1,19,0,110,2,2,0,0.16,0.074718,0.970388,1.26605,0
3,12,12,7,112,1,12,0,110,2,2,0,0.169643,0.0823935,0.968298,1.19191,0
4,16,16,8,110,1,16,0,110,0,0,0,0.16,0.0529208,0.974941,2.02268,0
5,36,36,13,110,1,36,0,110,0,0,0,0.16,0.0511733,0.975285,1.40311,0
6,8,8,7,110,1,8,0,110,1,3,0,0.246592,0.0746148,0.965175,1.43759,0
7,18,18,17,107,1,18,0,110,4,1,0,0.16,0.083488,0.965739,1.57809,0
8,57,36,7,110,1,36,0,110,0,1,0,0.16,0,1,1.42049,0
9,22,22,8,110,1,22,0,110,2,1,0,0.16,0.0658318,0.971491,1.64856,0
10,52,36,2,110,1,36,0,110,0,1,0,0.16,0,1,1.01504,0
11,35,35,12,110,1,35,0,110,0,1,0,0.16,0.0626428,0.971218,1.61669,0
12,28,28,9,108,1,28,0,110,2,2,0,0.16,0.0691765,0.965666,1.94164,0
13,8,8,0,110,1,8,0,110,2,1,0,0.16,0.0485667,0.979306,1.91052,0
14,33,33,2,110,1,33,0,110,0,1,0,0.16,0.0608101,0.971259,1.50663,0
15,35,35,18,110,1,35,0,110,0,0,0,0.16,0.0612191,0.971219,1.88388,0
16,9,9,6,108,1,9,0,110,3,2,0,0.16,0.0750575,0.970005,1.87785,0
17,16,16,3,110,1,16,0,110,0,0,0,0.16,0.0556893,0.973812,1.34108,0
18,9,9,2,110,1,9,0,110,2,2,0,0.16,0.0749335,0.972055,1.74572,0
19,31,31,0,110,1,31,0,110,0,1,0,0.16,0.0552659,0.975097,1.5062,0
20,25,25,1,110,1,25,0,110,1,2,0,0.16,0.0748962,0.967854,1.90051,0
21,66,36,56,110,1,36,0,110,1,1,0,0.16,0,1,1.89888,0
22,64,36,26,110,1,36,0,110,0,1,0,0.16,0,1,1.71611,0
23,16,16,2,110,1,16,0,110,2,2,0,0.16,0.0657068,0.969855,1.53065,0
24,29,29,24,109,1,29,0,110,1,2,0,0.16,0.0654249,0.973136,1.15819,0
25,41,36,5,111,1,36,0,110,1,1,0,0.16,0,1,1.20798,0
26,16,16,7,110,1,16,0,110,0,2,0,0.16,0.0533023,0.973535,1.3239,0
27,14,14,5,109,1,14,0,110,1,1,0,0.16,0.0575956,0.975346,1.47863,0
28,26,26,2,110,1,26,0,110,0,1,0,0.16,0.050244,0.975355,1.37305,0
29,23,23,16,110,1,23,0,110,0,2,0,0.16,0.0510754,0.975682,1.37132,0
30,7,7,1,107,1,7,0,110,4,4,0,0.16,0.0625709,0.971715,4.46096,1
31,23,23,17,110,1,23,0,110,0,1,0,0.16,0.0571142,0.973126,1.34166,0
32,56,36,24,110,1,36,0,110,0,1,0,0.16,0,1,2.48299,1
33,14,14,6,109,1,14,0,110,1,1,0,0.16,0.0471076,0.976324,2.05021,0
34,24,24,1,108,1,24,0,110,2,0,0,0.16,0.0664553,0.971658,1.77888,0
35,18,18,17,111,1,18,0,110,1,1,0,0.174197,0.0625938,0.968953,1.73055,0
36,33,33,7,110,1,33,0,110,2,2,0,0.165111,0.0799949,0.967418,2.11496,0
37,18,18,14,110,1,18,0,110,0,1,0,0.16,0.046234,0.978481,1.88351,0
38,46,36,36,110,1,36,0,110,0,1,0,0.16,0,1,1.46101,0
39,75,36,5,110,1,36,0,110,0,1,0,0.16,0,1,1.34593,0
40,21,21,17,110,1,21,0,110,2,3,0,0.16,0.0603969,0.971429,3.88802,1
41,9,9,4,109,1,9,0,110,2,2,0,0.16,0.0842784,0.965212,1.538,0
42,24,24,17,111,1,24,0,110,1,1,0,0.16,0.0480215,0.980454,1.91903,0
43,16,16,1,110,1,16,0,110,0,0,0,0.16,0.0475851,0.979185,1.4443,0
44,40,36,38,107,1,36,0,110,3,1,0,0.16,0,1,1.35263,0
45,7,7,3,110,1,7,0,110,4,6,0,0.16,0.0748746,0.969893,1.68457,0
46,23,23,13,110,1,23,0,110,0,1,0,0.16,0.0532546,0.974499,1.24562,0
47,56,36,19,110,1,36,0,110,0,1,0,0.16,0,1,1.58196,0
48,34,34,6,110,1,34,0,110,0,0,0,0.16,0.0535349,0.974632,1.42891,0
49,10,10,8,109,1,10,0,110,2,0,0,0.16,0.0343292,0.980553,4.69768,1
50,37,36,30,110,1,36,0,110,0,2,0,0.16,0.0569043,0.973274,1.65339,0
51,56,36,42,107,1,36,0,110,3,1,0,0.16,0,1,1.62867,0
52,10,10,4,110,1,10,0,110,0,4,0,0.16,0.0599263,0.971684,2.49605,1
53,40,36,15,110,1,36,0,110,0,1,0,0.16,0,1,1.68646,0
54,14,14,10,110,1,14,0,110,0,2,0,0.16,0.0458039,0.977183,1.31519,0
55,9,9,8,110,1,9,0,110,2,3,0,0.16,0.0538016,0.975571,1.68363,0
56,32,32,3,110,1,32,0,110,0,2,0,0.16,0.0579701,0.972197,1.27524,0
57,20,20,13,111,1,20,0,110,3,2,0,0.16,0.0782301,0.968476,1.35654,0
58,30,30,24,109,1,30,0,110,1,2,0,0.16,0.0633334,0.968857,1.85524,0
59,63,36,4,110,1,36,0,110,3,1,1,0.16,0,1,1.74941,0
60,33,33,19,110,1,33,0,110,0,1,0,0.16,0.0579783,0.972628,1.7059,0
61,16,16,11,110,1,16,0,110,0,0,0,0.16,0.0510858,0.97664,2.16488,1
62,30,30,8,110,1,30,0,110,0,0,0,0.16,0.0563198,0.97306,1.46095,0
63,11,11,8,108,1,11,0,110,5,2,0,0.16,0.0916579,0.96331,1.58424,0
64,25,25,5,110,1,25,0,110,0,0,0,0.16,0.0580058,0.973101,1.41658,0
65,15,15,12,109,1,15,0,110,0,1,0,0.16,0.0645492,0.973035,2.16348,1
66,18,18,6,109,1,18,0,110,1,0,0,0.16,0.0577479,0.973215,1.40817,0
67,10,10,8,108,1,10,0,110,2,2,0,0.16,0.0746818,0.965636,4.32395,1
68,24,24,12,110,1,24,0,110,0,0,0,0.16,0.0625189,0.97104,1.74342,0
69,18,18,4,110,1,18,0,110,1,0,0,0.16,0.069997,0.968928,1.52554,0
70,58,36,46,111,1,36,0,110,1,1,0,0.16,0,1,1.47288,0
71,25,25,19,110,1,25,0,110,0,1,0,0.16,0.0499174,0.976179,1.35334,0
72,10,10,9,110,1,10,0,110,2,4,0,0.16,0.0746097,0.969874,1.45741,0
73,22,22,18,109,1,22,0,110,1,0,0,0.16,0.0546613,0.974967,1.41168,0
74,13,13,6,110,1,13,0,110,0,1,0,0.16,0.04784,0.978215,1.8129,0
75,15,15,13,108,1,15,0,110,2,0,0,0.16,0.0695803,0.968174,3.27007,1
76,16,16,0,110,1,16,0,110,1,0,0,0.16,0.0589427,0.976074,1.46593,0
77,43,36,17,109,1,36,0,110,1,1,0,0.16,0,1,1.60433,0
78,9,9,6,111,1,9,0,110,1,2,0,0.16,0.0437866,0.980271,1.51959,0
79,15,14,9,109,1,14,0,110,4,4,1,0.16,0.0894587,0.964262,1.78407,0
80,17,17,10,110,1,17,0,110,4,2,0,0.16,0.0901405,0.966837,1.9011,0
81,71,36,15,110,1,36,0,110,0,1,0,0.16,0,1,1.54942,0
82,9,9,1,109,1,9,0,110,3,3,0,0.16,0.076325,0.967236,1.73917,0
83,20,20,11,109,1,20,0,110,3,4,0,0.16,0.0734499,0.967216,1.44744,0
84,14,14,9,109,1,14,0,110,3,2,0,0.16,0.0706434,0.97013,1.79354,0
85,26,26,24,109,1,26,0,110,2,0,0,0.16,0.0729018,0.969684,1.75544,0
86,10,10,7,111,1,10,0,110,1,5,0,0.16,0.0548274,0.977764,1.66421,0
87,17,16,7,112,1,16,0,110,2,3,1,0.16,0.064086,0.973166,1.44791,0
88,12,12,8,111,1,12,0,110,3,2,0,0.16,0.0703713,0.972127,1.98994,0
89,11,11,10,110,1,11,0,110,0,0,0,0.16,0.0496934,0.976308,1.488,0
90,22,22,13,111,1,22,0,110,1,2,0,0.16,0.0650703,0.971546,1.58068,0
91,23,23,5,109,1,23,0,110,1,2,0,0.16,0.0561533,0.975461,1.1049,0
92,62,36,15,110,1,36,0,110,0,1,0,0.16,0,1,1.39388,0
93,14,13,9,108,1,13,0,110,2,1,1,0.16,0.0599737,0.976041,1.86902,0
94,14,14,12,111,1,14,0,110,2,5,0,0.198198,0.0754724,0.966497,1.68224,0
95,46,36,17,110,1,36,0,110,2,1,0,0.16,0,1,1.47963,0
96,16,16,13,110,1,16,0,110,0,0,0,0.16,0.056554,0.972681,1.53099,0
97,28,28,10,109,1,28,0,110,1,2,0,0.16,0.068791,0.968426,1.68386,0
98,18,18,9,111,1,18,0,110,2,1,0,0.16,0.0649853,0.975438,1.31316,0
99,10,10,6,110,1,10,0,110,4,3,0,0.16,0.0780042,0.970775,1.99782,0
100,21,21,8,110,1,21,0,110,0,1,0,0.16,0.0654674,0.968628,1.52322,0
101,20,20,3,109,1,20,0,110,1,1,0,0.16,0.0502533,0.979772,1.77309,0
102,27,27,2,110,1,27,0,110,0,2,0,0.16,0.0606993,0.971241,1.35319,0
103,47,36,3,110,1,36,0,110,0,1,0,0.16,0,1,1.19745,0
104,35,35,0,108,1,35,0,110,3,0,0,0.16,0.0832769,0.967662,1.51669,0
105,8,8,1,109,1,8,0,110,1,0,0,0.197084,0.0639613,0.968848,1.76093,0
106,24,24,13,112,1,24,0,110,0,4,0,0.16,0.0743784,0.969146,2.14573,1
107,23,23,7,111,1,23,0,110,1,1,0,0.16,0.0623872,0.972975,1.55928,0
108,61,36,8,108,1,36,0,110,0,1,0,0.16,0,1,2.70248,1
109,15,15,0,108,1,15,0,110,1,1,0,0.16,0.065431,0.967564,3.92179,1
110,17,17,16,110,1,17,0,110,1,2,0,0.16,0.0736551,0.968169,1.66814,0
111,21,21,7,111,1,21,0,110,2,2,0,0.16,0.0786139,0.968053,1.77165,0
112,40,36,34,109,1,36,0,110,1,1,0,0.16,0,1,1.52763,0
113,11,10,9,110,1,10,0,110,4,8,1,0.16,0.0924017,0.959926,1.31833,0
114,44,36,3,109,1,36,0,110,1,1,0,0.16,0,1,1.44395,0
115,27,27,22,108,1,27,0,110,2,1,0,0.16,0.0684167,0.971394,1.41394,0
116,18,18,15,109,1,18,0,110,1,0,0,0.16,0.0543566,0.973974,1.82414,0
117,21,21,9,109,1,21,0,110,2,0,0,0.16,0.0715959,0.969644,1.67927,0
118,27,27,19,110,1,27,0,110,0,1,0,0.16,0.0480627,0.97677,1.61503,0
119,22,22,9,109,1,22,0,110,3,0,0,0.16,0.0743121,0.973722,1.52855,0
120,52,36,13,109,1,36,0,110,2,1,0,0.16,0,1,3.53419,1
121,35,35,2,110,1,35,0,110,0,0,0,0.16,0.052823,0.975227,1.32185,0
122,30,30,15,109,1,30,0,110,1,0,0,0.16,0.0592089,0.970836,1.72692,0
123,6,6,5,110,1,6,0,110,3,6,0,0.16,0.0779029,0.970906,1.72154,0
124,35,35,23,110,1,35,0,110,0,1,0,0.16,0.0528945,0.975742,1.54757,0
125,33,33,31,111,1,33,0,110,1,1,0,0.16,0.052774,0.979395,1.56109,0
126,12,12,10,110,1,12,0,110,2,1,0,0.16,0.0708202,0.972621,1.54591,0
127,16,16,12,110,1,16,0,110,0,0,0,0.16,0.0499761,0.976075,1.73049,0
128,16,16,7,109,1,16,0,110,2,3,0,0.16,0.0588583,0.974149,1.68799,0
129,6,6,0,109,1,6,0,110,4,3,0,0.176802,0.081223,0.964556,1.97741,0
130,37,36,35,110,1,36,0,110,0,0,0,0.16,0.0414921,0.981066,1.09656,0
131,18,18,2,109,1,18,0,110,1,0,0,0.16,0.0639925,0.969155,1.62957,0
132,6,6,0,109,1,6,0,110,3,3,0,0.16,0.0617388,0.976724,1.80221,0
133,17,17,9,110,1,17,0,110,0,0,0,0.16,0.0423589,0.980144,1.31858,0
134,21,21,1,107,1,21,0,110,3,2,0,0.16,0.0802705,0.969748,1.77699,0
135,21,21,12,110,1,21,0,110,0,0,0,0.16,0.0600604,0.972936,1.92951,0
136,13,13,1,110,1,13,0,110,1,1,0,0.16,0.0674115,0.97021,1.54029,0
137,8,8,1,110,1,8,0,110,2,3,0,0.16,0.0622256,0.969699,4.10697,1
138,112,36,13,110,1,36,0,110,0,1,0,0.16,0,1,1.5993,0
139,32,32,29,110,1,32,0,110,0,2,0,0.16,0.0647927,0.969231,1.26305,0
140,21,21,11,109,1,21,0,110,1,1,0,0.16,0.0669762,0.9703,1.45259,0
141,32,32,15,110,1,32,0,110,0,1,0,0.16,0.0496956,0.976016,1.23391,0
142,15,15,4,110,1,15,0,110,2,1,0,0.16,0.0575155,0.977194,1.63979,0
143,37,36,17,109,1,36,0,110,1,0,0,0.16,0.0643328,0.97303,1.42133,0
144,12,12,5,107,1,12,0,110,2,0,0,0.16,0.0532871,0.975353,3.6745,1
145,21,21,14,110,1,21,0,110,0,1,0,0.16,0.0512344,0.974876,1.37033,0
146,84,36,23,110,1,36,0,110,0,1,0,0.16,0,1,1.2761,0
147,21,21,19,111,1,21,0,110,2,2,0,0.16,0.0701226,0.972112,1.64615,0
148,18,17,3,110,1,17,0,110,1,3,1,0.16,0.0559543,0.976952,1.80092,0
149,74,36,20,110,1,36,0,110,0,1,0,0.16,0,1,1.51872,0
150,69,36,20,109,1,36,0,110,1,1,0,0.16,0,1,1.72194,0
151,15,15,0,111,1,15,0,110,1,2,0,0.16,0.0562025,0.974112,1.36485,0
152,23,23,3,110,1,23,0,110,0,0,0,0.16,0.0526426,0.975879,2.0424,0
153,12,12,8,108,1,12,0,110,2,0,0,0.166234,0.0750279,0.96637,1.7003,0
154,23,23,16,110,1,23,0,110,2,1,0,0.16,0.0722735,0.968602,1.22907,0
155,33,33,8,109,1,33,0,110,2,1,0,0.16,0.0673417,0.974593,1.80009,0
156,19,19,9,110,1,19,0,110,1,2,0,0.16,0.0733319,0.969137,3.30662,1
157,24,24,11,109,1,24,0,110,1,0,0,0.16,0.0518846,0.974771,1.53481,0
158,38,36,29,110,1,36,0,110,0,0,0,0.16,0.0469329,0.9778,1.47897,0
159,13,13,2,110,1,13,0,110,1,2,0,0.16,0.0654654,0.970906,1.7907,0
160,47,36,19,111,1,36,0,110,1,1,0,0.16,0,1,1.51898,0
161,5,5,1,111,1,5,0,110,2,5,0,0.216216,0.0932791,0.96451,4.5494,1
162,5,5,2,109,1,5,0,110,4,5,0,0.16,0.073097,0.972085,4.48882,1
163,43,36,27,110,1,36,0,110,0,1,0,0.16,0,1,1.5532,0
164,20,20,4,110,1,20,0,110,0,0,0,0.16,0.0482397,0.976557,1.32663,0
165,6,6,5,111,1,6,0,110,2,6,0,0.212355,0.0929322,0.961457,4.18338,1
166,13,13,5,111,1,13,0,110,3,4,0,0.16,0.0755371,0.970476,1.72076,0
167,17,17,2,110,1,17,0,110,2,5,0,0.16,0.0679144,0.970036,1.82866,0
168,35,35,17,109,1,35,0,110,1,0,0,0.16,0.0532108,0.971999,1.2454,0
169,54,36,12,109,1,36,0,110,1,1,0,0.16,0,1,1.33387,0
170,27,27,25,111,1,27,0,110,1,1,0,0.16,0.0660876,0.971497,1.44391,0
171,66,36,16,110,1,36,0,110,0,1,0,0.16,0,1,1.73062,0
172,38,36,14,110,1,36,0,110,0,1,0,0.16,0.0537171,0.973654,1.5193,0
173,3,3,1,111,1,3,0,110,1,16,0,1,0.0660661,0.969255,1.79955,0
174,16,16,11,109,1,16,0,110,2,1,0,0.16,0.0725049,0.96787,1.35373,0
175,21,21,15,108,1,21,0,110,2,0,0,0.16,0.0555515,0.973975,1.48799,0
176,31,31,18,110,1,31,0,110,4,3,0,0.16,0.0824952,0.973926,1.65585,0
177,65,36,29,110,1,36,0,110,0,1,0,0.16,0,1,1.56493,0
178,35,35,8,108,1,35,0,110,4,2,0,0.16,0.0799173,0.970294,1.76762,0
179,26,26,24,110,1,26,0,110,0,4,0,0.16,0.0692286,0.967003,1.50259,0
180,12,12,11,108,1,12,0,110,2,0,0,0.16,0.0543743,0.978269,1.58888,0
181,55,36,54,112,1,36,0,110,0,1,0,0.16,0,1,3.06318,1
182,16,16,5,109,1,16,0,110,3,1,0,0.220183,0.0861559,0.960736,1.26328,0
183,55,36,5,110,1,36,0,110,0,1,0,0.16,0,1,1.67544,0
184,14,14,10,110,1,14,0,110,0,1,0,0.16,0.0490504,0.976537,1.51937,0
185,26,26,9,110,1,26,0,110,0,0,0,0.16,0.0489914,0.976399,1.40316,0
186,23,23,8,110,1,23,0,110,0,0,0,0.16,0.0429766,0.97883,1.7052,0
187,115,36,81,108,1,36,0,110,2,1,0,0.16,0,1,1.36697,0
188,17,17,6,110,1,17,0,110,1,1,0,0.16,0.0538154,0.976684,1.93852,0
189,13,13,6,111,1,13,0,110,2,4,0,0.16,0.082303,0.965305,1.6682,0
190,50,36,17,110,1,36,0,110,0,1,0,0.16,0,1,1.34406,0
191,10,10,1,109,1,10,0,110,2,2,0,0.16,0.0639566,0.970515,4.34154,1
192,18,18,4,109,1,18,0,110,1,1,0,0.16,0.0498626,0.974228,1.2943,0
193,23,23,20,108,1,23,0,110,2,0,0,0.16,0.0544824,0.974233,1.43678,0
194,18,18,5,111,1,18,0,110,3,2,0,0.16,0.0800394,0.967467,1.46264,0
195,36,36,32,110,1,36,0,110,4,4,0,0.172727,0.0863388,0.968624,1.52376,0
196,28,28,11,110,1,28,0,110,0,0,0,0.16,0.045669,0.978084,1.69068,0
197,24,24,7,111,1,24,0,110,1,1,0,0.16,0.0632646,0.972607,1.49733,0
198,20,20,10,110,1,20,0,110,0,1,0,0.16,0.0582411,0.973617,1.70512,0
199,43,36,19,110,1,36,0,110,0,1,0,0.16,0,1,1.63817,0
200,6,6,2,111,1,6,0,110,2,3,0,0.16,0.0538676,0.977887,1.55941,0
201,30,30,17,110,1,30,0,110,0,0,0,0.16,0.0502138,0.976377,1.53087,0
202,18,18,15,110,1,18,0,110,0,0,0,0.16,0.0488581,0.976975,1.1606,0
203,12,12,4,109,1,12,0,110,2,1,0,0.16,0.0645978,0.972765,1.82167,0
204,37,36,19,111,1,36,0,110,1,2,0,0.16,0.0652003,0.972642,1.15843,0
205,11,11,5,109,1,11,0,110,2,0,0,0.16,0.0651334,0.974438,1.34648,0
206,15,15,1,109,1,15,0,110,1,3,0,0.16,0.0718295,0.969075,1.38101,0
207,46,36,0,108,1,36,0,110,3,1,0,0.16,0,1,1.5964,0
208,20,20,18,108,1,20,0,110,2,1,0,0.16,0.0804406,0.965763,1.71294,0
209,47,36,34,110,1,36,0,110,0,1,0,0.16,0,1,1.32144,0
210,18,18,13,108,1,18,0,110,2,0,0,0.16,0.0607082,0.972198,1.66365,0
211,19,19,1,108,1,19,0,110,2,0,0,0.16,0.0637322,0.970026,1.65064,0
212,15,15,5,108,1,15,0,110,2,1,0,0.161411,0.0666624,0.968793,1.28816,0
213,24,24,17,110,1,24,0,110,0,0,0,0.16,0.0521133,0.976506,1.76684,0
214,18,18,4,110,1,18,0,110,0,2,0,0.16,0.0632443,0.971697,2.22646,1
215,15,15,12,111,1,15,0,110,1,2,0,0.16,0.066874,0.972618,1.49166,0
216,91,36,9,110,1,36,0,110,0,1,0,0.16,0,1,1.21795,0
217,19,19,10,110,1,19,0,110,0,3,0,0.16,0.0530844,0.973663,1.33162,0
218,14,14,9,110,1,14,0,110,0,4,0,0.16,0.0511608,0.974601,1.74122,0
219,58,36,33,110,1,36,0,110,0,1,0,0.16,0,1,1.43051,0
220,19,19,12,109,1,19,0,110,2,1,0,0.16,0.0787456,0.965733,1.57393,0
221,13,13,6,109,1,13,0,110,1,1,0,0.16,0.066368,0.972046,1.70038,0
222,14,14,8,109,1,14,0,110,1,0,0,0.16,0.0535515,0.972089,1.463,0
223,35,35,6,110,1,35,0,110,0,1,0,0.16,0.0599584,0.971737,1.4655,0
224,17,17,0,108,1,17,0,110,2,3,0,0.16,0.0682757,0.967312,1.93352,0
225,41,36,8,110,1,36,0,110,0,1,0,0.16,0,1,1.37192,0
226,40,36,9,109,1,36,0,110,1,1,0,0.16,0,1,1.5451,0
227,13,13,9,109,1,13,0,110,2,3,0,0.16,0.0746045,0.966782,1.3644,0
228,12,12,8,110,1,12,0,110,0,2,0,0.16,0.0564415,0.974138,1.45027,0
229,20,20,5,109,1,20,0,110,1,1,0,0.16,0.0609872,0.972009,1.88664,0
230,37,36,29,110,1,36,0,110,0,1,0,0.16,0.0600705,0.971515,1.05994,0
231,38,36,1,110,1,36,0,110,1,0,0,0.16,0.0611425,0.973276,1.64522,0
232,26,26,20,110,1,26,0,110,2,2,0,0.16,0.0727753,0.969785,1.86892,0
233,17,17,9,109,1,17,0,110,2,2,0,0.16,0.0581891,0.971102,4.77352,1
234,18,18,9,110,1,18,0,110,1,0,0,0.16,0.0659377,0.9732,1.91296,0
235,9,9,4,108,1,9,0,110,2,3,0,0.16,0.07878,0.968982,1.53896,0
236,23,23,11,108,1,23,0,110,2,1,0,0.16,0.0588565,0.974633,1.87607,0
237,38,36,24,109,1,36,0,110,0,1,0,0.16,0.0682059,0.968212,2.60352,1
238,11,11,1,109,1,11,0,110,2,1,0,0.16,0.0664544,0.969039,3.74444,1
239,56,36,19,110,1,36,0,110,2,1,0,0.16,0,1,2.05137,0
240,11,11,10,108,1,11,0,110,2,0,0,0.16,0.0681334,0.967501,1.39401,0
241,23,23,17,110,1,23,0,110,0,0,0,0.16,0.0608553,0.970178,1.36668,0
242,72,36,18,110,1,36,0,110,0,1,0,0.16,0,1,1.7884,0
243,52,36,9,110,1,36,0,110,0,1,0,0.16,0,1,1.91379,0
244,6,6,3,107,1,6,0,110,2,5,0,0.16,0.0895902,0.954608,4.67102,1
245,36,36,32,110,1,36,0,110,2,1,0,0.16,0.0673502,0.971013,1.58391,0
246,27,27,26,110,1,27,0,110,2,2,0,0.16,0.0678384,0.971573,1.69203,0
247,32,32,14,110,1,32,0,110,2,2,0,0.16,0.0658095,0.971069,1.66531,0
248,33,33,6,109,1,33,0,110,1,0,0,0.16,0.0581348,0.972518,2.06836,0
249,13,13,3,109,1,13,0,110,2,4,0,0.170976,0.0836999,0.96608,1.28972,0
250,10,10,7,110,1,10,0,110,1,2,0,0.16,0.0651452,0.970778,4.72185,1
251,19,19,17,112,1,19,0,110,3,3,0,0.16,0.0687006,0.974828,1.54921,0
252,25,25,21,110,1,25,0,110,3,1,0,0.163636,0.0807557,0.969484,1.20717,0
253,14,14,1,109,1,14,0,110,1,2,0,0.16,0.0621887,0.967848,1.47421,0
254,14,14,3,108,1,14,0,110,1,7,0,0.16,0.0758428,0.961629,4.54796,1
255,14,14,3,109,1,14,0,110,2,0,0,0.16,0.0644343,0.972739,1.45145,0
256,15,15,10,111,1,15,0,110,1,1,0,0.16,0.0569337,0.97441,1.12173,0
257,12,12,1,111,1,12,0,110,1,1,0,0.171171,0.0727431,0.966523,1.61407,0
258,9,9,7,109,1,9,0,110,2,1,0,0.16,0.0667382,0.970788,3.56595,1
259,47,36,42,110,1,36,0,110,0,1,0,0.16,0,1,0.989818,0
260,39,36,32,109,1,36,0,110,1,2,0,0.16,0.0594319,0.972396,1.19403,0
261,26,26,5,111,1,26,0,110,3,2,0,0.16,0.0665827,0.974369,1.83645,0
262,15,15,3,110,1,15,0,110,0,0,0,0.16,0.0563771,0.973876,1.81246,0
263,21,21,4,108,1,21,0,110,2,0,0,0.16,0.0627314,0.973975,1.34195,0
264,34,34,32,110,1,34,0,110,0,0,0,0.16,0.0531642,0.974366,1.35206,0
265,22,22,10,109,1,22,0,110,1,2,0,0.16,0.0739603,0.9648,2.07313,0
266,18,18,4,111,1,18,0,110,1,2,0,0.16,0.0821046,0.963976,1.88941,0
267,10,10,7,109,1,10,0,110,1,1,0,0.16,0.0510899,0.975532,1.52458,0
268,24,24,11,106,1,24,0,110,4,0,0,0.16,0.0715864,0.975238,1.7258,0
269,63,36,48,110,1,36,0,110,0,1,0,0.16,0,1,1.50719,0
270,10,10,5,109,1,10,0,110,3,3,0,0.16,0.0856529,0.96458,2.01837,0
271,10,10,8,110,1,10,0,110,0,3,0,0.16,0.0467462,0.977109,1.55644,0
272,16,16,4,110,1,16,0,110,1,3,0,0.16,0.0634734,0.970422,4.31727,1
273,28,28,8,110,1,28,0,110,0,2,0,0.16,0.0610571,0.970975,1.60875,0
274,25,25,21,110,1,25,0,110,0,1,0,0.16,0.0605416,0.971654,1.27041,0
275,56,36,24,109,1,36,0,110,1,1,0,0.16,0,1,2.03597,0
276,17,17,15,110,1,17,0,110,3,4,0,0.16,0.0778987,0.969501,1.38497,0
277,14,14,5,109,1,14,0,110,3,6,0,0.16,0.0835051,0.963608,1.7716,0
278,20,20,12,108,1,20,0,110,2,2,0,0.16,0.0668559,0.969909,1.28403,0
279,47,36,9,110,1,36,0,110,0,1,0,0.16,0,1,1.63635,0
280,15,15,3,110,1,15,0,110,1,0,0,0.16,0.0544402,0.977797,1.6396,0
281,23,23,10,108,1,23,0,110,2,0,0,0.16,0.0596225,0.97704,1.40395,0
282,32,32,1,110,1,32,0,110,0,0,0,0.16,0.0523656,0.976016,1.64839,0
283,28,28,1,110,1,28,0,110,0,2,0,0.16,0.057835,0.972107,1.50359,0
284,17,17,8,110,1,17,0,110,2,2,0,0.16,0.0804615,0.964975,1.39531,0
285,9,9,8,111,1,9,0,110,0,2,0,0.162162,0.0899484,0.963839,2.27847,1
286,17,17,13,108,1,17,0,110,2,0,0,0.17061,0.0657905,0.968395,1.77514,0
287,18,18,15,110,1,18,0,110,1,1,0,0.16,0.0609342,0.973707,1.50708,0
288,25,25,17,108,1,25,0,110,2,0,0,0.16,0.067816,0.969659,1.2711,0
289,44,36,0,109,1,36,0,110,1,1,0,0.16,0,1,1.13314,0
290,15,15,8,106,1,15,0,110,1,3,0,0.16,0.0908781,0.957882,4.14171,1
291,14,14,9,108,1,14,0,110,2,0,0,0.16,0.0597192,0.975119,1.67676,0
292,9,9,7,111,1,9,0,110,1,3,0,0.16,0.0526992,0.978279,1.18406,0
293,15,15,2,110,1,15,0,110,1,0,0,0.16,0.0507632,0.9784,1.8244,0
294,41,36,22,109,1,36,0,110,1,1,0,0.16,0,1,1.24709,0
295,3,3,1,106,1,3,0,110,3,14,0,1,0.0805493,0.963155,5.0882,1
296,36,36,10,111,1,36,0,110,1,2,0,0.16,0.0611935,0.975505,1.77295,0
297,23,23,5,109,1,23,0,110,1,0,0,0.167431,0.0566994,0.97566,1.42686,0
298,19,19,12,108,1,19,0,110,2,0,0,0.16,0.0525462,0.970995,1.90458,0
299,13,13,2,109,1,13,0,110,3,3,0,0.16,0.0693853,0.971691,1.69358,0
300,10,10,0,111,1,10,0,110,2,2,0,0.16,0.0728932,0.96835,1.99674,0
301,43,36,6,111,1,36,0,110,1,1,0,0.16,0,1,1.36178,0
302,32,32,26,109,1,32,0,110,1,0,0,0.16,0.0626692,0.970659,1.3647,0
303,23,23,5,110,1,23,0,110,0,1,0,0.16,0.0629383,0.970175,1.67688,0
304,15,15,10,111,1,15,0,110,1,1,0,0.16,0.0469844,0.982177,2.01198,0
305,42,36,23,108,1,36,0,110,2,1,0,0.16,0,1,1.47248,0
306,17,17,5,108,1,17,0,110,2,0,0,0.16,0.0723777,0.966229,1.48637,0
307,47,36,24,110,1,36,0,110,0,1,0,0.16,0,1,2.42958,1
308,31,31,20,111,1,31,0,110,3,3,0,0.16,0.0853351,0.969533,1.54478,0
309,26,26,7,107,1,26,0,110,3,1,0,0.16,0.0816032,0.970556,1.77648,0
310,55,36,17,110,1,36,0,110,0,1,0,0.16,0,1,1.77023,0
311,29,29,15,110,1,29,0,110,0,1,0,0.16,0.0598366,0.971819,1.8628,0
312,69,36,44,110,1,36,0,110,0,1,0,0.16,0,1,1.41637,0
313,25,25,23,108,1,25,0,110,2,1,0,0.16,0.0747162,0.967999,1.56807,0
314,32,32,3,110,1,32,0,110,0,1,0,0.16,0.0554142,0.974037,1.39829,0
315,18,18,5,110,1,18,0,110,0,1,0,0.16,0.0541609,0.975214,1.45302,0
316,20,20,2,111,1,20,0,110,2,3,0,0.16,0.0812606,0.969145,1.48061,0
317,21,21,10,108,1,21,0,110,2,1,0,0.16,0.0649132,0.972439,1.50738,0
318,52,36,4,110,1,36,0,110,0,1,0,0.16,0,1,1.34911,0
319,25,25,2,110,1,25,0,110,1,2,0,0.16,0.0707337,0.966407,1.52965,0
320,38,36,37,110,1,36,0,110,0,1,0,0.16,0.0584339,0.971643,1.32799,0
321,20,20,16,110,1,20,0,110,0,2,0,0.16,0.0576558,0.973168,1.83787,0
322,15,15,14,110,1,15,0,110,0,1,0,0.16,0.0474479,0.977497,1.45789,0
323,18,18,2,110,1,18,0,110,2,0,0,0.16,0.066291,0.974206,1.41349,0
324,27,27,2,109,1,27,0,110,1,0,0,0.16,0.0616114,0.970303,1.44469,0
325,23,23,5,110,1,23,0,110,0,1,0,0.16,0.0600126,0.971552,1.47581,0
326,23,23,7,109,1,23,0,110,1,2,0,0.16,0.0697224,0.96752,1.39758,0
327,8,8,4,109,1,8,0,110,1,1,0,0.16,0.0703636,0.965993,1.56118,0
328,9,9,0,108,1,9,0,110,3,1,0,0.16,0.0741356,0.971543,1.55691,0
329,3,3,2,111,1,3,0,110,2,9,0,1,0.042042,0.98119,1.90049,0
330,44,36,10,110,1,36,0,110,0,1,0,0.16,0,1,1.36336,0
331,32,32,8,110,1,32,0,110,0,3,0,0.16,0.0547122,0.973894,1.59686,0
332,5,5,1,112,1,5,0,110,1,4,0,0.178571,0.106606,0.962155,3.36445,1
333,29,29,27,110,1,29,0,110,2,1,0,0.16,0.0666928,0.97135,1.96384,0
334,40,36,34,109,1,36,0,110,2,1,0,0.16,0,1,1.71149,0
335,23,23,16,110,1,23,0,110,0,1,0,0.16,0.0631478,0.96978,1.57754,0
336,15,15,7,110,1,15,0,110,0,0,0,0.16,0.0547078,0.972976,2.33948,1
337,11,11,8,109,1,11,0,110,1,0,0,0.16,0.0611775,0.970285,2.06815,0
338,19,19,13,108,1,19,0,110,2,2,0,0.16,0.0665019,0.970021,3.74119,1
339,50,36,14,110,1,36,0,110,0,1,0,0.16,0,1,2.02917,0
340,39,36,5,110,1,36,0,110,0,0,0,0.16,0.0545932,0.974029,1.87502,0
341,58,36,43,109,1,36,0,110,2,1,0,0.16,0,1,1.60141,0
342,8,8,1,110,1,8,0,110,5,5,0,0.2,0.105346,0.958959,1.6904,0
343,26,26,25,111,1,26,0,110,1,1,0,0.16,0.0681739,0.96971,1.26811,0
344,13,13,9,109,1,13,0,110,2,2,0,0.16,0.0755799,0.966077,3.86194,1
345,43,36,16,110,1,36,0,110,0,1,0,0.16,0,1,1.32651,0
346,33,33,26,110,1,33,0,110,0,0,0,0.16,0.0499005,0.976058,1.41106,0
347,11,11,6,111,1,11,0,110,1,2,0,0.16,0.0480621,0.977743,1.40759,0
348,22,22,4,109,1,22,0,110,1,1,0,0.16,0.0541925,0.974553,1.89216,0
349,14,14,10,111,1,14,0,110,1,3,0,0.162162,0.066726,0.970983,1.86341,0
350,25,25,20,110,1,25,0,110,2,2,0,0.16,0.0690967,0.970387,1.48413,0
351,9,9,4,112,1,9,0,110,2,4,0,0.1875,0.0749343,0.968105,1.67175,0
352,54,36,40,108,1,36,0,110,2,1,1,0.16,0,1,1.6308,0
353,20,20,10,110,1,20,0,110,1,0,0,0.16,0.0608943,0.974749,1.33983,0
354,16,16,2,111,1,16,0,110,1,2,0,0.16,0.0561318,0.977969,1.73066,0
355,41,36,2,109,1,36,0,110,1,1,0,0.16,0,1,1.37548,0
356,16,16,1,111,1,16,0,110,2,2,0,0.16,0.0750948,0.970123,1.74509,0
357,14,14,8,109,1,14,0,110,3,1,0,0.16,0.0760631,0.973063,0.931325,0
358,18,18,5,110,1,18,0,110,1,0,0,0.168182,0.0611479,0.974459,1.65409,0
359,5,5,1,109,1,5,0,110,1,4,0,0.16,0.0634151,0.969341,1.56923,0
360,47,36,4,110,1,36,0,110,0,1,0,0.16,0,1,1.57733,0
361,17,17,14,111,1,17,0,110,1,1,0,0.16,0.0686755,0.971092,1.9123,0
362,33,33,28,109,1,33,0,110,1,0,0,0.16,0.0529394,0.972933,1.09552,0
363,18,18,7,109,1,18,0,110,1,1,0,0.16,0.0540245,0.973212,1.78829,0
364,22,22,2,110,1,22,0,110,0,0,0,0.16,0.0496021,0.976017,1.76841,0
365,19,19,13,109,1,19,0,110,1,0,0,0.16,0.0707089,0.968375,1.83212,0
366,13,13,10,112,1,13,0,110,2,2,0,0.160714,0.0743334,0.970393,1.66536,0
367,14,14,11,111,1,14,0,110,1,3,0,0.171171,0.0688546,0.970346,1.59037,0
368,25,25,4,108,1,25,0,110,4,2,0,0.168469,0.0974816,0.966711,1.77049,0
369,18,18,11,110,1,18,0,110,0,1,0,0.16,0.0576534,0.972953,1.49689,0
370,15,15,14,111,1,15,0,110,3,2,0,0.16,0.070871,0.971418,1.27724,0
371,21,21,18,110,1,21,0,110,0,0,0,0.16,0.0526465,0.975951,1.64022,0
372,23,23,6,110,1,23,0,110,0,1,0,0.16,0.0448428,0.978633,1.48751,0
373,5,5,2,110,1,5,0,110,0,4,0,0.16,0.04,0.980474,1.48589,0
374,66,36,47,108,1,36,0,110,2,1,0,0.162135,0,1,3.34191,1
375,36,36,7,110,1,36,0,110,0,1,0,0.16,0.0495747,0.975918,1.35565,0
376,26,26,4,110,1,26,0,110,0,0,0,0.16,0.0529986,0.974484,1.62514,0
377,23,23,3,110,1,23,0,110,0,0,0,0.16,0.0541121,0.974698,1.12385,0
378,47,36,2,110,1,36,0,110,0,1,0,0.16,0,1,1.7344,0
379,25,25,5,110,1,25,0,110,0,2,0,0.16,0.0586601,0.971836,3.42082,1
380,15,14,5,112,1,14,0,110,2,4,1,0.16,0.0663265,0.972827,1.54433,0
381,15,15,0,109,1,15,0,110,3,0,0,0.16,0.0745124,0.969379,1.65991,0
382,26,26,2,110,1,26,0,110,1,1,0,0.16,0.0617879,0.973614,1.57856,0
383,25,25,3,110,1,25,0,110,0,0,0,0.16,0.0547506,0.97437,1.68567,0
384,22,21,12,110,1,21,0,110,1,1,1,0.16,0.0606581,0.972938,1.54233,0
385,15,15,4,111,1,15,0,110,1,1,0,0.16,0.0532889,0.978296,1.83626,0
386,83,36,3,110,1,36,0,110,0,1,0,0.16,0,1,1.28456,0
387,50,36,13,109,1,36,0,110,1,1,0,0.16,0,1,1.14038,0
388,24,24,2,106,1,24,0,110,4,2,0,0.16,0.0890992,0.964477,1.442,0
389,37,36,5,110,1,36,0,110,2,3,0,0.16,0.0761468,0.965609,1.60098,0
390,52,36,21,110,1,36,0,110,2,1,0,0.16,0,1,1.34249,0
391,1,1,0,107,1,1,0,110,6,0,0,1,0,0,4.43737,1
392,25,24,13,111,1,24,0,110,3,3,1,0.16,0.0887828,0.966065,1.7335,0
393,62,36,1,110,1,36,0,110,0,1,0,0.16,0,1,1.07203,0
394,11,11,1,112,1,11,0,110,2,5,0,0.178571,0.0957792,0.954922,4.44713,1
395,23,23,3,108,1,23,0,110,2,1,0,0.16,0.0734841,0.963816,4.67229,1
396,6,6,3,110,1,6,0,110,4,6,0,0.16,0.0800325,0.967895,1.72771,0
397,19,19,0,107,1,19,0,110,3,1,0,0.16,0.0749947,0.965338,1.56741,0
398,25,25,11,110,1,25,0,110,0,0,0,0.16,0.0522924,0.974734,1.40288,0
399,13,13,11,109,1,13,0,110,2,2,0,0.16,0.0577262,0.974152,1.61715,0
400,46,36,38,109,1,36,0,110,1,1,0,0.16,0,1,1.94146,0
401,18,18,10,110,1,18,0,110,0,1,0,0.16,0.0694817,0.966168,1.95484,0
402,54,36,36,110,1,36,0,110,0,1,0,0.16,0,1,1.89243,0
403,4,4,1,109,1,4,0,110,1,4,0,1,0.0771521,0.961691,4.30102,1
404,21,21,5,109,1,21,0,110,3,1,0,0.16,0.0781792,0.968994,1.61834,0
405,30,30,12,110,1,30,0,110,0,0,0,0.16,0.0555432,0.973513,1.44115,0
406,23,23,16,110,1,23,0,110,0,0,0,0.16,0.0528233,0.9747,1.9642,0
407,14,14,2,110,1,14,0,110,2,3,0,0.16,0.0561246,0.977184,1.41264,0
408,15,15,11,110,1,15,0,110,1,1,0,0.16,0.0584836,0.97237,1.08615,0
409,22,22,7,107,1,22,0,110,3,0,0,0.16,0.0570264,0.974291,1.82719,0
410,22,22,16,107,1,22,0,110,3,2,0,0.194325,0.0891513,0.960977,1.6011,0
411,11,11,10,111,1,11,0,110,1,1,0,0.16,0.0696023,0.972848,1.56672,0
412,21,21,8,111,1,21,0,110,3,4,0,0.16,0.0633416,0.975528,2.06215,0
413,10,10,9,112,1,10,0,110,3,6,0,0.160714,0.0741071,0.972626,1.52365,0
414,19,19,3,110,1,19,0,110,0,0,0,0.16,0.057959,0.972709,1.6922,0
415,18,18,4,111,1,18,0,110,1,1,0,0.16,0.0538804,0.976931,1.09018,0
416,30,30,9,110,1,30,0,110,0,0,0,0.16,0.0535711,0.973966,1.3341,0
417,16,16,5,111,1,16,0,110,1,2,0,0.16,0.05109,0.97769,1.61083,0
418,39,36,8,110,1,36,0,110,0,0,0,0.16,0.0527123,0.974282,1.59841,0
419,32,32,16,110,1,32,0,110,0,1,0,0.16,0.056284,0.97446,2.01312,0
420,14,14,11,110,1,14,0,110,1,1,0,0.16,0.0630963,0.972662,1.02111,0
421,23,23,15,110,1,23,0,110,0,0,0,0.16,0.0545194,0.974304,2.20472,1
422,30,30,9,110,1,30,0,110,0,0,0,0.16,0.0475853,0.977131,1.57084,0
423,12,12,0,109,1,12,0,110,2,2,0,0.16,0.0752734,0.963631,4.15991,1
424,26,26,15,110,1,26,0,110,0,0,0,0.16,0.0501326,0.976399,1.52316,0
425,7,7,4,110,1,7,0,110,5,5,0,0.16,0.0928908,0.964075,1.38402,0
426,12,12,3,110,1,12,0,110,1,0,0,0.16,0.0595706,0.974517,1.98748,0
427,13,13,5,111,1,13,0,110,2,1,0,0.16,0.0604333,0.980474,2.01705,0
428,16,16,6,109,1,16,0,110,1,0,0,0.16,0.0511099,0.976429,1.63562,0
429,19,19,12,110,1,19,0,110,0,2,0,0.16,0.0563905,0.972236,1.93282,0
430,23,23,7,110,1,23,0,110,0,0,0,0.16,0.0539563,0.974502,1.7393,0
431,15,15,0,111,1,15,0,110,3,2,0,0.16,0.0901566,0.963052,1.72801,0
432,45,36,13,110,1,36,0,110,0,1,0,0.16,0,1,1.76159,0
433,22,22,11,110,1,22,0,110,0,0,0,0.16,0.0570555,0.973756,1.49946,0
434,8,8,4,110,1,8,0,110,0,1,0,0.16,0.0519125,0.974786,1.61045,0
435,17,17,15,110,1,17,0,110,0,2,0,0.16,0.0595826,0.971097,2.08543,0
436,22,22,2,110,1,22,0,110,0,0,0,0.16,0.0423258,0.97972,1.5591,0
437,15,15,10,110,1,15,0,110,0,0,0,0.16,0.050394,0.976893,2.02599,0
438,32,32,0,110,1,32,0,110,0,0,0,0.16,0.0526239,0.975311,1.19692,0
439,46,36,26,107,1,36,0,110,3,1,0,0.16,0,1,1.68247,0
440,18,18,16,111,1,18,0,110,2,3,0,0.16,0.0881696,0.963977,4.73044,1
441,41,36,22,110,1,36,0,110,0,1,0,0.16,0,1,1.29936,0
442,19,19,12,110,1,19,0,110,0,0,0,0.16,0.0480873,0.977234,1.34464,0
443,12,12,1,109,1,12,0,110,2,2,0,0.16,0.0647376,0.969713,1.25423,0
444,10,10,1,109,1,10,0,110,3,2,0,0.16,0.0722978,0.96914,1.33827,0
445,9,9,2,108,1,9,0,110,4,4,0,0.16,0.0793962,0.962844,1.88224,0
446,43,36,31,109,1,36,0,110,1,1,1,0.16,0,1,1.7838,0
447,37,36,17,110,1,36,0,110,0,1,0,0.16,0.0542207,0.974406,1.67364,0
448,19,19,8,109,1,19,0,110,2,0,0,0.16,0.0589741,0.975106,1.10482,0
449,66,36,1,108,1,36,0,110,2,1,0,0.16,0,1,1.2514,0
450,7,7,2,109,1,7,0,110,2,5,0,0.16,0.0428291,0.977445,3.2774,1
451,29,29,22,109,1,29,0,110,1,0,0,0.16,0.0627963,0.970302,1.58347,0
452,51,36,5,110,1,36,0,110,1,1,0,0.16,0,1,1.73769,0
453,23,23,2,111,1,23,0,110,2,2,0,0.16,0.0761964,0.967517,1.17728,0
454,20,20,9,110,1,20,0,110,2,3,0,0.165111,0.0689629,0.96683,4.23635,1
455,16,16,0,108,1,16,0,110,3,2,0,0.165916,0.0801229,0.963833,1.83276,0
456,37,36,3,109,1,36,0,110,1,0,0,0.16,0.0600775,0.971128,1.61595,0
457,33,33,1,108,1,33,0,110,4,1,0,0.174174,0.0995057,0.963886,1.74856,0
458,22,22,17,109,1,22,0,110,1,1,0,0.16,0.0683782,0.970819,1.33222,0
459,21,21,8,111,1,21,0,110,1,4,0,0.16,0.0660805,0.97275,2.02643,0
460,43,36,29,109,1,36,0,110,1,1,1,0.16,0,1,1.64973,0
461,8,8,1,108,1,8,0,110,2,2,0,0.16,0.0622728,0.967987,1.41247,0
462,20,20,11,109,1,20,0,110,1,0,0,0.16,0.0536162,0.979086,1.52967,0
463,86,36,2,111,1,36,0,110,1,1,1,0.16,0,1,1.61029,0
464,10,10,1,111,1,10,0,110,2,2,0,0.16,0.0572909,0.976415,1.92848,0
465,23,23,17,110,1,23,0,110,0,0,0,0.16,0.0594208,0.970962,1.85214,0
466,16,16,7,111,1,16,0,110,1,3,0,0.16,0.0590618,0.971248,3.82909,1
467,30,30,27,110,1,30,0,110,0,0,0,0.16,0.0543943,0.97472,1.7136,0
468,12,12,5,109,1,12,0,110,2,3,0,0.16,0.083222,0.960967,4.06634,1
469,39,36,37,110,1,36,0,110,0,0,0,0.16,0.0545381,0.974154,1.36997,0
470,33,33,26,110,1,33,0,110,0,1,0,0.16,0.0685629,0.96742,1.21069,0
471,68,36,13,110,1,36,0,110,0,1,0,0.16,0,1,1.62109,0
472,17,17,16,110,1,17,0,110,0,0,0,0.16,0.0550309,0.974023,1.49023,0
473,32,32,25,109,1,32,0,110,1,2,0,0.16,0.0659299,0.96952,3.96303,1
474,26,26,1,110,1,26,0,110,0,1,0,0.16,0.0591003,0.971699,1.75712,0
475,34,34,23,110,1,34,0,110,0,0,0,0.16,0.0628898,0.969842,1.68322,0
476,32,32,24,109,1,32,0,110,5,4,0,0.16,0.0890341,0.970947,1.42249,0
477,20,20,15,108,1,20,0,110,2,0,0,0.16,0.0555736,0.974056,1.48298,0
478,19,19,5,110,1,19,0,110,0,0,0,0.16,0.0538363,0.975804,1.50117,0
479,60,36,0,110,1,36,0,110,0,1,0,0.16,0,1,0.984031,0
480,29,29,5,110,1,29,0,110,4,2,0,0.16,0.0725497,0.97681,2.0579,0
481,21,21,0,111,1,21,0,110,1,2,0,0.16,0.0618858,0.974032,1.51604,0
482,19,19,9,110,1,19,0,110,0,1,0,0.16,0.050936,0.97533,1.47533,0
483,10,10,8,108,1,10,0,110,2,3,0,0.16,0.0596296,0.968863,4.31195,1
484,17,17,9,109,1,17,0,110,1,2,0,0.16,0.0622702,0.972443,1.76273,0
485,10,10,0,108,1,10,0,110,2,2,0,0.191386,0.0661614,0.96794,1.89235,0
486,5,5,3,108,1,5,0,110,4,4,0,0.16,0.0986969,0.957092,1.93191,0
487,17,17,2,109,1,17,0,110,1,3,0,0.175623,0.071198,0.968953,1.47411,0
488,9,9,8,108,1,9,0,110,3,5,0,0.16,0.0838746,0.960285,1.72126,0
489,27,27,15,111,1,27,0,110,2,3,0,0.16,0.0612683,0.973991,1.44207,0
490,55,36,49,110,1,36,0,110,0,1,0,0.16,0,1,1.59319,0
491,13,13,3,109,1,13,0,110,1,1,0,0.16,0.0503558,0.974153,1.88395,0
492,14,14,11,111,1,14,0,110,2,2,0,0.16,0.0664972,0.975463,1.37455,0
493,27,27,11,110,1,27,0,110,0,4,0,0.16,0.0691147,0.969062,2.52256,1
494,18,18,5,109,1,18,0,110,1,2,0,0.16,0.0627922,0.969663,1.91721,0
495,10,10,0,111,1,10,0,110,1,2,0,0.16,0.0533629,0.979548,1.63667,0
496,65,36,45,110,1,36,0,110,2,1,0,0.16,0,1,1.76339,0
497,10,10,7,110,1,10,0,110,1,2,0,0.16,0.0548299,0.977562,1.95864,0
498,12,12,2,108,1,12,0,110,2,0,0,0.18412,0.077806,0.968671,1.67352,0
499,55,36,31,108,1,36,0,110,2,1,1,0.16,0,1,1.75526,0
500,19,19,12,111,1,19,0,110,1,1,0,0.16,0.0572605,0.974368,1.88177,0
501,46,36,39,110,1,36,0,110,0,1,0,0.16,0,1,1.64408,0
502,24,24,1,110,1,24,0,110,1,2,0,0.16,0.0659003,0.967833,4.05973,1
503,19,19,18,109,1,19,0,110,2,3,0,0.16,0.0764165,0.966692,1.29939,0
504,25,25,3,110,1,25,0,110,2,1,0,0.16,0.0620483,0.975094,1.87476,0
505,79,36,15,110,1,36,0,110,0,1,0,0.16,0,1,1.60467,0
506,84,36,17,110,1,36,0,110,0,1,0,0.16,0,1,1.53385,0
507,31,31,7,109,1,31,0,110,2,1,0,0.16,0.0501049,0.97369,4.09786,1
508,13,13,11,109,1,13,0,110,1,3,0,0.16,0.0680844,0.972393,1.41994,0
509,12,12,9,112,1,12,0,110,5,2,0,0.169643,0.103964,0.963113,1.91405,0
510,30,30,13,108,1,30,0,110,2,0,0,0.16,0.0633601,0.974714,1.44257,0
511,30,30,17,109,1,30,0,110,2,3,0,0.16,0.0752143,0.970074,1.4574,0
512,34,34,31,110,1,34,0,110,0,1,0,0.16,0.053626,0.975829,1.78036,0
513,10,10,0,107,1,10,0,110,3,1,0,0.16,0.0694526,0.969038,1.63348,0
514,18,18,16,111,1,18,0,110,1,1,0,0.16,0.0483177,0.977181,1.62702,0
515,27,27,6,112,1,27,0,110,2,2,0,0.16,0.0693485,0.973726,1.41852,0
516,8,8,5,110,1,8,0,110,1,2,0,0.16,0.0686534,0.969692,1.48256,0
517,5,5,1,110,1,5,0,110,2,3,0,0.172727,0.0793725,0.965098,5.23594,1
518,36,36,22,109,1,36,0,110,1,0,0,0.16,0.0618593,0.972903,1.70885,0
519,9,9,0,111,1,9,0,110,2,2,0,0.16,0.0688471,0.972307,1.88507,0
520,18,18,12,109,1,18,0,110,1,0,0,0.162162,0.0574186,0.974482,1.21579,0
521,37,36,14,108,1,36,0,110,2,0,0,0.16,0.0546203,0.974447,1.90668,0
522,9,9,2,110,1,9,0,110,0,1,0,0.16,0.0493502,0.976078,1.60474,0
523,18,18,5,110,1,18,0,110,0,0,0,0.16,0.0540907,0.973456,1.43716,0
524,14,14,8,110,1,14,0,110,3,4,0,0.16,0.0758031,0.968461,1.33363,0
525,32,32,18,109,1,32,0,110,1,1,0,0.16,0.0628832,0.973516,1.38552,0
526,30,30,22,110,1,30,0,110,0,0,0,0.16,0.0525076,0.976527,2.0192,0
527,9,9,0,111,1,9,0,110,1,4,0,0.16,0.0590591,0.973305,1.31432,0
528,7,7,4,108,1,7,0,110,2,5,0,0.16,0.0547759,0.97263,3.47138,1
529,32,32,22,111,1,32,0,110,1,2,0,0.16,0.06893,0.968384,1.55805,0
530,54,36,0,110,1,36,0,110,0,1,0,0.16,0,1,1.58502,0
531,79,36,34,109,1,36,0,110,1,1,0,0.16,0,1,1.32474,0
532,31,31,7,109,1,31,0,110,1,0,0,0.16,0.0669953,0.967356,1.44166,0
533,3,3,0,111,1,3,0,110,3,12,0,1,0.048048,0.979703,1.77644,0
534,74,36,23,110,1,36,0,110,0,1,0,0.16,0,1,1.59875,0
535,12,12,4,110,1,12,0,110,1,3,0,0.16,0.0719789,0.966597,1.5195,0
536,23,23,6,110,1,23,0,110,0,0,0,0.16,0.0391061,0.981975,1.2512,0
537,70,36,5,110,1,36,0,110,0,1,0,0.16,0,1,1.18738,0
538,33,33,23,109,1,33,0,110,1,1,0,0.16,0.0615664,0.972102,1.68993,0
539,45,36,3,110,1,36,0,110,0,1,0,0.16,0,1,1.07311,0
540,58,36,20,110,1,36,0,110,0,1,0,0.16,0,1,1.32345,0
541,13,13,8,108,1,13,0,110,2,3,0,0.16,0.071554,0.972856,1.72303,0
542,13,13,6,109,1,13,0,110,1,1,0,0.16,0.0464046,0.976254,1.87041,0
543,44,36,17,110,1,36,0,110,0,1,0,0.16,0,1,1.40322,0
544,20,20,1,109,1,20,0,110,1,0,0,0.16,0.0522058,0.974751,1.30382,0
545,20,20,11,109,1,20,0,110,1,1,0,0.16,0.0663278,0.968816,1.58722,0
546,29,29,23,110,1,29,0,110,2,1,0,0.16,0.0614798,0.976344,1.46251,0
547,54,36,6,110,1,36,0,110,0,1,0,0.168182,0,1,1.7101,0
548,15,15,10,110,1,15,0,110,3,2,0,0.172727,0.0853571,0.963019,1.66215,0
549,24,24,8,111,1,24,0,110,1,1,0,0.16,0.0599964,0.97522,1.23509,0
550,18,18,5,110,1,18,0,110,0,1,0,0.16,0.0533313,0.973958,1.64284,0
551,18,18,9,110,1,18,0,110,0,1,0,0.16,0.0609939,0.970441,1.336,0
552,17,17,2,111,1,17,0,110,1,3,0,0.16,0.067701,0.969773,1.44064,0
553,8,8,4,112,1,8,0,110,3,2,0,0.16,0.0669643,0.974671,1.8112,0
554,46,36,20,110,1,36,0,110,0,1,0,0.16,0,1,1.77384,0
555,28,28,25,109,1,28,0,110,4,1,0,0.16,0.0682734,0.96647,4.08775,1
556,21,21,7,109,1,21,0,110,1,0,0,0.16,0.0656233,0.970297,1.33654,0
557,19,19,3,110,1,19,0,110,0,2,0,0.16,0.0590489,0.971281,1.72862,0
558,12,12,7,107,1,12,0,110,4,3,0,0.16,0.0770108,0.965667,1.41649,0
559,37,36,21,110,1,36,0,110,0,0,0,0.16,0.0617216,0.970633,1.69852,0
560,15,15,3,110,1,15,0,110,0,0,0,0.16,0.0409374,0.980214,1.49472,0
561,12,12,0,110,1,12,0,110,2,2,0,0.16,0.0666879,0.97112,1.46449,0
562,48,36,37,109,1,36,0,110,1,1,0,0.16,0,1,1.39523,0
563,42,36,26,110,1,36,0,110,0,1,0,0.16,0,1,1.31118,0
564,53,36,34,109,1,36,0,110,1,1,0,0.16,0,1,1.8997,0
565,13,13,7,110,1,13,0,110,0,0,0,0.16,0.0530167,0.975079,1.7676,0
566,17,17,0,109,1,17,0,110,2,0,0,0.16,0.0672148,0.972715,1.24355,0
567,13,13,1,110,1,13,0,110,0,1,0,0.16,0.071789,0.969858,2.17527,1
568,4,4,3,107,1,4,0,110,4,4,0,1,0.0740804,0.957509,4.78002,1
569,20,20,6,109,1,20,0,110,1,0,0,0.16,0.0579394,0.973608,1.77317,0
570,19,19,13,109,1,19,0,110,1,0,0,0.16,0.0496133,0.979909,1.74722,0
571,27,27,22,107,1,27,0,110,4,1,0,0.16,0.0843446,0.9651,1.3472,0
572,36,36,1,111,1,36,0,110,2,2,0,0.16,0.0700733,0.973763,1.96742,0
573,8,8,6,110,1,8,0,110,0,1,0,0.16,0.0561045,0.973082,1.51946,0
574,54,36,47,111,1,36,0,110,1,1,0,0.16,0,1,1.80142,0
575,42,36,3,110,1,36,0,110,0,1,0,0.16,0,1,1.76272,0
576,43,36,41,109,1,36,0,110,1,1,0,0.16,0,1,1.30893,0
577,9,9,7,110,1,9,0,110,0,1,0,0.16,0.0575495,0.974064,1.49711,0
578,11,11,1,110,1,11,0,110,2,1,0,0.16,0.0490591,0.980421,1.65072,0
579,18,18,5,109,1,18,0,110,1,1,0,0.16,0.0533875,0.976256,1.54819,0
580,23,23,7,110,1,23,0,110,0,2,0,0.16,0.0628571,0.970766,1.59396,0
581,45,36,16,109,1,36,0,110,1,1,0,0.16,0,1,1.70186,0
582,39,36,14,109,1,36,0,110,1,0,0,0.16,0.0587108,0.971763,1.42056,0
583,60,36,34,109,1,36,0,110,1,1,1,0.16,0,1,1.44851,0
584,28,28,1,107,1,28,0,110,2,0,0,0.16,0.0678728,0.966842,3.78182,1
585,15,15,13,110,1,15,0,110,0,2,0,0.16737,0.059881,0.971166,1.763,0
586,17,17,10,109,1,17,0,110,1,0,0,0.16,0.0473353,0.979694,1.55781,0
587,17,17,9,111,1,17,0,110,2,3,0,0.16,0.0670835,0.969244,1.09479,0
588,34,34,16,110,1,34,0,110,0,1,0,0.16,0.0525591,0.975961,1.92756,0
589,28,28,12,109,1,28,0,110,3,3,0,0.16,0.0792499,0.967122,1.46676,0
590,28,28,15,110,1,28,0,110,2,1,0,0.16,0.0640899,0.972266,1.83443,0
591,33,33,3,110,1,33,0,110,0,0,0,0.16,0.0451362,0.978523,1.77653,0
592,18,18,3,110,1,18,0,110,1,0,0,0.16,0.0592048,0.974963,1.88703,0
593,9,9,1,109,1,9,0,110,1,0,0,0.16,0.0460746,0.980423,1.53214,0
594,23,23,11,110,1,23,0,110,4,2,0,0.16,0.0787065,0.973123,1.37361,0
595,18,18,17,109,1,18,0,110,2,0,0,0.190346,0.0806315,0.967125,1.5064,0
596,61,36,21,110,1,36,0,110,0,1,0,0.16,0,1,1.50823,0
597,12,12,6,110,1,12,0,110,0,1,0,0.170025,0.0551734,0.973006,1.61624,0
598,55,36,1,110,1,36,0,110,0,1,0,0.16,0,1,1.21227,0
599,45,36,44,108,1,36,0,110,2,1,0,0.16,0,1,2.01795,0
600,15,15,13,111,1,15,0,110,1,3,0,0.16,0.0663446,0.969031,1.184,0
601,35,35,17,108,1,35,0,110,2,1,0,0.16,0.0708515,0.972006,1.36828,0
602,17,17,5,110,1,17,0,110,0,0,0,0.16,0.0452289,0.978814,1.96941,0
603,13,13,11,110,1,13,0,110,0,3,0,0.16,0.0510115,0.974735,1.80422,0
604,10,10,8,110,1,10,0,110,0,1,0,0.16,0.0574554,0.972587,1.83497,0
605,32,32,2,109,1,32,0,110,1,0,0,0.16,0.0628486,0.972799,1.48011,0
606,17,17,9,110,1,17,0,110,2,2,0,0.16,0.0679144,0.972961,1.65508,0
607,21,21,5,108,1,21,0,110,4,3,0,0.16,0.0814558,0.970247,1.3342,0
608,3,3,0,107,1,3,0,110,4,13,0,1,0.0750123,0.96813,4.75507,1
609,37,36,19,109,1,36,0,110,1,1,0,0.16,0.0588523,0.97468,1.44465,0
610,24,24,23,108,1,24,0,110,2,0,0,0.16,0.0626871,0.975882,1.37728,0
611,16,16,10,110,1,16,0,110,1,0,0,0.16,0.0660173,0.970419,2.06644,0
612,26,26,14,110,1,26,0,110,2,4,0,0.16,0.0656774,0.973616,1.70859,0
613,12,12,11,109,1,12,0,110,1,0,0,0.16,0.0499933,0.978081,1.35151,0
614,17,17,5,110,1,17,0,110,0,1,0,0.16,0.0533508,0.974555,2.03393,0
615,58,36,48,110,1,36,0,110,0,1,0,0.16,0,1,1.55761,0
616,56,36,27,110,1,36,0,110,0,1,0,0.16,0,1,1.22587,0
617,32,32,19,107,1,32,0,110,4,1,0,0.16,0.0892629,0.972294,1.36735,0
618,23,23,7,110,1,23,0,110,0,0,0,0.16,0.0487986,0.977257,1.83836,0
619,11,11,1,110,1,11,0,110,2,2,0,0.16,0.0520661,0.975492,3.80326,1
620,7,6,1,109,1,6,0,110,2,7,1,0.16,0.0824159,0.962282,4.77379,1
621,59,36,25,108,1,36,0,110,3,1,0,0.16,0,1,1.50601,0
622,11,11,0,111,1,11,0,110,1,2,0,0.16,0.0620983,0.973259,1.70772,0
623,60,36,22,110,1,36,0,110,0,1,0,0.16,0,1,2.06618,0
624,30,30,16,113,1,30,0,110,0,4,0,0.16,0.0707452,0.972891,2.13255,1
625,2,2,1,111,1,2,0,110,5,7,0,1,0.0530973,0.976276,4.82565,1
626,11,11,9,110,1,11,0,110,0,1,0,0.16,0.0551574,0.97261,1.4315,0
627,21,21,5,108,1,21,0,110,0,0,0,0.16,0.0534065,0.971779,2.17938,1
628,32,32,16,109,1,32,0,110,1,0,0,0.16,0.059089,0.974084,1.5546,0
629,50,36,36,109,1,36,0,110,1,1,0,0.16,0,1,1.59463,0
630,36,36,14,110,1,36,0,110,0,1,0,0.16,0.0612642,0.971012,1.48687,0
631,26,26,3,109,1,26,0,110,1,0,0,0.16,0.0588156,0.970389,1.53006,0
632,25,25,10,110,1,25,0,110,1,0,0,0.16,0.0539303,0.977264,1.76963,0
633,28,28,10,110,1,28,0,110,0,1,0,0.16,0.0511244,0.974692,1.76142,0
634,24,24,20,109,1,24,0,110,1,0,0,0.16,0.0600673,0.970775,1.47556,0
635,48,36,4,110,1,36,0,110,2,1,0,0.16,0,1,1.83192,0
636,22,22,7,112,1,22,0,110,2,2,0,0.16,0.0773667,0.968361,1.79355,0
637,10,10,4,110,1,10,0,110,5,2,0,0.16,0.0810372,0.967155,1.89029,0
638,32,32,10,110,1,32,0,110,0,0,0,0.16,0.0502562,0.976017,1.76641,0
639,19,19,11,109,1,19,0,110,1,0,0,0.16,0.0640545,0.971254,1.53909,0
640,83,36,25,110,1,36,0,110,0,1,0,0.16,0,1,1.38035,0
641,17,17,15,110,1,17,0,110,1,2,0,0.16,0.0659978,0.971097,1.8378,0
642,16,16,15,109,1,16,0,110,1,1,0,0.16,0.066518,0.971577,1.34079,0
643,26,25,21,109,1,25,0,110,1,0,1,0.16,0.0668033,0.969388,1.31636,0
644,7,7,4,109,1,7,0,110,4,8,0,0.193912,0.0795329,0.965055,4.30651,1
645,16,16,5,110,1,16,0,110,0,1,0,0.168517,0.0577733,0.972681,1.59684,0
646,15,15,11,109,1,15,0,110,2,1,0,0.16,0.0606536,0.973946,1.61062,0
647,38,36,25,110,1,36,0,110,0,0,0,0.16,0.0673046,0.967242,1.18659,0
648,29,29,23,110,1,29,0,110,0,0,0,0.16,0.0524606,0.975096,1.81277,0
649,25,25,3,110,1,25,0,110,0,0,0,0.16,0.0493787,0.976358,1.17214,0
650,37,36,34,110,1,36,0,110,0,0,0,0.16,0.0452812,0.979309,1.18148,0
651,44,36,6,109,1,36,0,110,1,1,0,0.16,0,1,1.45586,0
652,24,24,17,110,1,24,0,110,0,0,0,0.16,0.0491906,0.976694,1.44462,0
653,24,24,2,110,1,24,0,110,0,0,0,0.16,0.0583803,0.973114,1.64586,0
654,15,15,6,109,1,15,0,110,1,0,0,0.16,0.0554018,0.97577,2.12963,0
655,25,25,4,109,1,25,0,110,1,0,0,0.16,0.0605146,0.974136,1.25982,0
656,9,9,7,108,1,9,0,110,2,2,0,0.16,0.0724374,0.963867,1.78778,0
657,35,35,9,110,1,35,0,110,0,1,0,0.16,0.0554338,0.974321,1.61503,0
658,19,19,4,110,1,19,0,110,2,1,0,0.16,0.0636658,0.973898,1.77577,0
659,43,36,39,109,1,36,0,110,1,1,0,0.16,0,1,1.80281,0
660,3,3,1,110,1,3,0,110,0,11,0,1,0.0363636,0.981032,1.84443,0
661,126,36,14,110,1,36,0,110,0,1,0,0.16,0,1,1.3514,0
662,14,14,10,111,1,14,0,110,1,2,0,0.16,0.0662806,0.971303,1.82382,0
663,35,35,31,111,1,35,0,110,1,3,0,0.16,0.0700803,0.970836,2.02067,0
664,39,36,36,110,1,36,0,110,0,0,0,0.16,0.0491928,0.97692,1.90524,0
665,14,14,6,107,1,14,0,110,5,2,0,0.16,0.0861865,0.962932,1.66953,0
666,58,36,52,109,1,36,0,110,1,1,0,0.16,0,1,2.10272,0
667,37,36,15,110,1,36,0,110,0,0,0,0.16,0.0545997,0.97516,1.73452,0
668,38,36,14,108,1,36,0,110,2,0,0,0.16,0.0546362,0.972912,1.88404,0
669,15,15,2,110,1,15,0,110,0,1,0,0.16,0.0544366,0.974784,1.85587,0
670,53,36,8,109,1,36,0,110,1,1,0,0.16,0,1,1.44309,0
671,29,29,14,109,1,29,0,110,1,1,0,0.16,0.0560248,0.969674,1.86154,0
672,17,17,0,110,1,17,0,110,0,5,0,0.16,0.0665159,0.967105,1.19435,0
673,87,36,7,110,1,36,0,110,0,1,0,0.16,0,1,1.6064,0
674,9,9,6,109,1,9,0,110,1,3,0,0.16,0.0651724,0.97028,3.47389,1
675,14,14,10,109,1,14,0,110,3,2,0,0.170976,0.0800269,0.970453,1.75464,0
676,14,14,12,110,1,14,0,110,1,1,0,0.16,0.0622434,0.972658,1.61131,0
677,26,26,19,108,1,26,0,110,3,2,0,0.16,0.0719711,0.965686,1.37972,0
678,15,15,8,111,1,15,0,110,2,3,0,0.16,0.07668,0.970823,2.00792,0
679,48,36,18,110,1,36,0,110,0,1,0,0.16,0,1,1.3863,0
680,17,17,3,110,1,17,0,110,2,2,0,0.16,0.0746777,0.968436,1.26356,0
681,12,12,10,112,1,12,0,110,2,4,0,0.16,0.0739833,0.966079,1.86412,0
682,12,12,8,111,1,12,0,110,2,4,0,0.16,0.0763501,0.966152,4.12286,1
683,20,20,18,110,1,20,0,110,0,1,0,0.16,0.0533493,0.9743,1.38538,0
684,23,23,19,109,1,23,0,110,1,0,0,0.16,0.0597057,0.969703,1.54232,0
685,20,20,11,109,1,20,0,110,1,1,0,0.16,0.0510562,0.976806,1.73181,0
686,11,11,9,109,1,11,0,110,1,1,0,0.16,0.0542036,0.978169,1.81464,0
687,86,36,2,109,1,36,0,110,1,1,0,0.16,0,1,1.46763,0
688,41,36,39,109,1,36,0,110,2,1,0,0.16,0,1,1.20248,0
689,11,11,10,109,1,11,0,110,3,1,0,0.16,0.0756994,0.967381,1.67235,0
690,50,36,43,110,1,36,0,110,1,1,0,0.16,0,1,1.99601,0
691,13,13,2,110,1,13,0,110,0,2,0,0.16,0.0510112,0.974391,1.57396,0
692,9,9,5,111,1,9,0,110,1,2,0,0.16,0.0589161,0.974794,1.46194,0
693,16,16,10,109,1,16,0,110,1,1,0,0.180817,0.0664569,0.971003,1.67988,0
694,14,14,6,108,1,14,0,110,2,2,0,0.16,0.0627848,0.969854,1.57507,0
695,13,13,2,110,1,13,0,110,3,1,0,0.16,0.0770876,0.971601,1.68233,0
696,13,13,3,110,1,13,0,110,1,0,0,0.16,0.0581055,0.975428,1.16956,0
697,27,27,12,110,1,27,0,110,0,3,0,0.16,0.0689105,0.967552,1.92206,0
698,11,11,9,110,1,11,0,110,2,1,0,0.16,0.0635842,0.971375,1.50931,0
699,32,32,18,113,1,32,0,110,3,5,0,0.160689,0.0776665,0.972243,1.25553,0
700,30,30,27,110,1,30,0,110,2,1,0,0.16,0.0651552,0.972757,1.77301,0
701,13,13,9,107,1,13,0,110,4,4,0,0.16,0.095668,0.96044,1.50531,0
702,48,36,47,110,1,36,0,110,0,1,0,0.16,0,1,1.67118,0
703,68,36,42,110,1,36,0,110,0,1,0,0.16,0,1,1.26275,0
704,47,36,6,110,1,36,0,110,0,1,0,0.16,0,1,1.35481,0
705,14,14,0,113,1,14,0,110,3,7,0,0.16,0.084582,0.967087,1.91394,0
706,22,22,11,108,1,22,0,110,2,2,0,0.166667,0.0826238,0.965524,1.27677,0
707,32,32,0,110,1,32,0,110,2,1,0,0.16,0.0597736,0.971493,3.37098,1
708,20,20,19,109,1,20,0,110,1,0,0,0.16,0.0573957,0.974519,1.64597,0
709,18,18,3,110,1,18,0,110,0,0,0,0.16,0.0562797,0.972952,1.42813,0
710,15,15,4,110,1,15,0,110,0,0,0,0.16,0.0435654,0.979007,1.1802,0
711,15,15,9,109,1,15,0,110,1,1,0,0.16,0.0600505,0.973033,1.5353,0
712,15,15,7,108,1,15,0,110,2,0,0,0.16,0.071125,0.969098,1.35271,0
713,20,20,17,110,1,20,0,110,1,3,0,0.16,0.0648489,0.970001,1.92628,0
714,21,21,1,110,1,21,0,110,0,2,0,0.16,0.0558438,0.974013,1.37015,0
715,47,36,2,110,1,36,0,110,0,1,0,0.16,0,1,1.56577,0
716,71,36,31,110,1,36,0,110,1,1,1,0.16,0,1,1.76154,0
717,92,36,2,110,1,36,0,110,0,1,0,0.16,0,1,1.41616,0
718,6,6,4,110,1,6,0,110,2,8,0,0.16,0.0587131,0.974679,3.35347,1
719,90,36,84,110,1,36,0,110,0,1,0,0.16,0,1,1.48937,0
720,13,13,1,108,1,13,0,110,2,2,0,0.16,0.058322,0.969664,1.48603,0
721,8,8,7,107,1,8,0,110,0,3,0,0.16,0.0686637,0.967113,2.28161,1
722,81,36,38,108,1,36,0,110,3,1,0,0.16,0,1,1.63611,0
723,21,21,13,110,1,21,0,110,1,1,0,0.16,0.0599978,0.973797,1.17958,0
724,6,6,2,110,1,6,0,110,2,7,0,0.16,0.0814382,0.963374,4.5547,1
725,8,8,7,111,1,8,0,110,4,3,0,0.218147,0.0922619,0.964367,1.70222,0
726,15,15,13,109,1,15,0,110,0,1,0,0.165138,0.0655216,0.967255,2.31523,1
727,13,13,5,110,1,13,0,110,0,0,0,0.16,0.042202,0.980994,1.49888,0
728,18,18,0,110,1,18,0,110,0,0,0,0.16,0.0500609,0.976721,1.34009,0
729,17,17,5,110,1,17,0,110,0,1,0,0.16,0.0520072,0.974556,1.26922,0
730,18,18,3,109,1,18,0,110,1,5,0,0.16,0.0724422,0.966875,4.51041,1
731,56,36,0,110,1,36,0,110,0,1,0,0.16,0,1,1.61761,0
732,7,7,5,111,1,7,0,110,4,8,0,0.16,0.0900901,0.965031,1.99652,0
733,12,12,4,108,1,12,0,110,2,0,0,0.16,0.0655385,0.972898,1.77633,0
734,17,17,3,111,1,17,0,110,3,5,0,0.16,0.0865568,0.963968,1.79083,0
735,11,11,10,109,1,11,0,110,1,1,0,0.16,0.0680336,0.968625,1.25405,0
736,11,11,9,107,1,11,0,110,0,1,0,0.16,0.0652387,0.971428,2.33612,1
737,28,28,8,109,1,28,0,110,1,2,0,0.16,0.0521399,0.974137,2.05528,0
738,25,25,0,110,1,25,0,110,0,0,0,0.16,0.0468464,0.97817,1.55852,0
739,13,13,8,110,1,13,0,110,0,0,0,0.16,0.0425376,0.979259,1.64527,0
740,37,36,18,111,1,36,0,110,1,1,0,0.16,0.0537349,0.976381,1.72396,0
741,18,18,11,109,1,18,0,110,1,1,0,0.16,0.0603349,0.969157,1.53935,0
742,55,36,44,110,1,36,0,110,0,1,0,0.16,0,1,1.50789,0
743,65,36,16,110,1,36,0,110,0,1,0,0.16,0,1,1.44555,0
744,11,11,3,109,1,11,0,110,3,3,0,0.16,0.0819233,0.965721,1.62828,0
745,11,11,4,110,1,11,0,110,2,1,0,0.16,0.060059,0.976723,1.22626,0
746,36,36,6,109,1,36,0,110,1,0,0,0.16,0.0652969,0.967196,1.40929,0
747,18,18,15,110,1,18,0,110,1,0,0,0.16,0.0619913,0.973957,1.30206,0
748,18,18,11,109,1,18,0,110,2,0,0,0.16,0.0738433,0.966873,1.64086,0
749,40,36,0,109,1,36,0,110,1,1,0,0.16,0,1,1.36662,0
750,31,31,7,110,1,31,0,110,0,1,0,0.16,0.0593941,0.971595,1.62784,0
751,27,27,7,108,1,27,0,110,2,1,0,0.16,0.0740762,0.968493,1.71216,0
752,14,14,1,110,1,14,0,110,0,3,0,0.16,0.0482952,0.977832,1.10377,0
753,12,12,3,110,1,12,0,110,0,1,0,0.16,0.0588197,0.97527,2.32072,1
754,24,24,0,107,1,24,0,110,3,0,0,0.164267,0.0675742,0.969072,1.87394,0
755,26,26,14,109,1,26,0,110,1,1,0,0.16,0.062037,0.971441,1.54131,0
756,32,32,9,108,1,32,0,110,2,1,0,0.16,0.0765709,0.969092,1.20009,0
757,22,22,2,110,1,22,0,110,0,1,0,0.16,0.0393574,0.980953,1.4604,0
758,19,19,13,109,1,19,0,110,2,2,0,0.16,0.07456,0.967173,1.42429,0
759,48,36,1,110,1,36,0,110,0,1,0,0.16,0,1,1.39927,0
760,34,34,12,110,1,34,0,110,3,1,0,0.16,0.0675939,0.973966,1.16703,0
761,59,36,13,109,1,36,0,110,1,1,0,0.16,0,1,1.584,0
762,24,24,22,108,1,24,0,110,2,3,0,0.16,0.0795908,0.966091,1.98315,0
763,35,35,27,110,1,35,0,110,0,2,0,0.16,0.0470263,0.978716,1.42789,0
764,6,6,5,110,1,6,0,110,3,3,0,0.16,0.0662596,0.971661,4.33783,1
765,42,36,23,110,1,36,0,110,4,1,0,0.16,0,1,1.96272,0
766,7,7,5,111,1,7,0,110,1,10,0,0.16,0.080057,0.962476,4.35841,1
767,23,23,3,109,1,23,0,110,2,0,0,0.16,0.064596,0.972285,1.49141,0
768,31,31,10,110,1,31,0,110,0,0,0,0.16,0.0474227,0.977431,1.53989,0
769,15,15,7,110,1,15,0,110,0,0,0,0.16,0.0461563,0.978703,1.55145,0
770,18,18,12,109,1,18,0,110,1,0,0,0.16,0.0517947,0.976253,1.21024,0
771,34,34,12,109,1,34,0,110,1,0,0,0.16,0.0516369,0.976012,1.67534,0
772,39,36,31,109,1,36,0,110,1,1,0,0.16,0.0623491,0.970368,1.47029,0
773,13,13,8,110,1,13,0,110,0,2,0,0.16,0.0429737,0.979603,1.34083,0
774,24,24,6,109,1,24,0,110,1,0,0,0.16,0.069054,0.967541,1.70776,0
775,15,15,12,108,1,15,0,110,2,1,0,0.16,0.064015,0.971554,1.75587,0
776,14,14,8,109,1,14,0,110,3,2,0,0.16,0.0866002,0.963932,1.78899,0
777,15,15,12,110,1,15,0,110,1,3,0,0.16,0.0695168,0.969658,4.60509,1
778,7,7,5,113,1,7,0,110,4,10,0,0.185841,0.0969714,0.967527,1.86359,0
779,41,36,5,108,1,36,0,110,2,1,0,0.16,0,1,1.84686,0
780,16,16,0,110,1,16,0,110,0,0,0,0.16,0.050289,0.97551,1.77633,0
781,18,18,6,107,1,18,0,110,3,1,0,0.16,0.0658682,0.969616,1.27602,0
782,60,36,1,110,1,36,0,110,0,1,0,0.16,0,1,2.19757,1
783,13,13,3,110,1,13,0,110,0,1,0,0.16,0.0559912,0.97334,1.60668,0
784,21,21,11,110,1,21,0,110,0,0,0,0.16,0.0520778,0.975093,1.56732,0
785,9,9,5,110,1,9,0,110,0,1,0,0.16,0.0309942,0.984621,1.66224,0
786,19,19,12,112,1,19,0,110,2,2,0,0.16,0.077767,0.971318,1.32429,0
787,15,15,4,111,1,15,0,110,1,1,0,0.16,0.062928,0.97321,1.56944,0
788,24,24,23,112,1,24,0,110,2,2,0,0.160714,0.0646403,0.976181,1.36313,0
789,34,34,12,110,1,34,0,110,0,1,0,0.16,0.0591326,0.972104,2.01671,0
790,20,20,1,110,1,20,0,110,0,0,0,0.16,0.040626,0.980179,1.94899,0
791,56,36,5,110,1,36,0,110,0,1,0,0.16,0,1,1.58499,0
792,48,36,8,110,1,36,0,110,0,1,0,0.16,0,1,1.54654,0
793,14,14,13,109,1,14,0,110,1,2,0,0.16,0.0566021,0.972087,1.61518,0
794,25,25,1,110,1,25,0,110,0,0,0,0.16,0.0509549,0.975091,1.44314,0
795,70,36,52,110,1,36,0,110,0,1,0,0.16,0,1,1.89098,0
796,39,36,16,110,1,36,0,110,0,1,0,0.16,0.0489582,0.976291,1.82021,0
797,23,23,21,111,1,23,0,110,1,1,0,0.16,0.0640055,0.97395,1.39918,0
798,20,20,9,108,1,20,0,110,3,0,0,0.16,0.0816714,0.967836,1.27005,0
799,32,32,19,110,1,32,0,110,0,0,0,0.16,0.0544057,0.973048,1.43512,0
800,20,19,5,111,1,19,0,110,3,2,1,0.16,0.0818413,0.966109,1.40083,0
801,36,36,35,109,1,36,0,110,1,0,0,0.16,0.0625137,0.972395,1.7166,0
802,38,36,18,107,1,36,0,110,5,2,1,0.16,0.0927251,0.971756,1.5373,0
803,19,19,7,110,1,19,0,110,0,0,0,0.16,0.0451085,0.9789,1.97541,0
804,5,5,1,110,1,5,0,110,0,5,0,0.16,0.0618182,0.968719,3.64405,1
805,11,11,5,108,1,11,0,110,2,2,0,0.171171,0.0848504,0.961221,1.87832,0
806,15,15,11,109,1,15,0,110,1,2,0,0.16,0.0620348,0.971513,1.60004,0
807,21,21,8,110,1,21,0,110,1,5,0,0.163636,0.0900973,0.963888,3.36294,1
808,22,22,5,110,1,22,0,110,0,0,0,0.16,0.0407349,0.980131,1.47931,0
809,20,20,16,110,1,20,0,110,0,1,0,0.16,0.0465876,0.977465,1.47486,0
810,7,7,4,110,1,7,0,110,3,3,0,0.16,0.0659235,0.973122,1.76929,0
811,19,19,9,109,1,19,0,110,1,1,0,0.16,0.063808,0.970538,1.73845,0
812,6,6,0,110,1,6,0,110,2,2,0,0.209493,0.0625488,0.974674,1.60481,0
813,28,28,12,109,1,28,0,110,1,2,0,0.16,0.0754713,0.965654,1.84701,0
814,64,36,42,110,1,36,0,110,0,1,0,0.16,0,1,1.19681,0
815,18,18,0,111,1,18,0,110,1,1,0,0.16,0.0482922,0.978923,1.58115,0
816,27,27,22,110,1,27,0,110,0,0,0,0.16,0.0465339,0.978279,1.26929,0
817,5,5,1,109,1,5,0,110,1,2,0,0.192661,0.0623186,0.969346,1.8763,0
818,21,21,7,111,1,21,0,110,1,2,0,0.16,0.0572655,0.974886,1.27078,0
819,15,15,0,108,1,15,0,110,2,1,0,0.16,0.0688156,0.968486,1.09309,0
820,5,5,3,110,1,5,0,110,4,4,0,0.16,0.0560714,0.975041,4.49996,1
821,22,22,9,110,1,22,0,110,0,0,0,0.16,0.0476118,0.977663,1.56592,0
822,72,36,10,110,1,36,0,110,0,1,0,0.16,0,1,1.33608,0
823,17,17,8,109,1,17,0,110,2,1,0,0.16,0.0694384,0.972712,1.62526,0
824,17,17,5,110,1,17,0,110,1,1,0,0.16,0.0622738,0.97349,1.47071,0
825,14,14,5,108,1,14,0,110,2,1,0,0.16,0.0658801,0.973805,1.45438,0
826,58,36,30,110,1,36,0,110,2,1,0,0.16,0,1,1.27979,0
827,22,22,19,109,1,22,0,110,1,1,0,0.16,0.0682958,0.968327,1.3371,0
828,48,36,22,110,1,36,0,110,1,1,0,0.16,0,1,1.63809,0
829,34,34,29,110,1,34,0,110,0,0,0,0.16,0.0596937,0.971702,1.44968,0
830,12,12,6,110,1,12,0,110,0,1,0,0.16,0.0385358,0.981301,1.88917,0
831,80,36,9,110,1,36,0,110,0,1,0,0.16,0,1,1.53082,0
832,36,36,34,109,1,36,0,110,1,1,0,0.16,0.0708003,0.969226,1.94374,0
833,16,16,12,111,1,16,0,110,1,1,0,0.16,0.0545819,0.97657,1.51058,0
834,9,9,4,111,1,9,0,110,3,4,0,0.16,0.0730731,0.971808,1.90118,0
835,62,36,11,108,1,36,0,110,2,1,0,0.16,0,1,4.68473,1
836,19,19,4,109,1,19,0,110,1,1,0,0.16,0.0704905,0.968373,1.68407,0
837,72,36,61,109,1,36,0,110,1,1,0,0.16,0,1,1.92347,0
838,14,14,8,110,1,14,0,110,1,2,0,0.174507,0.0693201,0.969103,1.42152,0
839,10,10,7,110,1,10,0,110,0,3,0,0.170025,0.0587689,0.972132,1.53068,0
840,11,11,7,107,1,11,0,110,3,0,0,0.16,0.0759275,0.969313,1.41917,0
841,47,36,23,110,1,36,0,110,0,1,0,0.16,0,1,1.45863,0
842,16,16,8,110,1,16,0,110,1,1,0,0.16,0.0668375,0.969855,1.09255,0
843,35,35,30,110,1,35,0,110,0,2,0,0.16,0.0537973,0.974191,1.49953,0
844,11,11,0,110,1,11,0,110,0,0,0,0.16,0.0511205,0.975903,1.28365,0
845,18,18,0,111,1,18,0,110,1,2,0,0.16,0.0618586,0.970455,1.80138,0
846,11,11,4,109,1,11,0,110,0,0,0,0.174312,0.0689152,0.966133,2.68795,1
847,12,12,6,108,1,12,0,110,2,2,0,0.16,0.0674289,0.967517,1.81036,0
848,35,35,3,110,1,35,0,110,0,0,0,0.16,0.0496958,0.976132,1.3207,0
849,9,9,6,110,1,9,0,110,0,1,0,0.164619,0.0562893,0.971554,1.51267,0
850,9,9,6,110,1,9,0,110,0,3,0,0.16,0.054328,0.973061,1.75546,0
851,53,36,31,109,1,36,0,110,0,1,0,0.16,0,1,2.47604,1
852,48,36,3,110,1,36,0,110,1,1,0,0.16,0,1,1.75509,0
853,55,36,5,110,1,36,0,110,0,1,0,0.16,0,1,1.51943,0
854,11,11,8,110,1,11,0,110,0,1,0,0.162162,0.0583822,0.973018,1.43347,0
855,27,27,13,110,1,27,0,110,0,1,0,0.16,0.0531049,0.974591,1.65005,0
856,10,10,0,108,1,10,0,110,2,0,0,0.16,0.0516774,0.97715,1.92138,0
857,25,25,22,109,1,25,0,110,1,0,0,0.16,0.0507699,0.97724,1.48467,0
858,19,19,13,110,1,19,0,110,2,1,0,0.16,0.0647742,0.970805,1.48178,0
859,9,9,8,110,1,9,0,110,0,1,0,0.163636,0.0602879,0.971553,1.26125,0
860,22,22,13,108,1,22,0,110,4,2,0,0.16,0.0847909,0.971597,1.87502,0
861,41,36,29,110,1,36,0,110,0,1,0,0.16,0,1,1.69189,0
862,52,36,9,110,1,36,0,110,0,1,0,0.16,0,1,1.81439,0
863,41,36,9,109,1,36,0,110,2,1,1,0.16,0,1,1.3882,0
864,40,36,14,110,1,36,0,110,0,1,0,0.16,0,1,1.37994,0
865,17,17,8,109,1,17,0,110,1,1,0,0.16,0.0715848,0.967877,1.77802,0
866,42,36,31,110,1,36,0,110,0,1,0,0.16,0,1,1.71399,0
867,21,20,6,111,1,20,0,110,0,3,1,0.16,0.0671553,0.970492,2.14496,1
868,78,36,24,110,1,36,0,110,0,1,1,0.16,0,1,1.52543,0
869,15,15,2,110,1,15,0,110,3,2,0,0.16,0.067631,0.971769,1.55124,0
870,29,29,5,110,1,29,0,110,0,0,0,0.16,0.0473979,0.977592,1.67697,0
871,32,32,17,110,1,32,0,110,0,0,0,0.16,0.0567427,0.972482,1.40678,0
872,20,20,4,109,1,20,0,110,1,0,0,0.16,0.0500945,0.977033,1.61637,0
873,22,22,3,109,1,22,0,110,4,2,0,0.16,0.0794883,0.969779,1.36836,0
874,19,19,18,110,1,19,0,110,0,4,0,0.16,0.0567841,0.972469,1.99254,0
875,26,26,21,112,1,26,0,110,4,3,0,0.16,0.0724314,0.976132,1.41439,0
876,24,24,15,111,1,24,0,110,1,3,0,0.16,0.0719778,0.969615,1.49796,0
877,32,32,12,108,1,32,0,110,2,0,0,0.16,0.0679996,0.971398,1.4715,0
878,76,36,63,110,1,36,0,110,1,1,0,0.16,0,1,1.81666,0
879,16,16,15,111,1,16,0,110,1,1,0,0.16,0.0633999,0.971524,1.65442,0
880,14,14,9,110,1,14,0,110,0,1,0,0.16,0.0477624,0.978478,1.89765,0
881,45,36,9,108,1,36,0,110,4,1,1,0.16,0,1,1.33243,0
882,46,36,7,109,1,36,0,110,1,1,0,0.16,0,1,1.56311,0
883,18,18,6,110,1,18,0,110,0,1,0,0.16,0.0463306,0.977479,1.29181,0
884,87,36,26,110,1,36,0,110,0,1,0,0.16,0,1,1.67434,0
885,15,15,4,112,1,15,0,110,3,3,0,0.16,0.066588,0.976711,1.53401,0
886,26,26,2,109,1,26,0,110,1,0,0,0.16,0.0551946,0.975657,1.17622,0
887,8,8,0,109,1,8,0,110,2,1,0,0.16,0.050758,0.9814,1.35167,0
888,12,12,2,111,1,12,0,110,1,2,0,0.16,0.0743243,0.967274,1.99062,0
889,34,34,27,108,1,34,0,110,2,0,0,0.16,0.0651398,0.974842,1.80563,0
890,120,36,6,110,1,36,0,110,0,1,0,0.16,0,1,1.3262,0
891,14,14,13,110,1,14,0,110,0,1,0,0.16,0.0386196,0.981383,1.20043,0
892,66,36,33,110,1,36,0,110,0,1,0,0.16,0,1,1.01885,0
893,15,15,7,109,1,15,0,110,1,0,0,0.16,0.0604772,0.969685,2.04542,0
894,20,20,4,108,1,20,0,110,2,0,0,0.16,0.0579349,0.973366,1.33845,0
895,19,19,12,111,1,19,0,110,2,1,0,0.16,0.0580472,0.976257,1.5929,0
896,9,9,4,110,1,9,0,110,3,3,0,0.16,0.0781661,0.969042,1.54663,0
897,8,8,7,109,1,8,0,110,1,1,0,0.16,0.0467506,0.977978,1.23,0
898,15,15,6,110,1,15,0,110,2,1,0,0.16,0.058701,0.972975,1.95859,0
899,24,24,9,110,1,24,0,110,0,3,0,0.16,0.0537298,0.974244,1.66591,0
900,17,17,3,109,1,17,0,110,1,1,0,0.16,0.0657512,0.971371,1.33108,0
901,17,17,3,109,1,17,0,110,1,1,0,0.16,0.0457241,0.979157,1.50987,0
902,13,13,10,108,1,13,0,110,1,3,0,0.16,0.0842391,0.962221,3.09141,1
903,41,36,12,110,1,36,0,110,2,1,0,0.16,0,1,1.67816,0
904,22,22,1,110,1,22,0,110,0,0,0,0.16,0.0556198,0.972726,1.72403,0
905,26,26,11,110,1,26,0,110,2,1,0,0.160688,0.0718458,0.971352,1.17314,0
906,19,19,14,109,1,19,0,110,1,0,0,0.16,0.0622859,0.970296,1.52905,0
907,48,36,19,110,1,36,0,110,0,1,0,0.16,0,1,1.37659,0
908,22,22,7,110,1,22,0,110,2,2,0,0.17887,0.06848,0.969233,1.17539,0
909,11,11,9,111,1,11,0,110,2,5,0,0.16,0.0827191,0.962261,4.70186,1
910,12,12,11,106,1,12,0,110,4,0,0,0.16,0.0768651,0.963391,1.82158,0
911,25,25,1,110,1,25,0,110,0,2,0,0.16,0.0521582,0.975816,1.48508,0
912,6,6,1,108,1,6,0,110,4,3,0,0.16,0.0754281,0.971144,2.05083,0
913,35,35,33,111,1,35,0,110,0,3,0,0.16,0.0684691,0.971221,2.27423,1
914,59,36,27,109,1,36,0,110,1,1,0,0.16,0,1,1.45532,0
915,54,36,13,109,1,36,0,110,6,1,1,0.162598,0,1,1.77516,0
916,28,27,7,112,1,27,0,110,4,3,1,0.16,0.0851551,0.972078,1.36771,0
917,83,36,18,110,1,36,0,110,0,1,0,0.16,0,1,1.61549,0
918,19,19,11,110,1,19,0,110,1,2,0,0.16,0.0584554,0.973661,1.68172,0
919,21,21,14,109,1,21,0,110,2,3,0,0.16,0.0733861,0.966605,1.49635,0
920,16,16,12,110,1,16,0,110,4,4,0,0.16,0.0783374,0.965897,1.74648,0
921,11,11,0,111,1,11,0,110,1,3,0,0.16,0.0556189,0.975707,1.56477,0
922,35,35,16,110,1,35,0,110,0,0,0,0.16,0.0492861,0.976261,1.28436,0
923,14,14,0,109,1,14,0,110,1,2,0,0.16,0.0572017,0.969475,1.64741,0
924,16,16,14,110,1,16,0,110,0,0,0,0.16,0.0410724,0.980033,1.53617,0
925,13,13,3,110,1,13,0,110,5,5,0,0.166234,0.0820383,0.962902,1.84172,0
926,9,9,5,113,1,9,0,110,4,6,0,0.16,0.0961737,0.962025,1.97669,0
927,39,36,21,110,1,36,0,110,4,3,0,0.16,0.0861488,0.971389,1.63093,0
928,11,11,0,110,1,11,0,110,0,1,0,0.16,0.0645381,0.971377,1.5795,0
929,26,26,11,106,1,26,0,110,4,1,0,0.16,0.0666815,0.97335,1.40567,0
930,11,11,9,111,1,11,0,110,1,1,0,0.16,0.061932,0.972854,1.39106,0
931,58,36,4,110,1,36,0,110,0,1,0,0.16,0,1,1.3205,0
932,27,27,15,112,1,27,0,110,2,5,0,0.16,0.0775351,0.966157,1.53032,0
933,10,10,0,110,1,10,0,110,0,0,0,0.16,0.0361922,0.982086,1.74549,0
934,26,26,9,111,1,26,0,110,2,1,0,0.16,0.0585297,0.977643,1.73566,0
935,16,16,15,111,1,16,0,110,1,2,0,0.16,0.0591607,0.974044,1.64981,0
936,68,36,2,110,1,36,0,110,0,1,0,0.16,0,1,1.35113,0
937,26,26,20,110,1,26,0,110,2,2,0,0.16,0.0759208,0.97031,1.5889,0
938,16,16,15,110,1,16,0,110,1,0,0,0.16,0.0569734,0.977489,1.47924,0
939,16,16,7,109,1,16,0,110,2,1,0,0.186214,0.0760353,0.968155,1.12377,0
940,7,7,2,110,1,7,0,110,9,9,0,0.181818,0.112999,0.958906,1.91304,0
941,16,16,6,111,1,16,0,110,2,2,0,0.16,0.0627481,0.97377,1.46137,0
942,53,36,4,110,1,36,0,110,0,1,0,0.16,0,1,1.21867,0
943,18,18,1,108,1,18,0,110,3,1,0,0.16,0.0662917,0.971174,1.83866,0
944,104,36,7,110,1,36,0,110,2,1,1,0.16,0,1,1.49948,0
945,15,15,6,106,1,15,0,110,4,0,0,0.16,0.082699,0.965707,1.39955,0
946,60,36,7,110,1,36,0,110,0,1,0,0.16,0,1,1.05926,0
947,33,33,32,112,1,33,0,110,2,2,0,0.16,0.0746089,0.967862,1.54216,0
948,17,17,14,110,1,17,0,110,0,1,0,0.16,0.0417383,0.98094,1.66939,0
949,78,36,7,110,1,36,0,110,0,1,0,0.16,0,1,1.87495,0
950,17,17,16,109,1,17,0,110,1,1,0,0.16,0.0512037,0.978621,1.89162,0
951,31,31,1,110,1,31,0,110,0,1,0,0.16,0.063001,0.970863,1.41108,0
952,17,17,4,110,1,17,0,110,1,1,0,0.16,0.0627379,0.972162,1.96053,0
953,17,16,16,108,1,16,0,110,2,1,1,0.16,0.0587244,0.97679,1.22216,0
954,24,24,19,110,1,24,0,110,0,0,0,0.16,0.0499234,0.975941,1.55191,0
955,14,14,5,110,1,14,0,110,0,1,0,0.16,0.0565613,0.973304,1.4724,0
956,15,15,12,111,1,15,0,110,1,1,0,0.16,0.0525127,0.977401,1.59747,0
957,24,24,9,110,1,24,0,110,1,1,0,0.16,0.052131,0.975941,1.51268,0
958,63,36,3,110,1,36,0,110,0,1,0,0.16,0,1,1.49194,0
959,24,24,17,110,1,24,0,110,1,0,0,0.16,0.067003,0.971228,1.57586,0
960,12,12,8,110,1,12,0,110,1,1,0,0.16,0.0652593,0.974513,1.80109,0
961,15,15,5,110,1,15,0,110,0,1,0,0.16,0.0453246,0.979307,1.43477,0
962,19,19,5,110,1,19,0,110,0,1,0,0.16,0.0533819,0.974852,1.3028,0
963,19,19,3,109,1,19,0,110,3,1,0,0.16,0.079551,0.968374,1.46357,0
964,5,5,4,110,1,5,0,110,2,4,0,0.16,0.0648377,0.970517,4.74383,1
965,14,14,11,109,1,14,0,110,1,0,0,0.16,0.0531761,0.977629,1.55322,0
966,17,17,2,110,1,17,0,110,1,0,0,0.16,0.0476643,0.980943,1.99609,0
967,26,26,18,111,1,26,0,110,1,2,0,0.16,0.0570985,0.977298,1.52327,0
968,31,31,20,110,1,31,0,110,2,1,0,0.16,0.0607347,0.977285,1.84672,0
969,16,16,2,108,1,16,0,110,2,0,0,0.16,0.0462882,0.979668,1.82027,0
970,13,13,4,110,1,13,0,110,2,2,0,0.16,0.0619095,0.972993,1.90683,0
971,8,8,6,106,1,8,0,110,4,0,0,0.220043,0.0862193,0.96563,1.59446,0
972,34,34,27,109,1,34,0,110,1,3,0,0.16,0.0631432,0.971178,1.52252,0
973,16,16,2,110,1,16,0,110,0,0,0,0.16,0.0445319,0.979188,1.59481,0
974,22,22,12,110,1,22,0,110,0,0,0,0.16,0.060343,0.970873,1.56497,0
975,14,14,0,109,1,14,0,110,0,2,0,0.164482,0.08354,0.963601,2.13121,1
976,22,22,0,107,1,22,0,110,2,2,0,0.16,0.07028,0.967951,2.2706,1
977,30,30,23,110,1,30,0,110,0,0,0,0.16,0.0477483,0.978035,1.36289,0
978,48,36,30,109,1,36,0,110,1,1,0,0.16,0,1,1.24766,0
979,68,36,10,110,1,36,0,110,0,1,0,0.16,0,1,1.28987,0
980,20,20,17,109,1,20,0,110,1,2,0,0.16,0.0541693,0.975664,1.36128,0
981,38,36,18,110,1,36,0,110,0,1,1,0.16,0.0596392,0.971391,1.6284,0
982,7,7,5,108,1,7,0,110,3,2,0,0.16,0.0654204,0.966701,1.72215,0
983,27,27,10,110,1,27,0,110,0,0,0,0.163636,0.0576694,0.97258,1.42988,0
984,15,15,0,107,1,15,0,110,3,1,0,0.16,0.0722707,0.967572,1.84789,0
985,5,5,3,107,1,5,0,110,4,5,0,0.174342,0.090579,0.961346,4.80946,1
986,22,22,10,109,1,22,0,110,1,0,0,0.16,0.0602048,0.971441,1.672,0
987,8,8,0,109,1,8,0,110,1,5,0,0.16,0.0614175,0.968853,1.54495,0
988,7,7,6,110,1,7,0,110,2,5,0,0.218182,0.0750499,0.967301,2.09039,0
989,22,22,20,110,1,22,0,110,0,0,0,0.16,0.0560285,0.974373,1.4586,0
990,13,13,4,110,1,13,0,110,2,4,0,0.16,0.063957,0.97056,1.97654,0
991,11,11,1,110,1,11,0,110,0,1,0,0.168182,0.0620018,0.971374,1.42302,0
992,17,17,3,110,1,17,0,110,0,0,0,0.16,0.0508891,0.975618,1.62585,0
993,13,13,3,108,1,13,0,110,3,3,0,0.176802,0.0921363,0.95903,1.47295,0
994,36,36,22,109,1,36,0,110,3,2,0,0.16,0.0730911,0.972906,1.53842,0
995,15,15,12,110,1,15,0,110,4,3,0,0.16,0.0850249,0.967241,1.83409,0
996,8,8,1,108,1,8,0,110,0,1,0,0.16,0.0755621,0.97144,2.65848,1
997,15,15,7,110,1,15,0,110,0,0,0,0.169378,0.075504,0.965432,1.54741,0
998,53,36,3,110,1,36,0,110,0,1,0,0.16,0,1,1.25649,0
999,15,15,3,111,1,15,0,110,1,2,0,0.16,0.0598854,0.973514,1.78278,0
1000,8,8,5,110,1,8,0,110,2,2,0,0.16,0.0610174,0.971391,1.7956,0
1001,12,12,3,110,1,12,0,110,2,3,0,0.16,0.0740183,0.966978,1.51813,0
1002,75,36,13,110,1,36,0,110,0,1,0,0.16,0,1,1.42411,0
1003,21,21,7,109,1,21,0,110,2,1,0,0.16,0.0706949,0.968992,1.97755,0
1004,10,10,8,109,1,10,0,110,1,2,0,0.16,0.0700895,0.967314,1.50896,0
1005,15,15,8,110,1,15,0,110,2,2,0,0.16,0.062945,0.974481,4.38711,1
1006,50,36,8,110,1,36,0,110,0,1,0,0.16,0,1,1.21047,0
1007,18,18,15,111,1,18,0,110,1,2,0,0.16,0.0688031,0.9712,1.65319,0
1008,22,22,10,111,1,22,0,110,1,3,0,0.16,0.0734329,0.967467,1.48277,0
1009,22,22,14,110,1,22,0,110,0,0,0,0.16,0.0443775,0.978692,1.33286,0
1010,12,12,4,109,1,12,0,110,2,1,0,0.161322,0.0790699,0.965533,1.78068,0
1011,19,19,6,109,1,19,0,110,1,0,0,0.16,0.0613305,0.975102,1.96706,0
1012,29,29,20,111,1,29,0,110,1,1,0,0.16,0.0604905,0.974854,1.37817,0
1013,39,36,5,110,1,36,0,110,0,0,0,0.16,0.0520638,0.975035,1.5598,0
1014,9,9,8,107,1,9,0,110,3,2,0,0.160606,0.0751293,0.966114,1.42029,0
1015,17,17,13,110,1,17,0,110,0,1,0,0.16,0.0626724,0.971362,1.62725,0
1016,36,36,34,109,1,36,0,110,1,1,0,0.16,0.0637258,0.972397,1.8296,0
1017,19,19,6,110,1,19,0,110,0,1,0,0.16,0.0577483,0.972471,1.04114,0
1018,16,16,8,111,1,16,0,110,2,2,0,0.16,0.0665204,0.974046,1.54635,0
1019,18,18,9,111,1,18,0,110,1,1,0,0.16,0.0582697,0.975186,1.26579,0
1020,41,36,24,109,1,36,0,110,1,1,0,0.16,0,1,1.33044,0
1021,15,15,9,111,1,15,0,110,1,2,0,0.16,0.0616874,0.972915,1.75641,0
1022,11,11,9,110,1,11,0,110,0,2,0,0.16,0.0517507,0.975491,2.32031,1
1023,18,18,12,110,1,18,0,110,2,1,0,0.16,0.0676921,0.971443,1.90264,0
1024,10,10,9,108,1,10,0,110,2,1,0,0.16,0.0522526,0.97577,1.50424,0
1025,14,14,4,107,1,14,0,110,4,0,0,0.16,0.0695153,0.968913,4.08229,1
1026,23,23,19,109,1,23,0,110,1,0,0,0.16,0.0562139,0.974867,1.46018,0
1027,79,36,44,110,1,36,0,110,0,1,0,0.16,0,1,1.42983,0
1028,39,36,9,109,1,36,0,110,1,2,0,0.16,0.0645183,0.97024,1.63728,0
1029,50,36,31,108,1,36,0,110,2,1,0,0.16,0,1,1.63115,0
1030,33,33,16,108,1,33,0,110,2,0,0,0.16,0.0649939,0.971846,1.16074,0
1031,30,30,22,110,1,30,0,110,0,1,0,0.16,0.0608852,0.970799,1.23857,0
1032,17,17,1,110,1,17,0,110,1,3,0,0.16,0.067367,0.971627,1.11227,0
1033,27,27,0,111,1,27,0,110,1,3,0,0.16,0.0633669,0.97183,1.49203,0
1034,19,19,9,111,1,19,0,110,3,3,0,0.16,0.0780317,0.969178,1.92349,0
1035,31,31,26,110,1,31,0,110,0,0,0,0.16,0.0630566,0.970716,1.398,0
1036,9,9,7,110,1,9,0,110,4,3,0,0.16,0.0858586,0.968042,1.49224,0
1037,12,12,4,110,1,12,0,110,3,5,0,0.16,0.0680794,0.972254,1.77509,0
1038,52,36,47,111,1,36,0,110,1,1,0,0.16,0,1,1.87311,0
1039,46,36,34,110,1,36,0,110,0,1,0,0.16,0,1,1.58131,0
1040,34,34,3,109,1,34,0,110,1,1,0,0.16,0.0571415,0.970505,1.96892,0
1041,44,36,30,112,1,36,0,110,2,1,0,0.16,0,1,1.66323,0
1042,10,10,9,110,1,10,0,110,0,4,0,0.181391,0.0663611,0.968515,1.4236,0
1043,51,36,23,111,1,36,0,110,1,1,0,0.16,0,1,1.5898,0
1044,47,36,2,110,1,36,0,110,0,1,0,0.16,0,1,1.41596,0
1045,12,12,4,108,1,12,0,110,4,3,0,0.16,0.0861488,0.96253,4.26898,1
1046,16,16,11,110,1,16,0,110,2,3,0,0.190909,0.0762878,0.967029,1.42253,0
1047,74,36,40,110,1,36,0,110,0,1,0,0.16,0,1,1.55504,0
1048,51,36,30,110,1,36,0,110,2,1,0,0.16,0,1,1.84044,0
1049,7,7,1,110,1,7,0,110,0,7,0,0.16,0.0814691,0.967956,3.14554,1
1050,23,23,6,111,1,23,0,110,3,3,0,0.16,0.0711778,0.969467,1.74733,0
1051,61,36,38,110,1,36,0,110,1,1,0,0.16,0,1,1.99546,0
1052,34,34,23,111,1,34,0,110,1,2,0,0.16,0.059099,0.974329,1.68447,0
1053,21,21,8,106,1,21,0,110,4,0,0,0.16,0.0798441,0.962534,1.62216,0
1054,26,26,25,108,1,26,0,110,3,1,0,0.16,0.0713065,0.969052,1.54269,0
1055,3,3,2,112,1,3,0,110,6,12,0,1,0.0705745,0.975429,1.44545,0
1056,28,28,27,110,1,28,0,110,0,1,0,0.16,0.0515262,0.97566,1.47899,0
1057,21,21,0,109,1,21,0,110,1,2,0,0.16,0.0589379,0.973995,1.62548,0
1058,52,36,46,111,1,36,0,110,1,1,0,0.16,0,1,1.72414,0
1059,30,30,29,109,1,30,0,110,1,1,0,0.16,0.0485207,0.974795,1.641,0
1060,64,36,15,110,1,36,0,110,0,1,0,0.16,0,1,1.63475,0
1061,6,6,5,107,1,6,0,110,1,6,0,0.256798,0.0876194,0.963134,4.93813,1
1062,31,31,8,110,1,31,0,110,0,1,0,0.16,0.0524169,0.975531,1.65426,0
1063,59,36,1,109,1,36,0,110,1,1,0,0.16,0,1,1.74552,0
1064,33,33,27,110,1,33,0,110,0,0,0,0.16,0.0519152,0.974687,1.47128,0
1065,95,36,59,110,1,36,0,110,0,1,0,0.16,0,1,2.0224,0
1066,33,33,26,109,1,33,0,110,1,1,0,0.16,0.0638119,0.971963,2.11156,0
1067,14,14,5,110,1,14,0,110,2,2,0,0.16,0.056004,0.976214,2.00631,0
1068,64,36,21,110,1,36,0,110,0,1,1,0.16,0,1,1.4648,0
1069,10,10,7,111,1,10,0,110,1,4,0,0.16,0.0719126,0.967005,1.65124,0
1070,41,36,31,108,1,36,0,110,3,1,0,0.16,0,1,4.02057,1
1071,18,18,13,108,1,18,0,110,2,2,0,0.16,0.0756629,0.966826,1.28243,0
1072,28,28,23,110,1,28,0,110,0,4,0,0.172727,0.0657288,0.968553,1.95984,0
1073,103,36,27,110,1,36,0,110,0,1,1,0.16,0,1,1.31882,0
1074,8,8,2,109,1,8,0,110,2,2,0,0.165111,0.0816647,0.965994,4.43933,1
1075,25,25,21,111,1,25,0,110,1,2,0,0.16,0.0585984,0.973345,1.42904,0
1076,15,15,8,110,1,15,0,110,0,0,0,0.16,0.0474438,0.976288,1.33611,0
1077,50,36,3,109,1,36,0,110,1,1,0,0.16,0,1,1.73805,0
1078,34,34,9,110,1,34,0,110,0,4,0,0.16,0.0646637,0.969442,1.50095,0
1079,10,10,9,109,1,10,0,110,3,2,0,0.165138,0.0802084,0.964571,1.89668,0
1080,28,28,20,110,1,28,0,110,0,1,0,0.16,0.0549629,0.973883,1.32908,0
1081,21,21,19,109,1,21,0,110,1,2,0,0.16,0.0702762,0.970952,1.74702,0
1082,15,15,9,110,1,15,0,110,0,1,0,0.16,0.0571479,0.973272,1.80134,0
1083,14,14,5,112,1,14,0,110,2,4,0,0.16,0.0668966,0.971874,1.36697,0
1084,29,29,25,110,1,29,0,110,0,0,0,0.16,0.0548408,0.974938,1.45866,0
1085,17,17,3,109,1,17,0,110,6,3,0,0.16,0.0683854,0.966537,4.78886,1
1086,21,21,8,110,1,21,0,110,0,0,0,0.16,0.0532371,0.975305,1.4459,0
1087,33,33,22,110,1,33,0,110,0,0,0,0.16,0.0430844,0.979622,1.72679,0
1088,6,6,1,108,1,6,0,110,1,5,0,0.16,0.0917632,0.963473,3.37844,1
1089,31,31,20,108,1,31,0,110,2,0,0,0.16,0.065985,0.971071,1.54985,0
1090,18,18,16,109,1,18,0,110,2,0,0,0.16,0.0712569,0.969917,1.1435,0
1091,17,17,3,110,1,17,0,110,2,1,0,0.16,0.0592908,0.975888,1.70353,0
1092,54,36,0,110,1,36,0,110,0,1,0,0.16,0,1,1.29589,0
1093,47,36,33,110,1,36,0,110,0,1,0,0.16,0,1,1.58168,0
1094,41,36,22,110,1,36,0,110,1,1,0,0.16,0,1,1.44012,0
1095,40,36,30,110,1,36,0,110,0,1,0,0.16,0,1,2.34578,1
1096,10,10,8,109,1,10,0,110,1,0,0,0.16,0.0578728,0.974619,1.33059,0
1097,51,36,47,110,1,36,0,110,0,1,0,0.16,0,1,1.73163,0
1098,10,10,5,109,1,10,0,110,2,7,0,0.16,0.0583443,0.969147,4.4912,1
1099,27,27,2,110,1,27,0,110,0,0,0,0.16,0.0574621,0.972915,1.51739,0
1100,9,9,4,107,1,9,0,110,5,2,0,0.16,0.0836301,0.968695,1.66861,0
1101,75,36,20,109,1,36,0,110,1,1,0,0.16,0,1,1.61854,0
1102,30,30,16,110,1,30,0,110,4,2,0,0.16,0.0720643,0.970496,1.61282,0
1103,46,36,14,110,1,36,0,110,0,1,0,0.16,0,1,2.00308,0
1104,8,8,2,108,1,8,0,110,3,5,0,0.194444,0.101438,0.955907,1.95786,0
1105,36,36,30,110,1,36,0,110,0,0,0,0.16,0.0654466,0.969251,1.63358,0
1106,15,15,6,108,1,15,0,110,2,0,0,0.16,0.0712067,0.967563,1.93916,0
1107,17,17,16,108,1,17,0,110,2,1,0,0.16,0.0547528,0.976526,1.8668,0
1108,44,36,18,108,1,36,0,110,2,1,0,0.16,0,1,1.6447,0
1109,12,12,2,110,1,12,0,110,2,3,0,0.16,0.0646735,0.973381,1.56854,0
1110,16,16,15,110,1,16,0,110,1,2,0,0.172727,0.0648658,0.974378,1.84571,0
1111,18,18,11,108,1,18,0,110,2,0,0,0.16,0.0718022,0.966566,1.6157,0
1112,88,36,0,110,1,36,0,110,0,1,0,0.16,0,1,1.37158,0
1113,50,36,6,110,1,36,0,110,0,1,0,0.16,0,1,1.69519,0
1114,13,13,9,110,1,13,0,110,3,1,0,0.16,0.0673382,0.973688,1.43435,0
1115,24,24,12,107,1,24,0,110,4,2,0,0.16,0.0976607,0.961705,4.54902,1
1116,31,31,18,109,1,31,0,110,1,2,0,0.16,0.0527897,0.97428,1.62415,0
1117,29,29,23,110,1,29,0,110,0,1,0,0.16,0.0615598,0.971351,1.31249,0
1118,29,29,15,110,1,29,0,110,0,0,0,0.16,0.0598503,0.971509,1.365,0
1119,58,36,25,109,1,36,0,110,2,1,0,0.16,0,1,3.46639,1
1120,22,22,10,107,1,22,0,110,3,0,0,0.163315,0.0781376,0.969431,1.65761,0
1121,60,36,30,109,1,36,0,110,1,1,0,0.16,0,1,1.38771,0
1122,39,36,34,110,1,36,0,110,0,0,0,0.16,0.0514368,0.97604,1.74422,0
1123,16,16,4,111,1,16,0,110,1,2,0,0.16,0.0664057,0.968721,1.36127,0
1124,30,30,14,112,1,30,0,110,5,5,0,0.175253,0.0929665,0.968946,1.84595,0
1125,10,10,7,108,1,10,0,110,2,1,0,0.16,0.0698803,0.969778,1.70143,0
1126,22,22,14,109,1,22,0,110,1,0,0,0.16,0.0458327,0.978498,1.45926,0
1127,25,25,21,111,1,25,0,110,4,2,0,0.207207,0.0930846,0.967784,1.50249,0
1128,17,17,0,109,1,17,0,110,1,1,0,0.16,0.0563928,0.975665,2.03053,0
1129,27,27,8,111,1,27,0,110,3,2,0,0.16,0.0730523,0.972825,1.32137,0
1130,10,10,7,108,1,10,0,110,3,1,0,0.16,0.0681876,0.97393,1.2507,0
1131,25,25,17,108,1,25,0,110,1,3,0,0.16,0.0781603,0.960073,5.33297,1
1132,10,10,7,110,1,10,0,110,1,2,0,0.16,0.0690821,0.970321,1.48365,0
1133,19,19,4,110,1,19,0,110,2,1,0,0.16,0.0647557,0.972707,1.91269,0
1134,14,14,5,110,1,14,0,110,0,3,0,0.16,0.0564567,0.973952,1.55461,0
1135,5,5,0,110,1,5,0,110,2,4,0,0.16,0.0580835,0.974144,1.86146,0
1136,36,36,32,110,1,36,0,110,0,0,0,0.16,0.0539571,0.974531,1.29221,0
1137,14,14,6,109,1,14,0,110,3,2,0,0.16,0.0689988,0.971111,1.70791,0
1138,21,21,10,109,1,21,0,110,1,2,0,0.16,0.0663454,0.965953,1.32947,0
1139,8,8,3,109,1,8,0,110,3,1,0,0.16,0.0810762,0.967137,1.61698,0
1140,31,31,19,110,1,31,0,110,0,2,0,0.16,0.0568098,0.973051,1.64785,0
1141,18,18,5,110,1,18,0,110,2,1,0,0.172727,0.0876537,0.963905,1.56856,0
1142,14,14,0,110,1,14,0,110,0,0,0,0.16,0.0445737,0.978153,1.86487,0
1143,17,17,7,110,1,17,0,110,1,1,0,0.16,0.0683596,0.971096,1.56019,0
1144,17,17,13,109,1,17,0,110,1,1,0,0.16,0.0568655,0.977006,1.50839,0
1145,25,25,9,109,1,25,0,110,1,0,0,0.16,0.0581736,0.973038,1.434,0
1146,32,32,11,110,1,32,0,110,1,1,0,0.16,0.0549834,0.975874,1.7399,0
1147,10,10,3,112,1,10,0,110,2,6,0,0.16,0.0597108,0.973963,1.44219,0
1148,10,10,8,108,1,10,0,110,4,8,0,0.237988,0.0949776,0.956421,4.49689,1
1149,13,13,9,110,1,13,0,110,0,1,0,0.16,0.0583302,0.971255,1.30821,0
1150,17,17,12,109,1,17,0,110,1,0,0,0.16,0.0491424,0.975936,1.92147,0
1151,31,31,17,110,1,31,0,110,1,4,0,0.16,0.0769087,0.964297,4.97272,1
1152,6,6,3,107,1,6,0,110,3,5,0,0.191031,0.0874034,0.957713,4.30275,1
1153,27,27,23,108,1,27,0,110,2,0,0,0.16,0.0658498,0.97003,1.23604,0
1154,46,36,27,110,1,36,0,110,0,1,0,0.16,0,1,1.68297,0
1155,28,28,6,108,1,28,0,110,3,4,0,0.16,0.0784175,0.967476,1.84433,0
1156,37,36,25,110,1,36,0,110,2,2,0,0.16,0.0702546,0.97051,1.96945,0
1157,48,36,44,109,1,36,0,110,2,1,0,0.16,0,1,1.42511,0
1158,57,36,25,110,1,36,0,110,0,1,0,0.16,0,1,1.33585,0
1159,16,16,15,111,1,16,0,110,2,3,0,0.16,0.0717701,0.967323,1.54701,0
1160,14,14,3,109,1,14,0,110,3,4,0,0.16,0.0769318,0.968825,1.37423,0
1161,16,16,11,108,1,16,0,110,2,1,0,0.16,0.0821762,0.963259,3.3069,1
1162,36,36,12,109,1,36,0,110,1,1,0,0.16,0.0644697,0.969479,1.57549,0
1163,11,11,8,109,1,11,0,110,1,0,0,0.16,0.0488848,0.976928,1.21295,0
1164,2,2,1,109,1,2,0,110,5,7,0,1,0.0366972,0.980433,4.32211,1
1165,21,21,12,111,1,21,0,110,3,3,0,0.16,0.0676028,0.971472,1.64843,0
1166,9,9,6,109,1,9,0,110,1,2,0,0.16,0.0537305,0.973328,1.71225,0
1167,31,31,21,111,1,31,0,110,1,2,0,0.16,0.0605845,0.974017,1.88224,0
1168,17,17,5,110,1,17,0,110,0,0,0,0.16,0.0582331,0.973223,1.30461,0
1169,11,11,2,108,1,11,0,110,2,0,0,0.16,0.0480275,0.973362,1.88027,0
1170,47,36,5,110,1,36,0,110,0,1,0,0.16,0,1,1.21933,0
1171,14,14,0,109,1,14,0,110,4,2,0,0.16,0.0987497,0.961321,1.77589,0
1172,34,34,3,109,1,34,0,110,1,0,0,0.16,0.0615794,0.973192,1.71775,0
1173,39,36,25,110,1,36,0,110,0,0,0,0.16,0.0509755,0.975412,1.27562,0
1174,40,36,9,112,1,36,0,110,2,1,0,0.160714,0,1,1.80187,0
1175,49,36,7,111,1,36,0,110,1,1,1,0.16,0,1,1.6511,0
1176,24,24,9,109,1,24,0,110,1,0,0,0.16,0.0650576,0.971347,1.54482,0
1177,21,21,15,110,1,21,0,110,2,2,0,0.16,0.0723353,0.969487,1.40935,0
1178,13,13,5,109,1,13,0,110,6,3,0,0.16,0.0919873,0.968885,1.34319,0
1179,62,36,2,110,1,36,0,110,0,1,0,0.16,0,1,1.4317,0
1180,40,36,5,109,1,36,0,110,1,1,0,0.16,0,1,1.76293,0
1181,22,22,0,111,1,22,0,110,1,3,0,0.16,0.0637527,0.970527,1.69122,0
1182,37,36,14,110,1,36,0,110,0,1,0,0.16,0.0572849,0.972646,0.982254,0
1183,34,34,9,109,1,34,0,110,1,1,0,0.16,0.0790414,0.965132,1.97884,0
1184,20,20,3,110,1,20,0,110,0,1,0,0.16,0.064631,0.969775,1.76594,0
1185,18,18,5,109,1,18,0,110,3,0,0,0.16,0.0837099,0.968392,1.77592,0
1186,61,36,54,111,1,36,0,110,1,1,0,0.16,0,1,1.4306,0
1187,18,18,16,109,1,18,0,110,2,0,0,0.16,0.0644988,0.974482,1.76417,0
1188,21,21,6,110,1,21,0,110,1,1,0,0.16,0.0730761,0.968411,1.23867,0
1189,60,36,0,109,1,36,0,110,1,1,0,0.16,0,1,1.91178,0
1190,27,27,8,106,1,27,0,110,4,0,0,0.16,0.0849876,0.967379,1.82337,0
1191,4,4,0,109,1,4,0,110,4,4,0,1,0.087156,0.955986,4.92626,1
1192,21,20,16,107,1,20,0,110,4,1,1,0.16,0.0705324,0.968004,1.73757,0
1193,11,11,10,109,1,11,0,110,1,0,0,0.16,0.0584495,0.972362,1.53529,0
1194,6,6,0,110,1,6,0,110,1,1,0,0.16,0.0555312,0.976935,4.27576,1
1195,11,11,6,111,1,11,0,110,1,2,0,0.16,0.0587498,0.976521,1.61651,0
1196,20,20,16,110,1,20,0,110,2,1,0,0.16,0.0559367,0.976782,1.22438,0
1197,14,14,2,109,1,14,0,110,3,4,0,0.16,0.0938372,0.960672,2.06741,0
1198,17,17,8,110,1,17,0,110,0,0,0,0.16,0.0441708,0.97908,1.27979,0
1199,19,19,6,110,1,19,0,110,2,1,0,0.16,0.0715977,0.970803,1.76415,0
1200,56,36,13,109,1,36,0,110,0,1,0,0.16,0,1,2.1924,1
1201,7,7,6,108,1,7,0,110,3,5,0,0.16,0.0745118,0.96802,1.44357,0
1202,69,36,20,110,1,36,0,110,0,1,0,0.16,0,1,1.45313,0
1203,19,19,14,109,1,19,0,110,1,0,0,0.16,0.0496636,0.97943,1.29037,0
1204,33,33,29,110,1,33,0,110,0,2,0,0.16,0.0590975,0.971806,1.5405,0
1205,31,31,18,110,1,31,0,110,0,2,0,0.16,0.0768304,0.968383,2.81821,1
1206,14,14,13,108,1,14,0,110,2,0,0,0.16,0.0653829,0.972811,1.59022,0
1207,58,36,1,110,1,36,0,110,0,1,0,0.16,0,1,1.49041,0
1208,5,5,0,109,1,5,0,110,1,7,0,0.16,0.0816836,0.963869,5.03132,1
1209,15,15,12,110,1,15,0,110,2,0,0,0.16,0.0710394,0.971463,1.50226,0
1210,29,29,18,110,1,29,0,110,2,3,0,0.16,0.0848345,0.965579,1.70563,0
1211,38,36,9,108,1,36,0,110,2,0,0,0.16,0.0687717,0.970735,1.59914,0
1212,16,16,1,110,1,16,0,110,2,2,0,0.181818,0.0679826,0.970136,1.50741,0
1213,19,19,18,111,1,19,0,110,1,1,0,0.16,0.0487118,0.980266,1.62251,0
1214,45,36,2,108,1,36,0,110,2,1,0,0.16,0,1,1.55278,0
1215,50,36,18,110,1,36,0,110,0,1,0,0.16,0,1,1.53184,0
1216,32,32,13,110,1,32,0,110,2,1,0,0.16,0.0734895,0.970783,1.8472,0
1217,32,32,10,108,1,32,0,110,2,1,0,0.16,0.0605024,0.970824,1.50497,0
1218,11,11,5,109,1,11,0,110,1,1,0,0.16,0.0565129,0.975683,1.77493,0
1219,18,18,4,110,1,18,0,110,1,0,0,0.16,0.0571224,0.97622,1.89023,0
1220,10,10,7,110,1,10,0,110,0,1,0,0.16,0.0483753,0.977107,1.83543,0
1221,14,14,8,110,1,14,0,110,0,0,0,0.16,0.0489907,0.976213,1.18463,0
1222,18,18,5,109,1,18,0,110,1,1,0,0.16,0.0517553,0.977273,1.26763,0
1223,14,14,6,109,1,14,0,110,1,3,0,0.16,0.0691703,0.96589,4.38213,1
1224,20,20,7,109,1,20,0,110,1,1,0,0.16,0.0648829,0.970638,1.95163,0
1225,24,24,13,109,1,24,0,110,1,0,0,0.16,0.0621267,0.973248,1.244,0
1226,26,26,17,107,1,26,0,110,3,0,0,0.16,0.0856804,0.956782,1.92427,0
1227,92,36,82,110,1,36,0,110,0,1,1,0.16,0,1,1.33082,0
1228,22,22,12,110,1,22,0,110,0,1,0,0.16,0.0610502,0.970875,1.34359,0
1229,20,20,14,108,1,20,0,110,2,0,0,0.171795,0.0729065,0.969907,1.72565,0
1230,9,9,1,110,1,9,0,110,0,2,0,0.183129,0.0674857,0.968542,1.50209,0
1231,45,36,42,110,1,36,0,110,0,1,0,0.16,0,1,1.26233,0
1232,32,32,15,110,1,32,0,110,0,1,0,0.16,0.0505248,0.976015,1.92834,0
1233,32,32,31,108,1,32,0,110,3,1,0,0.16,0.0771919,0.969957,1.92326,0
1234,4,4,2,110,1,4,0,110,1,3,0,1,0.0522727,0.977855,4.12098,1
1235,26,26,17,108,1,26,0,110,3,1,0,0.16,0.084464,0.962319,1.43262,0
1236,12,12,7,110,1,12,0,110,2,2,0,0.16,0.0655905,0.971876,1.94876,0
1237,26,26,23,110,1,26,0,110,0,2,0,0.16,0.0537019,0.974834,1.78892,0
1238,14,14,13,109,1,14,0,110,1,2,0,0.16,0.0577791,0.973715,1.78421,0
1239,29,28,0,110,1,28,0,110,4,3,1,0.163636,0.0886218,0.966774,2.04007,0
1240,7,7,2,110,1,7,0,110,0,4,0,0.16,0.0543367,0.973771,1.63423,0
1241,21,21,20,109,1,21,0,110,1,1,0,0.16,0.0696803,0.968778,1.40645,0
1242,23,23,19,110,1,23,0,110,3,2,0,0.160047,0.0921272,0.960732,1.81142,0
1243,27,27,16,110,1,27,0,110,0,2,0,0.16,0.0644297,0.969062,1.45394,0
1244,17,16,8,110,1,16,0,110,2,4,1,0.163073,0.082915,0.965614,1.84416,0
1245,37,36,0,110,1,36,0,110,0,1,0,0.16,0.0536922,0.974533,1.21081,0
1246,16,16,14,110,1,16,0,110,1,1,0,0.16,0.0512012,0.98003,1.51946,0
1247,16,16,4,110,1,16,0,110,0,1,0,0.16,0.0490298,0.976075,1.73774,0
1248,20,20,2,111,1,20,0,110,1,1,0,0.16,0.0595203,0.973628,1.49075,0
1249,8,8,3,111,1,8,0,110,1,1,0,0.162162,0.0537878,0.976688,1.75696,0
1250,18,18,7,110,1,18,0,110,0,0,0,0.16,0.0566351,0.973705,1.74015,0
1251,29,29,9,110,1,29,0,110,0,3,0,0.16,0.0519086,0.974629,1.16477,0
1252,74,36,20,110,1,36,0,110,0,1,0,0.16,0,1,1.49708,0
1253,36,36,23,111,1,36,0,110,3,2,0,0.16,0.0744346,0.971398,1.2289,0
1254,15,15,13,107,1,15,0,110,3,2,0,0.16,0.0662098,0.967261,1.66082,0
1255,26,26,17,110,1,26,0,110,1,0,0,0.16,0.0694542,0.969265,1.49581,0
1256,51,36,35,110,1,36,0,110,0,1,0,0.16,0,1,1.8105,0
1257,39,36,32,109,1,36,0,110,3,1,0,0.16,0.0688896,0.976458,1.23978,0
1258,16,16,7,110,1,16,0,110,2,1,0,0.16,0.0621083,0.971834,1.43496,0
1259,49,36,6,109,1,36,0,110,1,1,0,0.16,0,1,1.56986,0
1260,10,10,9,110,1,10,0,110,0,0,0,0.16,0.0440253,0.978918,1.20013,0
1261,50,36,9,110,1,36,0,110,0,1,0,0.16,0,1,1.63691,0
1262,40,36,11,110,1,36,0,110,2,1,0,0.16,0,1,1.77244,0
1263,67,36,45,110,1,36,0,110,0,1,1,0.16,0,1,1.17562,0
1264,8,8,4,109,1,8,0,110,1,2,0,0.16,0.0560084,0.971706,4.12194,1
1265,53,36,20,110,1,36,0,110,0,1,0,0.16,0,1,1.38939,0
1266,114,36,76,109,1,36,0,110,1,1,0,0.16,0,1,1.15178,0
1267,23,23,9,110,1,23,0,110,0,0,0,0.16,0.0571613,0.974107,1.58147,0
1268,27,27,5,109,1,27,0,110,1,2,0,0.16,0.0670165,0.969962,1.33575,0
1269,72,36,19,110,1,36,0,110,0,1,0,0.16,0,1,1.81392,0
1270,33,33,31,109,1,33,0,110,1,1,0,0.16,0.0624342,0.969198,1.28236,0
1271,58,36,14,110,1,36,0,110,0,1,0,0.16,0,1,1.08931,0
1272,20,20,5,111,1,20,0,110,3,4,0,0.16,0.0832334,0.967804,1.8381,0
1273,26,26,24,109,1,26,0,110,2,1,0,0.165138,0.0776983,0.967756,1.53072,0
1274,55,36,28,110,1,36,0,110,0,1,0,0.16,0,1,1.32638,0
1275,65,36,11,110,1,36,0,110,1,1,0,0.16,0,1,1.58421,0
1276,9,9,2,107,1,9,0,110,4,2,0,0.16,0.0679212,0.969729,1.36847,0
1277,15,15,11,111,1,15,0,110,1,2,0,0.16,0.0651922,0.968134,1.55203,0
1278,53,36,36,110,1,36,0,110,0,1,0,0.16,0,1,1.86239,0
1279,24,24,22,110,1,24,0,110,0,2,0,0.16,0.055834,0.97368,1.41143,0
1280,8,8,7,110,1,8,0,110,2,1,0,0.2,0.0760749,0.967438,1.72097,0
1281,20,20,5,108,1,20,0,110,2,1,0,0.16,0.0742906,0.968989,1.756,0
1282,21,21,3,110,1,21,0,110,0,1,0,0.16,0.0497214,0.976168,1.6843,0
1283,23,23,10,109,1,23,0,110,1,1,0,0.16,0.0581364,0.973078,4.70684,1
1284,30,30,16,109,1,30,0,110,1,1,0,0.16,0.0485735,0.978903,1.78687,0
1285,48,36,14,111,1,36,0,110,1,1,0,0.16,0,1,1.85322,0
1286,21,21,13,108,1,21,0,110,2,1,0,0.16,0.0616088,0.974192,1.70709,0
1287,38,36,20,110,1,36,0,110,0,0,0,0.16,0.0529736,0.974156,1.40682,0
1288,5,5,2,108,1,5,0,110,1,3,0,0.196697,0.0580491,0.972746,4.2242,1
1289,39,36,5,110,1,36,0,110,0,0,0,0.16,0.0558061,0.973527,1.59969,0
1290,32,32,7,110,1,32,0,110,0,1,0,0.16,0.0573991,0.973188,1.80539,0
1291,16,16,0,110,1,16,0,110,1,2,0,0.16,0.0613449,0.973813,1.59116,0
1292,7,7,5,110,1,7,0,110,1,4,0,0.16,0.0573316,0.975058,1.74843,0
1293,16,16,8,108,1,16,0,110,2,1,0,0.16,0.060153,0.972181,1.63556,0
1294,49,36,1,109,1,36,0,110,1,1,0,0.16,0,1,1.07569,0
1295,17,17,12,108,1,17,0,110,0,0,0,0.16,0.065648,0.965415,2.52251,1
1296,19,19,9,109,1,19,0,110,1,2,0,0.16,0.0594481,0.973661,1.71331,0
1297,42,36,17,108,1,36,0,110,2,1,0,0.16,0,1,2.10422,0
1298,14,14,2,111,1,14,0,110,1,3,0,0.160714,0.070934,0.97002,1.72329,0
1299,17,17,10,109,1,17,0,110,1,1,0,0.16,0.0529437,0.975129,1.60092,0
1300,29,29,8,110,1,29,0,110,0,1,0,0.16,0.0524428,0.974784,1.31013,0
1301,16,16,11,107,1,16,0,110,4,2,0,0.16,0.071455,0.967273,1.48088,0
1302,60,36,5,110,1,36,0,110,0,1,0,0.16,0,1,1.56862,0
1303,40,36,10,109,1,36,0,110,3,1,0,0.16,0,1,1.67829,0
1304,11,11,6,109,1,11,0,110,2,2,0,0.16,0.0784381,0.969454,4.66202,1
1305,14,14,7,109,1,14,0,110,1,0,0,0.164474,0.0515219,0.974366,1.3957,0
1306,27,27,2,110,1,27,0,110,0,2,0,0.16,0.0547264,0.974088,1.42986,0
1307,20,20,19,109,1,20,0,110,1,2,0,0.16,0.0664182,0.969268,1.39004,0
1308,25,25,20,110,1,25,0,110,0,1,0,0.16,0.0511938,0.975818,1.74269,0
1309,23,23,16,110,1,23,0,110,0,0,0,0.16,0.0457575,0.978437,1.11126,0
1310,10,10,8,109,1,10,0,110,1,3,0,0.16,0.0643071,0.970051,1.7638,0
1311,27,27,12,111,1,27,0,110,0,4,0,0.16,0.0734353,0.969337,2.36092,1
1312,73,36,12,111,1,36,0,110,2,1,0,0.16,0,1,1.31297,0
1313,24,24,11,110,1,24,0,110,2,1,0,0.16,0.0608245,0.97104,1.38521,0
1314,29,29,7,109,1,29,0,110,1,0,0,0.16,0.068972,0.971244,1.23115,0
1315,7,7,4,108,1,7,0,110,5,6,0,0.16,0.0830851,0.964077,1.65058,0
1316,47,36,21,110,1,36,0,110,0,1,0,0.16,0,1,1.90447,0
1317,114,36,19,110,1,36,0,110,1,1,1,0.16,0,1,1.55253,0
1318,19,17,0,112,1,17,0,110,2,5,2,0.16,0.0808405,0.968731,3.67467,1
1319,18,18,11,110,1,18,0,110,1,0,0,0.16,0.0675005,0.971443,1.45146,0
1320,29,29,5,107,1,29,0,110,4,1,0,0.165916,0.0814672,0.965903,1.43906,0
1321,16,16,2,111,1,16,0,110,2,3,0,0.16,0.0670357,0.972644,1.18096,0
1322,27,27,7,111,1,27,0,110,1,1,0,0.16,0.0655627,0.97183,1.49055,0
1323,40,36,4,110,1,36,0,110,0,1,0,0.16,0,1,1.21942,0
1324,13,13,12,108,1,13,0,110,2,1,0,0.16,0.0611812,0.975335,1.4253,0
1325,19,19,4,109,1,19,0,110,1,0,0,0.16,0.0594617,0.971497,1.54198,0
1326,45,36,41,110,1,36,0,110,0,1,0,0.16,0,1,1.2436,0
1327,13,13,11,110,1,13,0,110,1,3,0,0.16,0.0795436,0.966031,1.78598,0
1328,19,18,2,110,1,18,0,110,2,3,1,0.16,0.0706982,0.971697,1.82308,0
1329,35,35,24,109,1,35,0,110,1,1,0,0.16,0.0563706,0.973174,1.73279,0
1330,10,10,0,109,1,10,0,110,2,7,0,0.16,0.0908257,0.957277,4.46148,1
1331,6,6,2,110,1,6,0,110,2,4,0,0.163636,0.0715923,0.970907,1.79336,0
1332,19,19,1,110,1,19,0,110,0,0,0,0.16,0.0366671,0.981997,1.49226,0
1333,40,36,27,109,1,36,0,110,1,1,0,0.16,0,1,1.80023,0
1334,10,10,8,107,1,10,0,110,4,3,0,0.177487,0.102264,0.962062,1.68572,0
1335,57,36,52,110,1,36,0,110,0,1,0,0.16,0,1,1.64239,0
1336,40,36,33,110,1,36,0,110,0,1,0,0.16,0,1,1.77584,0
1337,13,13,11,111,1,13,0,110,2,2,0,0.16,0.0659933,0.977026,1.58465,0
1338,5,4,3,107,1,4,0,110,9,4,1,0.163551,0.0919977,0.955183,4.54595,1
1339,17,17,0,108,1,17,0,110,3,2,0,0.16,0.0633297,0.971107,1.71078,0
1340,21,21,10,109,1,21,0,110,1,0,0,0.16,0.0720901,0.964864,1.65071,0
1341,10,10,8,111,1,10,0,110,1,4,0,0.16,0.0705209,0.971036,1.81016,0
1342,12,12,6,110,1,12,0,110,1,4,0,0.16,0.0665916,0.969241,1.43215,0
1343,69,36,8,110,1,36,0,110,2,1,0,0.16,0,1,2.8408,1
1344,56,36,46,110,1,36,0,110,0,1,0,0.16,0,1,1.66337,0
1345,25,25,4,107,1,25,0,110,3,0,0,0.16,0.0666289,0.972352,1.33536,0
1346,4,4,2,113,1,4,0,110,2,7,0,1,0.0818584,0.961925,3.69259,1
1347,34,34,28,111,1,34,0,110,1,2,0,0.16,0.0683644,0.970112,1.65688,0
1348,16,16,3,112,1,16,0,110,2,3,0,0.16,0.0820312,0.967334,1.88233,0
1349,37,36,24,111,1,36,0,110,1,1,0,0.16,0.0581678,0.976378,1.80017,0
1350,10,10,0,109,1,10,0,110,1,3,0,0.168517,0.0498654,0.973708,1.75355,0
1351,79,36,24,110,1,36,0,110,0,1,0,0.16,0,1,1.54075,0
1352,71,36,4,110,1,36,0,110,0,1,0,0.16,0,1,1.50708,0
1353,58,36,0,109,1,36,0,110,1,1,0,0.16,0,1,1.53155,0
1354,27,27,1,110,1,27,0,110,0,0,0,0.16,0.0504938,0.975596,1.57699,0
1355,12,12,11,109,1,12,0,110,1,0,0,0.183486,0.0588133,0.972763,1.81319,0
1356,66,36,12,112,1,36,0,110,0,1,1,0.16,0,1,2.1989,1
1357,29,29,25,108,1,29,0,110,2,0,0,0.16,0.065198,0.968759,1.4089,0
1358,26,26,24,110,1,26,0,110,0,0,0,0.16,0.0595,0.971701,1.74304,0
1359,14,14,12,110,1,14,0,110,0,4,0,0.16,0.0558711,0.973305,1.39799,0
1360,29,29,6,110,1,29,0,110,0,1,0,0.16,0.0531128,0.97494,1.30354,0
1361,20,20,3,110,1,20,0,110,0,1,0,0.16,0.0509974,0.975202,1.87073,0
1362,17,17,13,110,1,17,0,110,2,2,0,0.16,0.0787832,0.970298,1.99782,0
1363,59,36,29,110,1,36,0,110,0,1,0,0.16,0,1,1.19523,0
1364,22,22,11,109,1,22,0,110,1,1,0,0.16,0.057461,0.972479,1.31846,0
1365,35,35,18,108,1,35,0,110,2,1,0,0.16,0.0601759,0.975428,2.01459,0
1366,13,13,6,110,1,13,0,110,0,2,0,0.16,0.0334099,0.983781,1.55034,0
1367,80,36,70,109,1,36,0,110,1,1,0,0.16,0,1,1.75453,0
1368,3,3,1,111,1,3,0,110,2,14,0,1,0.0733064,0.966253,4.74581,1
1369,28,28,5,110,1,28,0,110,0,1,0,0.16,0.0578047,0.973237,1.76945,0
1370,39,36,38,112,1,36,0,110,2,2,0,0.16,0.0775218,0.971897,1.84748,0
1371,12,12,1,108,1,12,0,110,2,4,0,0.16,0.0839622,0.961764,1.64296,0
1372,22,22,18,109,1,22,0,110,1,0,0,0.16,0.0539092,0.973103,1.80616,0
1373,16,16,1,107,1,16,0,110,2,0,0,0.16,0.0601873,0.966687,3.19856,1
1374,44,36,6,109,1,36,0,110,1,1,0,0.16,0,1,1.00471,0
1375,15,15,10,109,1,15,0,110,2,1,0,0.16,0.0708761,0.970598,1.67244,0
1376,17,17,7,107,1,17,0,110,2,0,0,0.16,0.0616692,0.970562,4.34109,1
1377,16,16,9,110,1,16,0,110,0,0,0,0.16,0.051316,0.976359,1.62109,0
1378,65,36,12,108,1,36,0,110,2,1,0,0.16,0,1,1.34239,0
1379,60,36,45,108,1,36,0,110,2,1,0,0.16,0,1,1.88328,0
1380,17,17,7,110,1,17,0,110,0,1,0,0.16,0.0530155,0.97482,1.65709,0
1381,19,19,16,110,1,19,0,110,1,0,0,0.16,0.0632328,0.972468,1.61743,0
1382,61,36,31,109,1,36,0,110,1,1,0,0.16,0,1,1.83902,0
1383,8,8,0,110,1,8,0,110,0,1,0,0.16,0.037245,0.982131,1.89946,0
1384,19,19,17,111,1,19,0,110,1,2,0,0.16,0.0700244,0.96611,1.21561,0
1385,17,17,0,110,1,17,0,110,0,0,0,0.16,0.042594,0.979613,1.52399,0
1386,18,18,14,111,1,18,0,110,3,4,0,0.16,0.0770991,0.966719,1.7636,0
1387,13,13,1,114,1,13,0,110,4,8,0,0.16,0.0897436,0.960499,1.80598,0
1388,13,13,3,110,1,13,0,110,0,1,0,0.16,0.0540128,0.974733,1.58846,0
1389,24,24,22,108,1,24,0,110,2,1,0,0.16,0.0670452,0.971274,1.53079,0
1390,21,21,20,107,1,21,0,110,4,2,0,0.16,0.0786431,0.961333,1.73046,0
1391,10,10,2,108,1,10,0,110,0,0,0,0.16,0.0479513,0.978531,2.26848,1
1392,4,4,0,108,1,4,0,110,2,3,0,1,0.0656907,0.97054,4.66198,1
1393,20,20,8,110,1,20,0,110,0,0,0,0.16,0.0507312,0.974526,1.26059,0
1394,14,14,10,110,1,14,0,110,1,4,0,0.16,0.0762876,0.967491,1.57809,0
1395,12,12,0,110,1,12,0,110,2,2,0,0.16,0.0768292,0.966219,4.50452,1
1396,59,36,51,109,1,36,0,110,1,1,0,0.16,0,1,1.6998,0
1397,45,36,3,107,1,36,0,110,3,1,0,0.16,0,1,1.33699,0
1398,54,36,29,110,1,36,0,110,0,1,0,0.16,0,1,1.54014,0
1399,38,36,31,109,1,36,0,110,1,0,0,0.16,0.0555032,0.976456,1.86423,0
1400,15,15,4,110,1,15,0,110,0,0,0,0.16,0.0543492,0.973576,1.70979,0
1401,9,9,1,111,1,9,0,110,4,6,0,0.16,0.100799,0.961346,1.91508,0
1402,11,11,2,109,1,11,0,110,1,1,0,0.16,0.0591974,0.972774,1.78309,0
1403,14,14,8,111,1,14,0,110,1,1,0,0.16,0.0493338,0.97835,1.59341,0
1404,66,36,45,110,1,36,0,110,0,1,0,0.16,0,1,1.25205,0
1405,14,14,2,110,1,14,0,110,0,0,0,0.168182,0.0522609,0.974598,1.63769,0
1406,4,4,0,111,1,4,0,110,0,4,0,1,0.109029,0.954534,2.1915,1
1407,38,36,20,110,1,36,0,110,0,0,0,0.16,0.0477795,0.976922,1.70877,0
1408,62,36,36,110,1,36,0,110,0,1,0,0.16,0,1,1.40225,0
1409,22,22,7,111,1,22,0,110,1,1,0,0.16,0.0587806,0.975619,1.67676,0
1410,100,36,24,110,1,36,0,110,0,1,0,0.16,0,1,1.49906,0
1411,39,36,24,110,1,36,0,110,1,0,0,0.16,0.0656167,0.97227,1.70697,0
1412,98,36,3,110,1,36,0,110,0,1,0,0.16,0,1,1.34782,0
1413,12,12,7,109,1,12,0,110,2,3,0,0.196429,0.0728713,0.968192,1.27345,0
1414,22,22,0,112,1,22,0,110,2,3,0,0.16,0.0701683,0.973817,1.81234,0
1415,7,7,6,109,1,7,0,110,2,2,0,0.16,0.069271,0.968965,1.63964,0
1416,56,36,27,110,1,36,0,110,0,1,0,0.16,0,1,1.73343,0
1417,10,10,7,111,1,10,0,110,3,3,0,0.16,0.0683478,0.97104,1.40006,0
1418,11,11,5,111,1,11,0,110,1,1,0,0.162162,0.0694189,0.969184,1.61275,0
1419,10,10,3,109,1,10,0,110,2,0,0,0.16,0.0525673,0.97279,4.48916,1
1420,99,36,52,110,1,36,0,110,0,1,0,0.16,0,1,1.4798,0
1421,7,7,1,110,1,7,0,110,1,4,0,0.162201,0.0576261,0.974416,1.76801,0
1422,16,16,11,108,1,16,0,110,2,0,0,0.16,0.0629017,0.973908,1.68207,0
1423,25,25,14,111,1,25,0,110,1,1,0,0.16,0.0626915,0.973524,1.41685,0
1424,18,18,14,110,1,18,0,110,0,2,0,0.16,0.0577649,0.97245,1.24013,0
1425,50,36,47,110,1,36,0,110,0,1,0,0.16,0,1,1.11484,0
1426,18,18,0,110,1,18,0,110,0,1,0,0.172727,0.0529265,0.974211,1.51652,0
1427,20,20,13,112,1,20,0,110,2,2,0,0.16,0.0655702,0.976753,1.4634,0
1428,87,36,14,110,1,36,0,110,0,1,0,0.16,0,1,1.437,0
1429,8,8,1,111,1,8,0,110,3,3,0,0.189189,0.063575,0.973886,1.9018,0
1430,17,17,9,109,1,17,0,110,1,2,0,0.16,0.067054,0.969489,1.65362,0
1431,19,19,0,110,1,19,0,110,2,1,0,0.16,0.0670891,0.973896,1.48317,0
1432,11,11,10,111,1,11,0,110,1,1,0,0.16,0.0521193,0.978556,1.67173,0
1433,49,36,9,110,1,36,0,110,0,1,0,0.16,0,1,1.94958,0
1434,14,14,5,108,1,14,0,110,2,7,0,0.162135,0.0794359,0.964259,1.53969,0
1435,49,36,6,110,1,36,0,110,0,1,0,0.16,0,1,1.53471,0
1436,13,13,7,109,1,13,0,110,1,0,0,0.16,0.0559753,0.973804,1.25719,0
1437,29,29,13,108,1,29,0,110,3,0,0,0.16,0.0840253,0.963514,1.7563,0
1438,16,16,6,110,1,16,0,110,0,0,0,0.16,0.0598723,0.970137,1.69402,0
1439,18,18,14,110,1,18,0,110,0,2,0,0.16,0.0544553,0.973458,1.35152,0
1440,22,22,4,110,1,22,0,110,0,0,0,0.16,0.0610887,0.970878,1.52565,0
1441,27,27,26,110,1,27,0,110,2,2,0,0.16,0.075653,0.969396,1.43273,0
1442,19,19,13,108,1,19,0,110,2,1,0,0.16,0.0622497,0.970994,1.46183,0
1443,32,32,1,110,1,32,0,110,0,2,0,0.16,0.0627194,0.97036,1.55787,0
1444,26,26,24,110,1,26,0,110,2,0,0,0.16,0.0767254,0.96909,1.51706,0
1445,22,22,18,107,1,22,0,110,0,1,0,0.182756,0.106403,0.959495,2.50187,1
1446,22,22,14,106,1,22,0,110,4,1,0,0.160177,0.0840592,0.966584,1.36337,0
1447,27,27,0,110,1,27,0,110,0,1,0,0.16,0.0519637,0.975429,1.8391,0
1448,7,7,2,111,1,7,0,110,2,2,0,0.16,0.0585512,0.97528,1.93965,0
1449,15,15,10,110,1,15,0,110,0,0,0,0.16,0.0525932,0.974781,1.84446,0
1450,15,15,0,111,1,15,0,110,2,1,0,0.16,0.0686669,0.973216,1.93449,0
1451,15,15,8,110,1,15,0,110,1,1,0,0.16,0.0674889,0.969955,1.66897,0
1452,23,23,4,110,1,23,0,110,0,0,0,0.165969,0.0587436,0.973909,1.21589,0
1453,66,36,59,109,1,36,0,110,1,1,0,0.16,0,1,1.59099,0
1454,10,10,3,109,1,10,0,110,2,4,0,0.187123,0.0795139,0.961834,1.70259,0
1455,16,16,3,110,1,16,0,110,0,1,0,0.16,0.0538647,0.973816,1.5755,0
1456,8,8,7,109,1,8,0,110,1,1,0,0.16,0.0580132,0.973985,1.86492,0
1457,33,33,0,113,1,33,0,110,3,3,0,0.16,0.076927,0.968547,1.46963,0
1458,27,27,5,108,1,27,0,110,2,0,0,0.16,0.059552,0.973443,1.58148,0
1459,46,36,14,108,1,36,0,110,2,1,0,0.16,0,1,1.67478,0
1460,17,17,11,109,1,17,0,110,1,1,0,0.16,0.0709836,0.964922,2.01015,0
1461,46,36,38,110,1,36,0,110,0,1,0,0.16,0,1,1.54497,0
1462,81,36,65,110,1,36,0,110,0,1,0,0.16,0,1,1.76912,0
1463,13,13,1,110,1,13,0,110,0,0,0,0.16,0.0489677,0.97682,1.52172,0
1464,27,27,26,110,1,27,0,110,0,1,0,0.16,0.0569865,0.972579,1.35847,0
1465,36,36,8,107,1,36,0,110,3,0,0,0.16,0.0747791,0.972401,1.438,0
1466,11,11,4,108,1,11,0,110,5,2,0,0.16,0.0900401,0.970013,1.29091,0
1467,17,17,0,111,1,17,0,110,2,3,0,0.16,0.0650977,0.970037,1.69885,0
1468,30,30,5,109,1,30,0,110,2,1,0,0.16,0.0681362,0.965356,3.62515,1
1469,49,36,2,110,1,36,0,110,0,1,0,0.16,0,1,1.80609,0
1470,13,13,12,110,1,13,0,110,0,0,0,0.16,0.0646667,0.972642,1.24121,0
1471,15,15,11,111,1,15,0,110,2,1,0,0.16,0.0642643,0.975908,1.4804,0
1472,28,28,8,109,1,28,0,110,1,0,0,0.174312,0.0691598,0.969081,1.48545,0
1473,28,28,21,110,1,28,0,110,0,0,0,0.16,0.047532,0.976794,1.2848,0
1474,12,12,5,113,1,12,0,110,3,6,0,0.16,0.0832686,0.96821,1.73508,0
1475,17,17,10,110,1,17,0,110,0,3,0,0.16,0.0584317,0.971893,1.52177,0
1476,23,23,22,110,1,23,0,110,0,1,0,0.16,0.0506158,0.976274,1.20857,0
1477,16,16,2,111,1,16,0,110,2,4,0,0.16,0.0667377,0.969845,1.7037,0
1478,17,17,11,109,1,17,0,110,1,1,0,0.16,0.0553019,0.972173,1.19757,0
1479,24,24,1,109,1,24,0,110,1,2,0,0.16,0.0641524,0.967731,1.42043,0
1480,12,12,4,109,1,12,0,110,1,0,0,0.16,0.056664,0.97542,1.78982,0
1481,22,22,9,110,1,22,0,110,1,1,0,0.16,0.0631431,0.973137,1.35185,0
1482,21,21,16,108,1,21,0,110,2,0,0,0.16,0.0580983,0.972878,1.86305,0
1483,18,18,10,110,1,18,0,110,3,0,0,0.16,0.0901709,0.961888,1.42386,0
1484,14,14,12,110,1,14,0,110,0,1,0,0.16,0.054016,0.974597,1.46513,0
1485,19,19,6,109,1,19,0,110,1,0,0,0.16,0.0499422,0.977025,1.54345,0
1486,27,27,0,110,1,27,0,110,0,2,0,0.16,0.0527516,0.974593,1.32668,0
1487,12,12,6,111,1,12,0,110,1,3,0,0.16,0.0761171,0.966147,1.67696,0
1488,116,36,3,110,1,36,0,110,0,1,0,0.16,0,1,1.45999,0
1489,40,36,5,109,1,36,0,110,2,1,0,0.16,0,1,3.49735,1
1490,23,23,3,111,1,23,0,110,1,1,0,0.16,0.056948,0.975899,1.7238,0
1491,41,36,16,110,1,36,0,110,0,1,0,0.16,0,1,1.82631,0
1492,16,16,11,111,1,16,0,110,4,5,0,0.16,0.0819212,0.967323,2.03662,0
1493,44,36,25,110,1,36,0,110,0,1,0,0.16,0,1,1.42318,0
1494,35,35,30,109,1,35,0,110,2,0,0,0.16,0.06801,0.971608,1.89045,0
1495,22,22,7,109,1,22,0,110,1,0,0,0.16,0.0554743,0.97559,1.71775,0
1496,9,9,4,111,1,9,0,110,3,5,0,0.16,0.0836414,0.965328,1.87869,0
1497,25,25,24,110,1,25,0,110,0,0,0,0.16,0.0596808,0.973102,1.34334,0
1498,17,17,11,110,1,17,0,110,0,0,0,0.16,0.0538634,0.974822,1.75552,0
1499,13,13,8,109,1,13,0,110,2,4,0,0.16,0.0765749,0.968184,2.05857,0
1500,18,18,12,110,1,18,0,110,2,2,0,0.16,0.0657475,0.974707,1.71934,0
1501,18,18,5,110,1,18,0,110,0,0,0,0.16,0.0475299,0.977476,1.91609,0
1502,11,11,0,111,1,11,0,110,1,2,0,0.16,0.0553845,0.976929,1.73443,0
1503,53,36,30,110,1,36,0,110,0,1,0,0.16,0,1,1.20873,0
1504,50,36,12,110,1,36,0,110,0,1,0,0.16,0,1,2.17532,1
1505,7,7,1,106,1,7,0,110,2,3,0,0.16,0.0630107,0.968767,4.60357,1
1506,82,36,9,110,1,36,0,110,0,1,0,0.16,0,1,1.3193,0
1507,17,17,16,109,1,17,0,110,1,1,0,0.16,0.0684208,0.968416,1.5752,0
1508,13,13,9,109,1,13,0,110,2,3,0,0.16137,0.0821889,0.962564,1.49449,0
1509,8,8,3,110,1,8,0,110,2,6,0,0.190909,0.0801059,0.966304,1.74354,0
1510,71,36,44,110,1,36,0,110,0,1,0,0.16,0,1,1.41193,0
1511,12,12,6,111,1,12,0,110,0,3,0,0.189189,0.0668168,0.971008,2.36744,1
1512,17,17,16,112,1,17,0,110,2,3,0,0.16,0.0728058,0.971346,1.43599,0
1513,19,19,18,110,1,19,0,110,2,1,0,0.16,0.0545356,0.977472,1.37917,0
1514,16,16,0,110,1,16,0,110,2,3,0,0.16,0.0780833,0.965613,1.86021,0
1515,9,9,8,110,1,9,0,110,0,3,0,0.16,0.0484211,0.976581,1.99534,0
1516,9,9,6,110,1,9,0,110,0,0,0,0.16,0.0550037,0.973059,1.55107,0
1517,28,28,17,107,1,28,0,110,3,0,0,0.16,0.0761933,0.975148,1.74411,0
1518,11,11,8,109,1,11,0,110,1,0,0,0.16,0.0574123,0.974439,1.86299,0
1519,29,29,0,109,1,29,0,110,1,3,0,0.16,0.0644062,0.970145,1.78438,0
1520,26,25,3,110,1,25,0,110,0,1,1,0.16,0.0466634,0.977629,1.37478,0
1521,10,10,2,110,1,10,0,110,1,3,0,0.16,0.0644963,0.970779,1.78677,0
1522,9,9,4,111,1,9,0,110,1,4,0,0.16,0.0790791,0.963836,1.62283,0
1523,40,36,30,110,1,36,0,110,0,1,0,0.16,0,1,1.62761,0
1524,44,36,11,110,1,36,0,110,0,1,0,0.16,0,1,1.18859,0
1525,11,11,0,110,1,11,0,110,3,3,0,0.16,0.0723872,0.971377,1.78022,0
1526,29,29,3,110,1,29,0,110,0,1,0,0.16,0.0571273,0.973534,1.95551,0
1527,14,14,13,108,1,14,0,110,2,0,0,0.16,0.0715969,0.966891,1.31643,0
1528,18,18,11,109,1,18,0,110,1,2,0,0.16,0.0654915,0.968138,1.72357,0
1529,19,19,3,112,1,19,0,110,3,3,0,0.16,0.0770735,0.969447,1.75575,0
1530,8,8,3,110,1,8,0,110,3,3,0,0.16,0.0755621,0.968002,1.43309,0
1531,52,36,35,110,1,36,0,110,0,1,0,0.16,0,1,1.43903,0
1532,32,32,9,110,1,32,0,110,0,2,0,0.16,0.0546388,0.973753,1.51614,0
1533,16,16,12,109,1,16,0,110,2,1,0,0.16,0.0578266,0.977569,1.75398,0
1534,26,26,10,110,1,26,0,110,2,2,0,0.16,0.0793287,0.967698,1.9432,0
1535,32,32,1,110,1,32,0,110,0,0,0,0.16,0.0472528,0.977287,1.61184,0
1536,16,16,13,108,1,16,0,110,2,1,0,0.16,0.0683202,0.965845,1.43557,0
1537,20,20,13,110,1,20,0,110,0,3,0,0.16,0.0534372,0.973846,1.59316,0
1538,20,20,12,109,1,20,0,110,2,2,0,0.16,0.0716333,0.970183,1.35829,0
1539,46,36,18,111,1,36,0,110,1,1,0,0.16,0,1,1.87081,0
1540,18,18,10,110,1,18,0,110,1,1,0,0.16,0.0589053,0.974461,1.63727,0
1541,61,36,26,110,1,36,0,110,0,1,0,0.16,0,1,1.53678,0
1542,24,24,2,110,1,24,0,110,0,2,0,0.16,0.0544348,0.974433,1.71035,0
1543,39,36,5,108,1,36,0,110,2,0,0,0.16,0.069709,0.972781,1.41107,0
1544,27,27,6,111,1,27,0,110,7,6,0,0.162162,0.0995674,0.964858,1.52552,0
1545,38,36,34,110,1,36,0,110,3,1,0,0.16,0.0725836,0.975035,1.57056,0
1546,22,22,20,110,1,22,0,110,2,1,0,0.16,0.0642738,0.972314,1.75047,0
1547,19,19,15,111,1,19,0,110,1,1,0,0.16,0.0527807,0.977435,1.94266,0
1548,10,10,6,107,1,10,0,110,4,5,0,0.16,0.0749143,0.969503,4.20757,1
1549,69,36,17,110,1,36,0,110,0,1,1,0.16,0,1,1.61885,0
1550,62,36,23,110,1,36,0,110,0,1,0,0.16,0,1,1.3992,0
1551,43,36,22,110,1,36,0,110,0,1,0,0.16,0,1,1.32252,0
1552,21,21,12,110,1,21,0,110,3,3,0,0.16,0.0840543,0.964748,1.67212,0
1553,9,9,5,109,1,9,0,110,2,2,0,0.174312,0.0840651,0.964198,1.79959,0
1554,17,17,12,109,1,17,0,110,1,2,0,0.16,0.062727,0.973515,1.41586,0
1555,13,13,11,109,1,13,0,110,0,4,0,0.16,0.0929699,0.962213,2.40078,1
1556,38,36,29,110,1,36,0,110,0,0,0,0.16,0.0511235,0.975913,1.33418,0
1557,70,36,52,110,1,36,0,110,0,1,0,0.16,0,1,1.27878,0
1558,24,24,13,109,1,24,0,110,1,1,0,0.16,0.0493822,0.976105,1.33127,0
1559,7,7,2,110,1,7,0,110,2,3,0,0.16,0.0620473,0.977001,2.08175,0
1560,68,36,6,110,1,36,0,110,0,1,0,0.16,0,1,1.15918,0
1561,17,17,8,110,1,17,0,110,1,5,0,0.16,0.0658341,0.969233,1.90185,0
1562,18,18,0,109,1,18,0,110,1,0,0,0.16,0.0626679,0.97169,1.73341,0
1563,29,29,3,111,1,29,0,110,1,1,0,0.16,0.0607352,0.974081,1.46785,0
1564,15,14,4,107,1,14,0,110,2,4,1,0.16,0.082965,0.962931,4.39362,1
1565,28,28,19,110,1,28,0,110,0,1,0,0.16,0.0582281,0.973558,1.10437,0
1566,11,11,7,107,1,11,0,110,3,0,0,0.16,0.0654091,0.967624,1.78734,0
1567,25,25,14,108,1,25,0,110,2,0,0,0.16,0.0574957,0.974082,2.03427,0
1568,15,15,12,112,1,15,0,110,2,3,0,0.16,0.0731563,0.971972,2.12461,0
1569,10,10,7,112,1,10,0,110,3,3,0,0.169643,0.0785714,0.966852,1.62527,0
1570,10,10,5,109,1,10,0,110,1,4,0,0.16,0.0775362,0.965944,1.98187,0
1571,27,27,19,111,1,27,0,110,1,1,0,0.16,0.0564868,0.976313,1.66054,0
1572,16,16,10,109,1,16,0,110,1,2,0,0.16,0.0556214,0.975574,1.53721,0
1573,18,18,11,109,1,18,0,110,1,1,0,0.16,0.0619979,0.971946,1.38709,0
1574,35,35,29,110,1,35,0,110,0,2,0,0.16,0.0677209,0.968631,1.78849,0
1575,7,7,5,112,1,7,0,110,3,10,0,0.16,0.0925528,0.962169,1.35515,0
1576,11,11,4,111,1,11,0,110,1,3,0,0.16,0.0662879,0.97204,1.48859,0
1577,32,32,19,108,1,32,0,110,4,1,0,0.16,0.080378,0.972405,1.28232,0
1578,22,22,6,110,1,22,0,110,0,2,0,0.16,0.0622931,0.97026,1.80154,0
1579,22,22,6,110,1,22,0,110,0,2,0,0.16,0.0586639,0.973139,1.50858,0
1580,23,23,8,109,1,23,0,110,1,1,0,0.16,0.0612306,0.971292,1.63639,0
1581,45,36,6,110,1,36,0,110,0,1,0,0.16,0,1,1.72581,0
1582,37,36,11,110,1,36,0,110,0,0,0,0.16,0.0552989,0.973527,1.57316,0
1583,9,9,1,109,1,9,0,110,1,5,0,0.16,0.0620795,0.971808,1.54089,0
1584,44,36,42,110,1,36,0,110,0,1,0,0.16,0,1,1.48978,0
1585,13,13,5,109,1,13,0,110,1,1,0,0.16,0.0578117,0.973801,1.68691,0
1586,19,19,7,110,1,19,0,110,2,1,0,0.16,0.0705317,0.972234,1.53971,0
1587,32,32,10,108,1,32,0,110,2,0,0,0.16,0.0604916,0.972118,1.604,0
1588,43,36,10,108,1,36,0,110,2,1,0,0.16,0,1,1.53797,0
1589,31,30,7,107,1,30,0,110,3,0,1,0.162051,0.0781825,0.97107,1.04562,0
1590,6,6,5,111,1,6,0,110,2,3,0,0.16,0.0525526,0.9764,1.57328,0
1591,10,10,8,108,1,10,0,110,4,3,0,0.19128,0.0954145,0.961486,3.57191,1
1592,22,22,21,110,1,22,0,110,2,1,0,0.16,0.0741792,0.971288,1.45317,0
1593,18,18,1,111,1,18,0,110,1,2,0,0.16,0.0588917,0.974438,1.73894,0
1594,36,36,26,111,1,36,0,110,1,1,0,0.16,0.0593033,0.973391,1.46162,0
1595,15,15,9,110,1,15,0,110,0,0,0,0.16,0.0535771,0.974479,1.62699,0
1596,12,12,2,109,1,12,0,110,1,1,0,0.16,0.0694759,0.969717,1.93186,0
1597,4,4,3,111,1,4,0,110,4,5,0,1,0.0855856,0.962383,4.87476,1
1598,32,32,9,110,1,32,0,110,0,0,0,0.16,0.0517544,0.97545,1.63548,0
1599,19,19,2,110,1,19,0,110,1,1,0,0.16,0.0624326,0.973898,1.37264,0
1600,27,27,25,109,1,27,0,110,1,0,0,0.16,0.057157,0.973684,1.02099,0
1601,56,36,40,109,1,36,0,110,1,1,0,0.16,0,1,1.78482,0
1602,38,36,28,108,1,36,0,110,2,0,0,0.16,0.0651787,0.975086,1.43204,0
1603,35,35,10,110,1,35,0,110,0,1,0,0.16,0.0580564,0.972125,1.2599,0
1604,69,36,64,110,1,36,0,110,0,1,0,0.16,0,1,1.43372,0
1605,18,18,3,110,1,18,0,110,0,2,0,0.16,0.0523549,0.974962,1.448,0
1606,13,13,6,110,1,13,0,110,2,3,0,0.16,0.0741133,0.968817,1.82341,0
1607,22,22,18,109,1,22,0,110,1,1,0,0.16,0.0553566,0.971647,1.36377,0
1608,11,11,3,110,1,11,0,110,1,2,0,0.16,0.0589892,0.974664,1.62694,0
1609,33,33,19,110,1,33,0,110,0,0,0,0.16,0.0451631,0.978114,1.51945,0
1610,37,36,11,110,1,36,0,110,0,2,0,0.16,0.0536585,0.974783,1.62627,0
1611,62,36,10,110,1,36,0,110,0,1,0,0.16,0,1,1.20582,0
1612,15,15,8,110,1,15,0,110,0,0,0,0.16,0.047023,0.976592,1.79981,0
1613,22,22,9,110,1,22,0,110,0,0,0,0.16,0.0547933,0.973961,1.62076,0
1614,49,36,18,110,1,36,0,110,0,1,0,0.16,0,1,1.64764,0
1615,50,36,31,110,1,36,0,110,0,1,0,0.16,0,1,1.8173,0
1616,22,22,1,110,1,22,0,110,0,1,0,0.16,0.0443154,0.978897,1.68839,0
1617,28,28,0,110,1,28,0,110,0,1,0,0.16,0.0497838,0.977274,1.4329,0
1618,23,23,11,109,1,23,0,110,1,0,0,0.16,0.0646712,0.970895,1.74985,0
1619,17,17,6,110,1,17,0,110,0,2,0,0.16,0.048145,0.977482,1.3908,0
1620,36,36,26,110,1,36,0,110,0,0,0,0.16,0.049963,0.976041,1.48574,0
1621,15,15,11,110,1,15,0,110,0,4,0,0.16,0.0853326,0.964829,2.18409,1
1622,25,25,1,111,1,25,0,110,1,2,0,0.16,0.0599285,0.97442,1.57461,0
1623,18,18,11,110,1,18,0,110,2,1,0,0.16,0.0671785,0.971945,1.91871,0
1624,12,12,5,108,1,12,0,110,2,3,0,0.16,0.0680244,0.967519,1.85735,0
1625,15,15,6,108,1,15,0,110,2,0,0,0.16,0.0542115,0.976472,1.56544,0
1626,5,5,0,111,1,5,0,110,1,2,0,0.16,0.0666667,0.968987,4.2776,1
1627,26,26,17,107,1,26,0,110,2,5,0,0.184792,0.100284,0.961077,4.84621,1
1628,11,11,5,113,1,11,0,110,3,5,0,0.168142,0.0888943,0.965725,1.37418,0
1629,26,26,9,110,1,26,0,110,0,0,0,0.16,0.0467449,0.97779,1.49941,0
1630,10,10,7,107,1,10,0,110,3,1,0,0.16,0.072574,0.97322,1.41878,0
1631,51,36,31,110,1,36,0,110,1,1,1,0.16,0,1,1.8099,0
1632,20,20,18,111,1,20,0,110,1,2,0,0.16,0.0687091,0.97094,1.75514,0
1633,17,17,6,109,1,17,0,110,2,1,0,0.16,0.0696052,0.970832,1.66771,0
1634,88,36,76,110,1,36,0,110,0,1,0,0.16,0,1,1.53846,0
1635,17,17,13,110,1,17,0,110,0,0,0,0.16,0.0593046,0.971627,1.59746,0
1636,68,36,9,110,1,36,0,110,0,1,0,0.16,0,1,1.1391,0
1637,55,36,11,110,1,36,0,110,0,1,0,0.16,0,1,1.03165,0
1638,22,22,20,110,1,22,0,110,0,1,0,0.16,0.0514501,0.974783,1.54591,0
1639,23,23,13,110,1,23,0,110,3,5,0,0.16,0.0830859,0.965455,1.89772,0
1640,24,24,19,107,1,24,0,110,3,1,0,0.16,0.0752416,0.968488,1.29024,0
1641,13,13,0,108,1,13,0,110,2,3,0,0.16,0.0807464,0.964347,4.99763,1
1642,67,36,54,110,1,36,0,110,2,1,0,0.16,0,1,1.04013,0
1643,36,36,13,110,1,36,0,110,0,1,0,0.16,0.0573442,0.973149,1.61935,0
1644,18,18,8,110,1,18,0,110,2,1,0,0.16,0.0535905,0.976219,1.67281,0
1645,49,36,30,110,1,36,0,110,0,1,0,0.16,0,1,1.53428,0
1646,18,18,17,110,1,18,0,110,0,0,0,0.171895,0.0579679,0.97295,1.3479,0
1647,22,22,11,109,1,22,0,110,1,1,0,0.16,0.0586365,0.974969,1.78076,0
1648,11,11,2,110,1,11,0,110,1,1,0,0.16,0.0632081,0.973432,1.893,0
1649,21,21,8,110,1,21,0,110,1,1,0,0.16,0.0704983,0.969704,1.18166,0
1650,10,10,4,111,1,10,0,110,1,2,0,0.16,0.0554592,0.977313,1.34491,0
1651,25,25,17,111,1,25,0,110,1,2,0,0.16,0.0703964,0.968501,1.35429,0
1652,23,23,19,111,1,23,0,110,2,4,0,0.16,0.078457,0.965373,4.42725,1
1653,14,14,6,110,1,14,0,110,0,3,0,0.16,0.07274,0.968134,1.5213,0
1654,14,14,3,110,1,14,0,110,1,2,0,0.16,0.0569083,0.974599,1.70183,0
1655,39,36,21,111,1,36,0,110,1,1,0,0.16,0.0685527,0.970401,1.2066,0
1656,71,36,1,110,1,36,0,110,0,1,0,0.16,0,1,1.44339,0
1657,46,36,45,109,1,36,0,110,3,1,0,0.165138,0,1,1.46197,0
1658,59,36,4,110,1,36,0,110,0,1,0,0.16,0,1,1.7426,0
1659,20,20,16,109,1,20,0,110,1,1,0,0.16,0.0559212,0.974978,1.37364,0
1660,15,15,4,108,1,15,0,110,3,1,0,0.16,0.0873468,0.963875,1.82557,0
1661,47,36,23,109,1,36,0,110,1,1,0,0.16,0,1,1.57261,0
1662,5,5,4,108,1,5,0,110,2,5,0,0.16,0.0835831,0.96077,4.69952,1
1663,23,23,6,108,1,23,0,110,2,0,0,0.16,0.077165,0.967823,1.3472,0
1664,76,36,23,110,1,36,0,110,0,1,0,0.16,0,1,1.44223,0
1665,20,20,7,109,1,20,0,110,1,3,0,0.16,0.0670675,0.969041,1.61616,0
1666,13,13,0,107,1,13,0,110,3,1,0,0.16,0.0819628,0.963656,1.47972,0
1667,31,31,21,109,1,31,0,110,1,0,0,0.16,0.0656582,0.972511,1.17321,0
1668,77,36,20,108,1,36,0,110,2,1,0,0.16,0,1,1.58941,0
1669,17,17,13,110,1,17,0,110,0,1,0,0.16,0.0579564,0.972159,1.41201,0
1670,21,21,20,110,1,21,0,110,0,0,0,0.16,0.0573726,0.974013,1.34843,0
1671,20,20,11,111,1,20,0,110,1,2,0,0.16,0.0666305,0.971839,1.48917,0
1672,82,36,78,109,1,36,0,110,1,1,0,0.16,0,1,1.7018,0
1673,9,9,2,110,1,9,0,110,1,0,0,0.16,0.0628328,0.97406,1.75684,0
1674,31,31,2,110,1,31,0,110,0,0,0,0.16,0.0614978,0.971009,1.99868,0
1675,17,17,5,109,1,17,0,110,1,0,0,0.16,0.0557699,0.974594,1.28647,0
1676,10,10,9,111,1,10,0,110,1,3,0,0.16,0.0567568,0.975969,1.96522,0
1677,16,16,11,110,1,16,0,110,0,1,0,0.16,0.0494053,0.976359,1.44112,0
1678,15,15,3,110,1,15,0,110,2,1,0,0.16,0.0650477,0.97418,1.65657,0
1679,23,23,17,110,1,23,0,110,4,2,0,0.16,0.0870409,0.966044,1.44144,0
1680,31,31,18,107,1,31,0,110,3,0,0,0.16,0.0711604,0.975001,1.44733,0
1681,19,19,10,110,1,19,0,110,0,1,0,0.16,0.054636,0.973898,1.38625,0
1682,10,10,9,111,1,10,0,110,1,5,0,0.16,0.0656451,0.97014,2.07504,0
1683,16,16,6,110,1,16,0,110,0,1,0,0.16,0.0603031,0.971551,1.3665,0
1684,28,28,3,110,1,28,0,110,0,2,0,0.16,0.0571531,0.972592,1.31427,0
1685,46,36,41,111,1,36,0,110,4,1,0,0.16,0,1,4.33388,1
1686,50,36,0,110,1,36,0,110,0,1,0,0.16,0,1,2.06509,0
1687,14,14,6,111,1,14,0,110,0,4,0,0.16,0.0591733,0.974186,2.17926,1
1688,12,12,11,110,1,12,0,110,1,1,0,0.16,0.0577828,0.974134,1.24112,0
1689,12,12,2,108,1,12,0,110,2,5,0,0.21345,0.069109,0.964062,1.51676,0
1690,7,7,2,112,1,7,0,110,3,7,0,0.16,0.0612245,0.97169,1.92683,0
1691,10,10,9,109,1,10,0,110,4,2,0,0.16,0.0693302,0.965946,4.43799,1
1692,44,36,29,109,1,36,0,110,1,1,0,0.16,0,1,1.80878,0
1693,10,10,2,110,1,10,0,110,0,2,0,0.16,0.0638275,0.971225,1.95494,0
1694,9,9,7,111,1,9,0,110,3,3,0,0.16,0.0704692,0.971799,1.72097,0
1695,12,12,9,110,1,12,0,110,0,2,0,0.16,0.0623284,0.970368,1.39371,0
1696,10,10,2,111,1,10,0,110,2,2,0,0.16,0.0688368,0.972381,1.34263,0
1697,13,13,10,109,1,13,0,110,2,1,0,0.16,0.0644377,0.972749,1.37584,0
1698,104,36,54,110,1,36,0,110,0,1,0,0.16,0,1,1.87424,0
1699,29,29,25,109,1,29,0,110,1,1,0,0.16,0.0688982,0.965106,1.8329,0
1700,58,36,43,108,1,36,0,110,4,1,3,0.16,0,1,2.07861,0
1701,36,36,33,111,1,36,0,110,1,1,0,0.16,0.0666612,0.971397,1.64647,0
1702,3,3,0,108,1,3,0,110,5,16,0,1,0.0709877,0.965357,5.48741,1
1703,21,21,17,109,1,21,0,110,3,4,0,0.16,0.0880641,0.964212,1.37441,0
1704,28,28,10,109,1,28,0,110,3,1,0,0.16,0.0789519,0.96908,1.44054,0
1705,20,20,6,110,1,20,0,110,0,0,0,0.16,0.0402727,0.981085,1.88269,0
1706,17,17,1,110,1,17,0,110,0,0,0,0.16,0.0378011,0.981475,1.55445,0
1707,40,36,25,110,1,36,0,110,0,1,0,0.16,0,1,1.81756,0
1708,16,16,14,109,1,16,0,110,1,0,0,0.16,0.0579364,0.973292,1.91273,0
1709,61,36,14,110,1,36,0,110,0,1,0,0.16,0,1,1.23284,0
1710,15,15,12,109,1,15,0,110,2,1,0,0.16,0.0723687,0.9709,1.76333,0
1711,22,22,11,110,1,22,0,110,2,1,0,0.16,0.0617859,0.97067,4.35935,1
1712,19,19,0,110,1,19,0,110,2,2,0,0.16,0.0710119,0.972472,1.34443,0
1713,17,17,10,111,1,17,0,110,1,1,0,0.16,0.0637321,0.973725,1.48532,0
1714,38,36,37,111,1,36,0,110,2,1,0,0.16,0.0740769,0.971397,1.76387,0
1715,18,18,11,110,1,18,0,110,0,0,0,0.16,0.0484103,0.976973,1.44328,0
1716,20,20,19,109,1,20,0,110,1,2,0,0.16,0.0540031,0.975205,1.73654,0
1717,27,27,6,110,1,27,0,110,0,0,0,0.16,0.0498411,0.975933,1.31608,0
1718,31,31,19,110,1,31,0,110,0,2,0,0.16,0.0688566,0.967215,1.81429,0
1719,11,11,8,108,1,11,0,110,3,2,0,0.16,0.0829717,0.964149,1.91549,0
1720,22,22,6,110,1,22,0,110,0,0,0,0.16,0.052293,0.974373,1.62601,0
1721,19,19,14,110,1,19,0,110,0,1,0,0.16,0.0688206,0.96723,1.74693,0
1722,9,9,6,110,1,9,0,110,1,5,0,0.16,0.06432,0.969543,1.42903,0
1723,18,18,14,110,1,18,0,110,0,0,0,0.16,0.0597854,0.970438,1.67823,0
1724,53,36,25,110,1,36,0,110,0,1,0,0.16,0,1,1.45377,0
1725,8,8,5,112,1,8,0,110,2,3,0,0.160714,0.0691964,0.97023,3.61604,1
1726,58,36,11,110,1,36,0,110,0,1,0,0.16,0,1,1.75446,0
1727,19,19,4,110,1,19,0,110,0,0,0,0.16,0.0499745,0.976043,1.60392,0
1728,4,4,3,110,1,4,0,110,2,2,0,1,0.0682566,0.973325,1.71953,0
1729,6,6,2,113,1,6,0,110,3,5,0,0.16,0.0690907,0.97313,2.00341,0
1730,31,31,9,110,1,31,0,110,0,0,0,0.16,0.0510973,0.975097,1.4368,0
1731,29,29,12,111,1,29,0,110,1,1,0,0.16,0.0571523,0.976246,1.42778,0
1732,20,20,1,110,1,20,0,110,0,1,0,0.16,0.053819,0.974299,1.52736,0
1733,18,18,9,110,1,18,0,110,0,0,0,0.16,0.0507713,0.976219,1.61891,0
1734,13,13,6,107,1,13,0,110,3,2,0,0.16,0.0788114,0.967233,1.95184,0
1735,12,12,5,108,1,12,0,110,3,0,0,0.16,0.0689205,0.975968,1.43062,0
1736,13,13,9,106,1,13,0,110,4,1,0,0.172294,0.0802428,0.96476,1.87579,0
1737,58,36,55,110,1,36,0,110,0,1,0,0.16,0,1,1.02773,0
1738,22,22,11,108,1,22,0,110,2,0,0,0.16,0.0597446,0.971597,1.85646,0
1739,25,25,3,110,1,25,0,110,0,0,0,0.16,0.0471051,0.977808,2.82055,1
1740,45,36,10,110,1,36,0,110,0,1,0,0.16,0,1,1.69743,0
1741,10,10,7,111,1,10,0,110,1,5,0,0.16361,0.076777,0.962517,3.23901,1
1742,25,24,5,109,1,24,0,110,3,2,1,0.16,0.0740069,0.969636,1.58712,0
1743,19,19,9,110,1,19,0,110,0,0,0,0.16,0.050363,0.976041,1.47138,0
1744,15,15,11,111,1,15,0,110,1,4,0,0.16,0.0722036,0.968431,1.357,0
1745,27,27,2,110,1,27,0,110,0,3,0,0.16,0.0648081,0.969229,1.36863,0
1746,41,36,18,110,1,36,0,110,0,1,0,0.16,0,1,1.72406,0
1747,57,36,11,110,1,36,0,110,0,1,0,0.16,0,1,1.44474,0
1748,23,23,13,110,1,23,0,110,0,1,0,0.16,0.0573668,0.972733,1.43281,0
1749,41,36,5,110,1,36,0,110,1,1,0,0.16,0,1,1.52955,0
1750,43,36,28,109,1,36,0,110,1,1,0,0.16,0,1,1.41922,0
1751,40,36,3,110,1,36,0,110,0,1,0,0.16,0,1,1.60553,0
1752,14,14,6,110,1,14,0,110,2,7,0,0.16,0.0742895,0.968461,1.67904,0
1753,32,32,2,108,1,32,0,110,3,2,0,0.16,0.0865377,0.963909,1.52344,0
1754,46,36,19,107,1,36,0,110,4,1,0,0.16,0,1,1.77545,0
1755,49,36,12,110,1,36,0,110,0,1,0,0.16,0,1,1.3269,0
1756,21,21,8,110,1,21,0,110,2,3,0,0.16,0.0639865,0.975093,1.5425,0
1757,21,21,11,107,1,21,0,110,3,0,0,0.16,0.0771681,0.965761,1.54537,0
1758,20,20,4,110,1,20,0,110,0,0,0,0.16,0.047488,0.976788,1.94503,0
1759,30,30,27,110,1,30,0,110,0,0,0,0.16,0.0478387,0.977282,1.65403,0
1760,7,7,5,109,1,7,0,110,4,6,0,0.16,0.0650725,0.971579,2.04485,0
1761,9,9,0,107,1,9,0,110,2,2,0,0.16,0.0843471,0.963529,4.44316,1
1762,15,15,12,108,1,15,0,110,2,2,0,0.16,0.0606503,0.970327,2.49066,1
1763,22,22,10,111,1,22,0,110,3,2,0,0.16,0.0755744,0.973176,1.21827,0
1764,45,36,7,109,1,36,0,110,1,1,0,0.16,0,1,1.43498,0
1765,24,24,0,110,1,24,0,110,0,0,0,0.16,0.0493534,0.976885,2.02666,0
1766,12,12,6,110,1,12,0,110,2,2,0,0.16,0.0566017,0.972629,1.55669,0
1767,19,19,14,110,1,19,0,110,4,3,0,0.16,0.07819,0.968899,1.74071,0
1768,14,14,13,110,1,14,0,110,0,1,0,0.16,0.0492863,0.975891,1.13674,0
1769,62,36,56,110,1,36,0,110,0,1,0,0.16,0,1,1.72721,0
1770,7,7,3,108,1,7,0,110,3,4,0,0.16,0.0615378,0.971974,1.41243,0
1771,55,36,35,109,1,36,0,110,1,1,0,0.16,0,1,1.83327,0
1772,10,10,0,108,1,10,0,110,2,0,0,0.16,0.0628147,0.965624,1.69381,0
1773,15,15,13,108,1,15,0,110,3,0,0,0.16,0.0613431,0.973397,1.4007,0
1774,44,36,4,110,1,36,0,110,0,1,0,0.16,0,1,1.70237,0
1775,29,29,19,111,1,29,0,110,1,1,0,0.16,0.0597131,0.974081,1.83397,0
1776,55,36,29,110,1,36,0,110,0,1,0,0.16,0,1,1.51265,0
1777,11,11,7,112,1,11,0,110,2,3,0,0.16,0.0649351,0.974306,1.46577,0
1778,42,36,34,110,1,36,0,110,0,1,0,0.16,0,1,1.30241,0
1779,19,19,17,110,1,19,0,110,0,0,0,0.16,0.0518675,0.976282,1.4006,0
1780,68,36,21,110,1,36,0,110,0,1,0,0.16,0,1,1.56978,0
1781,36,36,17,110,1,36,0,110,0,0,0,0.16,0.0565144,0.973149,1.77782,0
1782,13,13,2,111,1,13,0,110,1,2,0,0.16,0.0538083,0.977027,1.64722,0
1783,10,10,1,108,1,10,0,110,2,1,0,0.162636,0.0678159,0.970703,1.45623,0
1784,76,36,3,110,1,36,0,110,0,1,0,0.16,0,1,1.59755,0
1785,20,20,3,108,1,20,0,110,2,0,0,0.16,0.0516076,0.975211,1.45071,0
1786,18,18,7,110,1,18,0,110,0,3,0,0.16,0.0789855,0.961642,1.35105,0
1787,12,12,2,107,1,12,0,110,2,2,0,0.16,0.0678273,0.967609,4.2493,1
1788,36,36,0,110,1,36,0,110,0,0,0,0.16,0.0456984,0.978303,1.638,0
1789,27,27,19,110,1,27,0,110,0,0,0,0.16,0.0480626,0.977106,1.85107,0
1790,58,36,15,110,1,36,0,110,1,1,0,0.16,0,1,1.59089,0
1791,20,20,18,109,1,20,0,110,2,3,0,0.16,0.0652819,0.968588,1.48365,0
1792,38,36,0,109,1,36,0,110,1,0,0,0.16,0.0565667,0.974173,1.3287,0
1793,19,19,14,109,1,19,0,110,2,0,0,0.16,0.0730357,0.971256,1.37005,0
1794,16,16,1,109,1,16,0,110,1,2,0,0.16,0.0614643,0.971005,1.44688,0
1795,75,36,65,109,1,36,0,110,6,1,2,0.177072,0,1,0.997123,0
1796,4,4,1,109,1,4,0,110,2,5,0,1,0.081577,0.962834,4.37586,1
1797,10,10,6,111,1,10,0,110,1,5,0,0.16,0.0765203,0.965214,2.12541,0
1798,36,36,13,111,1,36,0,110,1,1,0,0.16,0.0672532,0.970152,1.38456,0
1799,44,36,10,110,1,36,0,110,1,1,0,0.16,0,1,1.98802,0
1800,17,17,3,110,1,17,0,110,0,1,0,0.16,0.0467013,0.977479,1.49849,0
1801,35,35,2,111,1,35,0,110,3,2,0,0.16,0.080833,0.970324,1.65437,0
1802,18,18,13,108,1,18,0,110,2,2,0,0.16,0.0721358,0.965802,1.64779,0
1803,52,36,27,109,1,36,0,110,3,1,0,0.16,0,1,1.96871,0
1804,45,36,7,110,1,36,0,110,0,1,0,0.16,0,1,1.51993,0
1805,42,36,30,110,1,36,0,110,0,1,0,0.16,0,1,1.69545,0
1806,17,17,1,109,1,17,0,110,1,0,0,0.16,0.0558744,0.975665,1.34653,0
1807,6,6,4,109,1,6,0,110,4,4,0,0.16,0.0939237,0.965327,1.86271,0
1808,15,15,10,107,1,15,0,110,5,1,0,0.16,0.092227,0.9654,1.92111,0
1809,14,14,3,110,1,14,0,110,0,0,0,0.16,0.0280688,0.987521,1.38957,0
1810,15,15,7,111,1,15,0,110,1,2,0,0.16,0.0604488,0.973813,1.61105,0
1811,12,12,10,108,1,12,0,110,3,2,0,0.160101,0.0706701,0.969823,1.63418,0
1812,29,29,14,110,1,29,0,110,3,1,0,0.16,0.0713758,0.971507,1.45898,0
1813,17,17,3,109,1,17,0,110,1,3,0,0.16,0.0681123,0.968954,1.81514,0
1814,17,17,6,110,1,17,0,110,1,0,0,0.16,0.0465241,0.97988,1.48963,0
1815,30,30,3,109,1,30,0,110,1,1,0,0.16,0.0585009,0.970379,1.43433,0
1816,20,20,19,110,1,20,0,110,2,1,0,0.16,0.0596801,0.974524,1.57035,0
1817,18,18,10,110,1,18,0,110,0,0,0,0.16,0.0475078,0.977476,1.44506,0
1818,67,36,1,110,1,36,0,110,0,1,0,0.16,0,1,1.48456,0
1819,12,12,8,110,1,12,0,110,1,3,0,0.16,0.0655822,0.969617,3.9146,1
1820,36,36,27,110,1,36,0,110,0,1,0,0.16,0.0587531,0.972647,1.35823,0
1821,33,33,28,112,1,33,0,110,2,3,0,0.16,0.0747071,0.970151,1.58742,0
1822,17,17,5,110,1,17,0,110,2,1,0,0.16,0.0668067,0.972692,1.72668,0
1823,22,22,4,111,1,22,0,110,1,2,0,0.16,0.0650197,0.971543,1.45416,0
1824,18,18,11,113,1,18,0,110,3,3,0,0.16,0.0830358,0.966568,1.7778,0
1825,19,19,1,111,1,19,0,110,1,2,0,0.16,0.071296,0.970119,1.49951,0
1826,99,36,2,110,1,36,0,110,0,1,0,0.16,0,1,1.5489,0
1827,63,36,29,110,1,36,0,110,0,1,0,0.16,0,1,1.72411,0
1828,41,36,28,110,1,36,0,110,0,1,0,0.16,0,1,1.93183,0
1829,28,28,3,110,1,28,0,110,0,1,0,0.161179,0.0564919,0.972591,1.37638,0
1830,38,36,20,109,1,36,0,110,1,1,0,0.16,0.0578095,0.975822,1.89742,0
1831,14,14,10,109,1,14,0,110,1,0,0,0.16,0.0523572,0.977952,1.33081,0
1832,28,28,7,110,1,28,0,110,2,1,0,0.16,0.063588,0.97162,1.75842,0
1833,8,8,5,109,1,8,0,110,3,2,0,0.16,0.0644084,0.974554,1.50186,0
1834,17,17,9,111,1,17,0,110,2,1,0,0.16,0.0746498,0.96898,1.59601,0
1835,29,29,15,108,1,29,0,110,2,0,0,0.16,0.048894,0.977656,1.7236,0
1836,29,29,15,110,1,29,0,110,0,0,0,0.16,0.0588956,0.972601,1.72023,0
1837,95,36,16,110,1,36,0,110,0,1,0,0.16,0,1,1.62297,0
1838,20,20,12,110,1,20,0,110,0,0,0,0.16,0.0490877,0.976335,1.44112,0
1839,7,7,2,112,1,7,0,110,4,10,0,0.16,0.0788355,0.96916,1.20522,0
1840,19,19,13,110,1,19,0,110,0,0,0,0.16,0.0526885,0.974851,1.36319,0
1841,36,36,16,110,1,36,0,110,2,1,0,0.16,0.0663319,0.971765,1.71241,0
1842,32,32,20,109,1,32,0,110,1,1,0,0.16,0.0549838,0.975226,1.63977,0
1843,10,10,7,110,1,10,0,110,0,5,0,0.16361,0.0750904,0.966708,2.15661,1
1844,32,32,5,110,1,32,0,110,0,1,0,0.16,0.0562864,0.974036,1.44266,0
1845,14,14,12,110,1,14,0,110,1,1,0,0.16,0.0638915,0.973305,1.80978,0
1846,58,36,25,110,1,36,0,110,2,1,0,0.16,0,1,1.21013,0
1847,45,36,37,108,1,36,0,110,4,1,0,0.166667,0,1,1.40002,0
1848,45,36,1,110,1,36,0,110,0,1,0,0.16,0,1,1.38016,0
1849,31,31,30,111,1,31,0,110,1,1,0,0.16,0.0682897,0.969678,1.71909,0
1850,69,36,7,111,1,36,0,110,1,1,1,0.16,0,1,1.41691,0
1851,22,22,4,111,1,22,0,110,1,3,0,0.16,0.0660185,0.973175,1.60206,0
1852,10,10,1,109,1,10,0,110,2,4,0,0.16,0.069681,0.968687,1.52753,0
1853,14,14,0,108,1,14,0,110,2,3,0,0.16,0.0709892,0.964587,1.9171,0
1854,21,21,4,113,1,21,0,110,3,4,0,0.168142,0.0813316,0.971342,1.6864,0
1855,21,21,3,110,1,21,0,110,0,1,0,0.16,0.0420934,0.979614,1.51399,0
1856,22,22,8,110,1,22,0,110,0,0,0,0.16,0.0412352,0.980951,1.06129,0
1857,5,5,0,110,1,5,0,110,1,3,0,0.16,0.042624,0.980463,4.07739,1
1858,60,36,54,110,1,36,0,110,0,1,0,0.16,0,1,1.66331,0
1859,34,34,6,109,1,34,0,110,1,2,0,0.16,0.0647155,0.967684,1.40831,0
1860,25,25,21,110,1,25,0,110,0,0,0,0.16,0.0555239,0.973645,1.50059,0
1861,7,7,2,112,1,7,0,110,2,7,0,0.16,0.0633762,0.974229,1.70244,0
1862,16,16,12,109,1,16,0,110,1,2,0,0.16,0.0706496,0.968159,1.64393,0
1863,22,22,14,109,1,22,0,110,1,0,0,0.16,0.0626415,0.970815,1.37424,0
1864,45,36,21,110,1,36,0,110,0,1,0,0.16,0,1,1.33342,0
1865,62,36,8,108,1,36,0,110,2,1,0,0.16,0,1,1.65485,0
1866,29,29,2,111,1,29,0,110,1,3,0,0.16,0.0668284,0.971298,1.54817,0
1867,14,14,7,110,1,14,0,110,1,5,0,0.16,0.0641575,0.971693,1.62415,0
1868,31,31,26,107,1,31,0,110,3,2,0,0.16,0.07837,0.9663,1.53165,0
1869,18,18,15,108,1,18,0,110,2,1,0,0.162162,0.0772498,0.968869,1.75271,0
1870,17,17,5,109,1,17,0,110,1,0,0,0.16,0.0553331,0.977008,1.18193,0
1871,21,21,5,108,1,21,0,110,2,0,0,0.16,0.0669732,0.9709,1.9012,0
1872,23,23,3,108,1,23,0,110,2,0,0,0.172932,0.0683443,0.973831,1.65261,0
1873,27,27,0,107,1,27,0,110,6,3,0,0.182399,0.110337,0.967341,1.84644,0
1874,11,11,7,110,1,11,0,110,3,4,0,0.16,0.0811365,0.966032,1.43344,0
1875,33,33,0,110,1,33,0,110,0,0,0,0.16,0.0484238,0.977838,1.64521,0
1876,36,36,33,110,1,36,0,110,1,0,0,0.16,0.0521829,0.978177,1.51444,0
1877,43,36,16,110,1,36,0,110,0,1,0,0.16,0,1,1.38382,0
1878,23,23,1,108,1,23,0,110,2,0,0,0.16,0.072024,0.969423,1.51501,0
1879,47,36,16,110,1,36,0,110,0,1,0,0.16,0,1,1.63554,0
1880,13,13,2,109,1,13,0,110,1,0,0,0.16,0.0556129,0.975906,1.84307,0
1881,56,36,21,110,1,36,0,110,0,1,0,0.16,0,1,1.79935,0
1882,18,18,6,110,1,18,0,110,2,1,0,0.16,0.0641869,0.97295,1.55169,0
1883,12,12,9,109,1,12,0,110,4,3,0,0.16,0.0839276,0.966292,1.68857,0
1884,19,19,9,109,1,19,0,110,1,2,0,0.16,0.0730152,0.970538,1.98881,0
1885,11,11,5,110,1,11,0,110,0,0,0,0.16,0.0459939,0.97713,1.65174,0
1886,18,18,9,108,1,18,0,110,5,3,0,0.167139,0.100273,0.960936,1.3408,0
1887,26,26,13,109,1,26,0,110,1,0,0,0.16,0.0650182,0.971969,1.47103,0
1888,12,12,3,109,1,12,0,110,1,0,0,0.16,0.0496652,0.979227,1.75419,0
1889,20,20,15,108,1,20,0,110,3,0,0,0.168192,0.0788403,0.966222,1.41632,0
1890,55,36,46,109,1,36,0,110,1,1,0,0.16,0,1,1.78492,0
1891,71,36,18,109,1,36,0,110,1,1,1,0.16,0,1,1.66378,0
1892,87,36,14,110,1,36,0,110,0,1,0,0.16,0,1,1.31501,0
1893,93,36,28,110,1,36,0,110,0,1,0,0.16,0,1,1.96872,0
1894,14,14,0,110,1,14,0,110,1,0,0,0.16,0.0585886,0.975567,1.87448,0
1895,24,24,8,110,1,24,0,110,0,0,0,0.16,0.0591314,0.974244,1.5393,0
1896,14,14,2,109,1,14,0,110,1,0,0,0.16,0.0472207,0.976649,1.42292,0
1897,14,14,8,110,1,14,0,110,0,0,0,0.16,0.0419418,0.979447,1.07903,0
1898,10,10,2,112,1,10,0,110,2,8,0,0.16,0.0607143,0.973958,1.63318,0
1899,20,20,8,110,1,20,0,110,0,1,0,0.16,0.0392834,0.981312,1.35361,0
1900,46,36,33,110,1,36,0,110,0,1,0,0.16,0,1,1.09873,0
1901,29,29,10,110,1,29,0,110,2,2,0,0.16,0.0723683,0.966515,1.31644,0
1902,14,14,6,110,1,14,0,110,0,0,0,0.16,0.0485828,0.976213,1.25581,0
1903,52,36,34,110,1,36,0,110,0,1,0,0.16,0,1,1.48136,0
1904,46,36,34,110,1,36,0,110,0,1,0,0.16,0,1,1.6566,0
1905,34,34,8,110,1,34,0,110,0,1,0,0.16,0.0466876,0.977691,1.79894,0
1906,27,27,17,107,1,27,0,110,3,1,0,0.16,0.0781266,0.960449,1.83195,0
1907,14,14,5,111,1,14,0,110,2,3,0,0.16,0.0594058,0.975463,1.75668,0
1908,42,36,37,110,1,36,0,110,0,1,0,0.16,0,1,1.8082,0
1909,17,17,11,110,1,17,0,110,0,2,0,0.16,0.0506528,0.97509,1.45616,0
1910,33,33,22,110,1,33,0,110,0,0,0,0.16,0.0573889,0.972903,1.53568,0
1911,12,12,2,107,1,12,0,110,3,0,0,0.16,0.06278,0.97303,1.73502,0
1912,29,29,23,107,1,29,0,110,3,0,0,0.16,0.0609389,0.980979,1.45041,0
1913,26,26,5,110,1,26,0,110,0,1,0,0.16,0.051897,0.977269,2.52205,1
1914,27,27,19,110,1,27,0,110,3,2,0,0.16,0.0813329,0.971408,1.71313,0
1915,42,36,8,111,1,36,0,110,1,1,0,0.16,0,1,1.79634,0
1916,30,30,9,110,1,30,0,110,0,0,0,0.16,0.0527225,0.975018,1.40341,0
1917,12,12,9,108,1,12,0,110,3,0,0,0.16,0.0700259,0.973659,1.23057,0
1918,22,22,21,110,1,22,0,110,0,0,0,0.16,0.0454591,0.979511,1.57484,0
1919,60,36,59,110,1,36,0,110,0,1,0,0.16,0,1,1.49951,0
1920,35,35,5,108,1,35,0,110,2,1,0,0.16,0.0596392,0.974505,1.23606,0
1921,29,29,5,110,1,29,0,110,0,1,0,0.16,0.050769,0.975875,1.53129,0
1922,30,30,16,110,1,30,0,110,0,2,0,0.16,0.0472788,0.977283,1.84291,0
1923,27,27,6,110,1,27,0,110,0,1,0,0.16,0.0558903,0.973754,1.67196,0
1924,34,34,10,109,1,34,0,110,1,1,0,0.16,0.0531088,0.976279,1.1845,0
1925,26,26,19,109,1,26,0,110,3,1,0,0.16,0.0725755,0.97232,1.11437,0
1926,49,36,20,110,1,36,0,110,0,1,0,0.16,0,1,1.76892,0
1927,29,29,8,109,1,29,0,110,1,0,0,0.16,0.0599737,0.973922,1.83965,0
1928,34,34,6,110,1,34,0,110,0,1,0,0.16,0.0609461,0.971437,1.03153,0
1929,21,21,13,107,1,21,0,110,3,1,0,0.16,0.0799295,0.964429,1.80113,0
1930,15,15,4,108,1,15,0,110,3,2,0,0.163609,0.0810523,0.964799,1.74864,0
1931,18,18,6,108,1,18,0,110,2,0,0,0.16,0.0616504,0.973479,1.47338,0
1932,25,25,6,109,1,25,0,110,1,1,0,0.16,0.0593856,0.972124,2.10879,0
1933,5,5,3,108,1,5,0,110,2,5,0,0.28,0.103189,0.953403,4.14214,1
1934,9,9,2,109,1,9,0,110,4,2,0,0.182762,0.0806606,0.964193,1.42419,0
1935,28,28,8,110,1,28,0,110,0,0,0,0.16,0.0550913,0.974852,1.58624,0
1936,39,36,2,108,1,36,0,110,2,1,0,0.16,0.0670977,0.97048,1.61044,0
1937,56,36,0,110,1,36,0,110,0,1,0,0.16,0,1,1.67894,0
1938,17,17,14,108,1,17,0,110,2,0,0,0.16,0.0628141,0.972733,1.15557,0
1939,59,36,56,109,1,36,0,110,1,1,0,0.16,0,1,1.84332,0
1940,54,36,19,110,1,36,0,110,0,1,0,0.16,0,1,1.06307,0
1941,27,27,18,108,1,27,0,110,2,0,0,0.16,0.0667699,0.971223,1.41185,0
1942,20,20,7,108,1,20,0,110,2,1,0,0.16,0.0729877,0.968757,1.42515,0
1943,14,14,9,112,1,14,0,110,2,3,0,0.16,0.0771063,0.967748,1.49792,0
1944,27,27,11,110,1,27,0,110,0,1,0,0.16,0.0480954,0.977943,1.62126,0
1945,19,19,11,112,1,19,0,110,2,2,0,0.16,0.0706567,0.969682,1.28719,0
1946,34,34,24,110,1,34,0,110,0,1,0,0.16,0.0598711,0.971703,1.32,0
1947,24,24,0,107,1,24,0,110,3,1,0,0.16,0.0722728,0.966357,1.98254,0
1948,66,36,2,110,1,36,0,110,0,1,0,0.16,0,1,1.56592,0
1949,42,36,16,110,1,36,0,110,0,1,0,0.16,0,1,1.18657,0
1950,21,21,13,110,1,21,0,110,0,0,0,0.16,0.0628403,0.970567,1.58998,0
1951,33,33,3,110,1,33,0,110,0,2,0,0.16,0.0556057,0.972904,1.79592,0
1952,31,31,26,109,1,31,0,110,4,1,0,0.186646,0.0891173,0.967945,1.34164,0
1953,15,15,8,108,1,15,0,110,2,0,0,0.16,0.0577408,0.973398,3.97715,1
1954,20,20,9,110,1,20,0,110,2,3,0,0.16,0.0719688,0.969547,1.5721,0
1955,29,29,17,112,1,29,0,110,2,3,0,0.16,0.0647319,0.973545,1.49893,0
1956,10,10,6,110,1,10,0,110,0,3,0,0.16,0.0647869,0.970321,1.99537,0
1957,13,13,11,111,1,13,0,110,1,2,0,0.16,0.0752342,0.967373,1.59568,0
1958,51,36,48,110,1,36,0,110,0,1,0,0.16,0,1,1.34222,0
1959,18,18,9,109,1,18,0,110,2,2,0,0.16,0.0770955,0.966364,1.1769,0
1960,13,13,1,110,1,13,0,110,1,1,0,0.16,0.0506494,0.977169,1.61055,0
1961,29,29,7,109,1,29,0,110,1,0,0,0.16,0.0459084,0.976757,1.56503,0
1962,14,14,4,108,1,14,0,110,2,0,0,0.16,0.0561935,0.974127,3.78996,1
1963,13,13,11,110,1,13,0,110,0,1,0,0.16,0.0553047,0.972991,1.84989,0
1964,12,12,4,110,1,12,0,110,2,1,0,0.16,0.0634352,0.975646,1.2702,0
1965,35,35,34,109,1,35,0,110,1,0,0,0.16,0.0545557,0.972912,1.26735,0
1966,16,16,9,108,1,16,0,110,2,1,0,0.16,0.0769351,0.965845,1.59762,0
1967,41,36,38,111,1,36,0,110,1,1,0,0.16,0,1,1.64235,0
1968,48,36,28,110,1,36,0,110,0,1,0,0.16,0,1,1.77258,0
1969,13,13,4,110,1,13,0,110,1,4,0,0.16,0.0789548,0.966731,1.48926,0
1970,13,13,0,109,1,13,0,110,1,0,0,0.16,0.0425323,0.980122,1.60632,0
1971,30,30,24,108,1,30,0,110,2,1,0,0.16,0.0698185,0.966726,1.76344,0
1972,16,16,14,110,1,16,0,110,0,2,0,0.16,0.0503151,0.975229,1.94003,0
1973,6,6,2,109,1,6,0,110,2,6,0,0.16,0.0773863,0.969127,4.45664,1
1974,25,25,12,110,1,25,0,110,0,2,0,0.16,0.0730909,0.966766,1.65163,0
1975,5,5,0,112,1,5,0,110,6,9,0,0.196429,0.101786,0.958605,4.87389,1
1976,22,22,20,112,1,22,0,110,3,2,0,0.16,0.0808454,0.966949,1.52831,0
1977,30,30,27,110,1,30,0,110,0,0,0,0.16,0.050746,0.97683,1.33046,0
1978,36,36,34,110,1,36,0,110,0,1,0,0.16,0.0558123,0.973401,1.79095,0
1979,17,17,7,110,1,17,0,110,1,1,0,0.172727,0.070799,0.969497,1.43585,0
1980,17,17,6,110,1,17,0,110,4,4,0,0.181818,0.0953406,0.962311,1.61051,0
1981,4,4,0,108,1,4,0,110,4,1,0,1,0.054231,0.978597,4.62159,1
1982,82,36,4,110,1,36,0,110,0,1,0,0.16,0,1,1.53903,0
1983,5,5,0,107,1,5,0,110,6,4,0,0.171228,0.11079,0.958554,1.8405,0
1984,82,36,26,110,1,36,0,110,0,1,0,0.16,0,1,1.98256,0
1985,71,36,2,110,1,36,0,110,0,1,0,0.16,0,1,1.60191,0
1986,17,17,2,109,1,17,0,110,1,0,0,0.16,0.0488559,0.977011,1.22421,0
1987,13,13,1,109,1,13,0,110,2,2,0,0.16,0.0564921,0.970995,4.33903,1
1988,28,28,25,110,1,28,0,110,0,1,0,0.16,0.0560618,0.973558,1.68176,0
1989,21,21,18,109,1,21,0,110,1,1,0,0.16,0.0626877,0.971819,1.41847,0
1990,37,36,7,110,1,36,0,110,0,0,0,0.16,0.0535106,0.974155,1.56657,0
1991,13,13,7,110,1,13,0,110,1,0,0,0.16,0.0584128,0.975425,1.63264,0
1992,10,10,6,112,1,10,0,110,4,4,0,0.16,0.0740439,0.969516,1.95018,0
1993,11,11,6,110,1,11,0,110,0,1,0,0.16,0.0436027,0.978776,1.33105,0
1994,19,19,2,109,1,19,0,110,1,3,0,0.16,0.0661315,0.969336,1.88831,0
1995,65,36,2,110,1,36,0,110,0,1,0,0.16,0,1,1.84079,0
1996,32,32,0,111,1,32,0,110,1,2,0,0.16,0.061118,0.973429,1.52947,0
1997,10,10,4,109,1,10,0,110,3,1,0,0.16,0.0681359,0.975532,1.46995,0
1998,71,36,61,110,1,36,0,110,0,1,0,0.16,0,1,1.92009,0
1999,53,36,14,110,1,36,0,110,0,1,0,0.16,0,1,1.67693,0
2000,38,36,33,111,1,36,0,110,1,2,0,0.16,0.074134,0.968034,1.88634,0
2001,15,15,6,111,1,15,0,110,1,1,0,0.16,0.0617224,0.973514,1.13656,0
2002,26,26,19,109,1,26,0,110,1,1,0,0.16,0.0608102,0.969688,1.36766,0
2003,81,36,34,110,1,36,0,110,0,1,0,0.16,0,1,1.86111,0
2004,22,22,20,110,1,22,0,110,0,0,0,0.16,0.0564873,0.973342,1.65284,0
2005,81,36,8,110,1,36,0,110,0,1,0,0.16,0,1,1.74097,0
2006,14,14,0,109,1,14,0,110,0,3,0,0.16,0.0719311,0.967518,2.25098,1
2007,21,21,8,109,1,21,0,110,1,2,0,0.16,0.0590041,0.973128,1.51337,0
2008,47,36,23,109,1,36,0,110,1,1,0,0.16,0,1,1.68192,0
2009,12,12,11,110,1,12,0,110,3,3,0,0.16,0.0873738,0.964713,1.45616,0
2010,15,15,0,108,1,15,0,110,0,0,0,0.16,0.0763551,0.970941,2.18063,1
2011,15,15,6,110,1,15,0,110,0,2,0,0.16,0.0659097,0.967542,1.72881,0
2012,39,36,24,110,1,36,0,110,2,3,0,0.16,0.0684758,0.967494,3.58727,1
2013,51,36,14,111,1,36,0,110,1,1,0,0.16,0,1,1.66989,0
2014,31,31,19,109,1,31,0,110,1,0,0,0.16,0.0627707,0.970745,1.7642,0
2015,10,10,7,109,1,10,0,110,1,2,0,0.16,0.0623691,0.970053,1.65279,0
2016,31,31,17,109,1,31,0,110,2,1,0,0.16,0.0570022,0.971921,3.4246,1
2017,13,13,3,110,1,13,0,110,1,1,0,0.16,0.0541927,0.977169,1.7915,0
2018,96,36,39,110,1,36,0,110,0,1,0,0.16,0,1,1.28644,0
2019,29,29,10,109,1,29,0,110,4,1,0,0.16,0.08888,0.96731,1.71272,0
2020,16,16,7,109,1,16,0,110,2,0,0,0.16,0.064061,0.97557,1.39436,0
2021,33,33,14,110,1,33,0,110,0,0,0,0.16,0.0526947,0.974822,1.54969,0
2022,39,36,13,110,1,36,0,110,1,2,0,0.16,0.0533883,0.973779,2.51344,1
2023,18,18,12,107,1,18,0,110,2,0,0,0.16,0.0573357,0.97349,2.82885,1
2024,10,10,4,110,1,10,0,110,3,7,0,0.163636,0.0910941,0.958571,4.9596,1
2025,20,20,3,110,1,20,0,110,2,1,0,0.16,0.0724138,0.97,1.61084,0
2026,10,10,9,109,1,10,0,110,2,1,0,0.16,0.0655268,0.971419,1.5618,0
2027,45,36,6,110,1,36,0,110,0,1,0,0.16,0,1,1.71949,0
2028,23,23,14,110,1,23,0,110,0,0,0,0.16,0.0712274,0.965648,1.90832,0
2029,35,35,7,109,1,35,0,110,1,2,0,0.16,0.0685059,0.970563,1.78955,0
2030,7,7,6,109,1,7,0,110,2,6,0,0.16,0.0653655,0.967014,4.31136,1
2031,26,26,10,109,1,26,0,110,1,0,0,0.16,0.078576,0.964242,1.35811,0
2032,86,36,1,110,1,36,0,110,0,1,0,0.16,0,1,1.40941,0
2033,11,11,6,109,1,11,0,110,1,0,0,0.16,0.0532957,0.975263,1.31694,0
2034,21,21,3,110,1,21,0,110,0,2,0,0.16,0.0551442,0.974013,1.39142,0
2035,43,36,0,110,1,36,0,110,0,1,0,0.16,0,1,1.15407,0
2036,18,18,7,111,1,18,0,110,1,2,0,0.16,0.060287,0.974187,2.07503,0
2037,56,36,8,110,1,36,0,110,0,1,0,0.16,0,1,1.02603,0
2038,3,3,1,112,1,3,0,110,2,17,0,1,0.0833333,0.9636,4.53722,1
2039,18,18,13,110,1,18,0,110,1,1,0,0.16,0.0618422,0.972955,1.48953,0
2040,12,12,11,110,1,12,0,110,1,2,0,0.16,0.0605049,0.974889,1.3462,0
2041,44,36,12,110,1,36,0,110,0,1,0,0.16,0,1,1.21063,0
2042,17,17,13,111,1,17,0,110,1,1,0,0.16,0.0567797,0.976365,1.57257,0
2043,47,36,42,109,1,36,0,110,1,1,0,0.16,0,1,1.38366,0
2044,8,8,5,111,1,8,0,110,5,5,0,0.162162,0.091864,0.963242,1.49466,0
2045,24,24,9,110,1,24,0,110,0,0,0,0.16,0.0469636,0.978203,1.85922,0
2046,82,36,19,110,1,36,0,110,0,1,0,0.16,0,1,1.35999,0
2047,30,30,9,110,1,30,0,110,2,1,0,0.16,0.0640458,0.974718,1.62739,0
2048,14,14,1,108,1,14,0,110,3,1,0,0.179461,0.0869279,0.966891,1.72889,0
2049,20,20,2,109,1,20,0,110,1,1,0,0.16,0.0591244,0.969957,1.47405,0
2050,30,30,6,110,1,30,0,110,0,0,0,0.163636,0.0640231,0.970042,1.57425,0
2051,55,36,1,110,1,36,0,110,0,1,1,0.16,0,1,1.36696,0
2052,19,19,15,111,1,19,0,110,3,4,0,0.16,0.0841659,0.963747,1.84338,0
2053,23,23,13,111,1,23,0,110,3,4,0,0.16,0.0820578,0.967517,1.65791,0
2054,29,29,15,107,1,29,0,110,3,4,0,0.16,0.0910938,0.959807,1.1515,0
2055,25,25,0,111,1,25,0,110,1,1,0,0.16,0.0518468,0.977648,1.34185,0
2056,11,11,4,110,1,11,0,110,0,0,0,0.16,0.0547302,0.973434,1.19244,0
2057,43,36,7,110,1,36,0,110,0,1,0,0.16,0,1,1.42757,0
2058,28,28,21,108,1,28,0,110,2,1,0,0.16,0.0705785,0.970769,1.50697,0
2059,8,8,6,111,1,8,0,110,3,4,0,0.216216,0.0844595,0.962685,1.86112,0
2060,40,36,5,110,1,36,0,110,0,1,0,0.16,0,1,1.04342,0
2061,20,20,6,111,1,20,0,110,2,2,0,0.16,0.062461,0.972288,1.61028,0
2062,39,36,36,110,1,36,0,110,0,0,0,0.16,0.054365,0.974783,1.12294,0
2063,27,27,24,109,1,27,0,110,1,0,0,0.16,0.0548844,0.977064,1.47984,0
2064,65,36,3,111,1,36,0,110,1,1,0,0.16,0,1,1.45788,0
2065,33,33,21,109,1,33,0,110,1,2,0,0.16,0.0630678,0.970166,1.04917,0
2066,16,16,6,110,1,16,0,110,0,2,0,0.16,0.0550471,0.973251,1.44391,0
2067,9,9,6,109,1,9,0,110,3,2,0,0.16,0.0694349,0.972308,1.53201,0
2068,9,9,8,109,1,9,0,110,0,2,0,0.16,0.0712272,0.971803,2.65604,1
2069,23,23,21,110,1,23,0,110,0,2,0,0.16,0.0568288,0.972141,1.29202,0
2070,25,25,0,109,1,25,0,110,1,1,0,0.16,0.0658351,0.97085,1.08355,0
2071,14,14,7,110,1,14,0,110,0,1,0,0.16,0.0632457,0.969749,1.31688,0
2072,76,36,25,110,1,36,0,110,0,1,0,0.16,0,1,1.95538,0
2073,15,15,8,110,1,15,0,110,0,0,0,0.16,0.0516375,0.974781,1.39603,0
2074,58,36,21,109,1,36,0,110,1,1,0,0.16,0,1,1.46578,0
2075,28,28,19,109,1,28,0,110,1,0,0,0.16,0.0579976,0.972827,1.82057,0
2076,98,36,5,110,1,36,0,110,0,1,0,0.16,0,1,1.99435,0
2077,24,24,15,109,1,24,0,110,2,1,0,0.16,0.0693782,0.967731,3.44641,1
2078,30,30,13,109,1,30,0,110,1,0,0,0.16,0.0584085,0.970377,1.32877,0
2079,9,9,1,109,1,9,0,110,0,3,0,0.16,0.0664813,0.969267,2.39042,1
2080,25,25,11,108,1,25,0,110,2,2,0,0.16,0.0789644,0.963392,1.61071,0
2081,17,17,1,110,1,17,0,110,0,0,0,0.16,0.057222,0.97349,1.70027,0
2082,1,1,0,109,1,1,0,110,2,0,0,1,0,0,4.42972,1
2083,23,23,8,110,1,23,0,110,0,1,0,0.16,0.0468522,0.977061,1.25473,0
2084,43,36,42,111,1,36,0,110,1,1,0,0.16,0,1,1.57978,0
2085,10,10,2,110,1,10,0,110,0,1,0,0.16,0.0650162,0.969872,2.98112,1
2086,2,2,1,110,1,2,0,110,1,3,0,1,0.0309735,0.98283,3.60996,1
2087,29,29,24,110,1,29,0,110,2,2,0,0.16,0.0687909,0.971037,1.53342,0
2088,47,36,26,110,1,36,0,110,0,1,0,0.16,0,1,2.02088,0
2089,21,21,18,111,1,21,0,110,1,2,0,0.16,0.0698402,0.971684,1.47963,0
2090,18,18,9,111,1,18,0,110,3,2,0,0.16,0.0792734,0.96846,1.54633,0
2091,12,12,9,109,1,12,0,110,1,1,0,0.16,0.0604369,0.971998,1.37653,0
2092,12,12,11,111,1,12,0,110,1,1,0,0.16,0.0477626,0.979598,1.58232,0
2093,20,20,9,109,1,20,0,110,1,0,0,0.16,0.0504081,0.973836,1.67931,0
2094,13,13,0,107,1,13,0,110,3,3,0,0.16,0.0875174,0.957581,1.6328,0
2095,46,36,6,110,1,36,0,110,0,1,0,0.16,0,1,1.79384,0
2096,26,26,11,109,1,26,0,110,1,0,0,0.16,0.0615791,0.971442,1.34663,0
2097,7,7,0,109,1,7,0,110,1,3,0,0.16,0.0626247,0.97158,1.61071,0
2098,31,31,0,110,1,31,0,110,0,0,0,0.16,0.0409993,0.980642,1.41335,0
2099,82,36,42,111,1,36,0,110,5,1,3,0.16,0,1,1.4862,0
2100,21,21,4,110,1,21,0,110,1,1,0,0.16,0.0629868,0.97186,1.52011,0
2101,24,24,15,108,1,24,0,110,2,1,0,0.16,0.064879,0.974541,1.50984,0
2102,13,13,3,110,1,13,0,110,0,1,0,0.16,0.0453411,0.979259,1.88657,0
2103,19,19,12,112,1,19,0,110,2,4,0,0.16,0.0733083,0.965709,1.54479,0
2104,29,29,27,110,1,29,0,110,0,0,0,0.16,0.0463479,0.978528,1.80338,0
2105,17,17,14,110,1,17,0,110,1,4,0,0.16,0.0644657,0.969766,1.34994,0
2106,21,21,19,110,1,21,0,110,0,4,0,0.16,0.0634363,0.969922,1.95139,0
2107,20,20,2,110,1,20,0,110,0,0,0,0.16,0.0430604,0.978823,1.58363,0
2108,10,10,3,110,1,10,0,110,3,3,0,0.172727,0.0856212,0.964896,1.51386,0
2109,26,26,18,108,1,26,0,110,2,1,0,0.16,0.0780499,0.964267,1.85674,0
2110,36,36,28,110,1,36,0,110,0,0,0,0.16,0.06019,0.971766,1.52507,0
2111,47,36,3,110,1,36,0,110,0,1,0,0.16,0,1,1.70465,0
2112,18,18,10,108,1,18,0,110,2,1,0,0.16,0.0776849,0.967846,1.56141,0
2113,26,26,10,110,1,26,0,110,0,0,0,0.16737,0.0589645,0.972396,1.91417,0
2114,74,36,16,110,1,36,0,110,0,1,0,0.16,0,1,1.50425,0
2115,50,36,18,110,1,36,0,110,2,1,0,0.16,0,1,1.84863,0
2116,14,14,12,108,1,14,0,110,2,2,0,0.16,0.0742967,0.966892,1.20525,0
2117,65,36,0,110,1,36,0,110,0,1,0,0.16,0,1,1.55085,0
2118,36,36,11,110,1,36,0,110,0,1,0,0.16,0.0497806,0.976419,1.37591,0
2119,7,7,0,108,1,7,0,110,5,5,0,0.171296,0.0911197,0.964073,1.60417,0
2120,17,17,11,110,1,17,0,110,0,1,0,0.16,0.0623297,0.971094,1.60292,0
2121,80,36,4,110,1,36,0,110,0,1,0,0.16,0,1,1.63424,0
2122,32,32,31,110,1,32,0,110,0,1,0,0.16,0.0584817,0.972341,1.47057,0
2123,14,14,12,110,1,14,0,110,1,2,0,0.16,0.047878,0.97654,1.44061,0
2124,19,19,2,110,1,19,0,110,0,1,0,0.16,0.0561023,0.972233,1.52385,0
2125,38,36,28,110,1,36,0,110,0,0,0,0.16,0.0584164,0.972144,1.34291,0
2126,11,11,4,110,1,11,0,110,1,1,0,0.16,0.0668456,0.971783,1.74079,0
2127,25,25,16,110,1,25,0,110,0,1,0,0.16,0.0563959,0.973101,1.91506,0
2128,10,10,2,108,1,10,0,110,2,1,0,0.16,0.0755205,0.967477,2.03186,0
2129,24,24,2,108,1,24,0,110,2,1,0,0.16,0.0643012,0.977224,1.50232,0
2130,28,28,8,109,1,28,0,110,1,1,0,0.16,0.0572804,0.97332,1.3076,0
2131,12,11,3,109,1,11,0,110,4,3,1,0.16,0.0763001,0.96614,1.86541,0
2132,39,36,34,110,1,36,0,110,0,1,0,0.16,0.0540967,0.97403,2.00875,0
2133,65,36,63,110,1,36,0,110,2,1,0,0.16,0,1,1.70731,0
2134,7,7,5,110,1,7,0,110,0,7,0,0.263636,0.108463,0.962783,2.16693,1
2135,11,11,4,112,1,11,0,110,2,2,0,0.16,0.0614191,0.972285,1.48686,0
2136,50,36,36,110,1,36,0,110,0,1,0,0.16,0,1,1.77086,0
2137,11,11,1,111,1,11,0,110,1,3,0,0.16,0.0662513,0.972446,1.53098,0
2138,17,17,3,110,1,17,0,110,1,3,0,0.16,0.06374,0.970031,1.47023,0
2139,56,36,29,110,1,36,0,110,0,1,0,0.16,0,1,1.43901,0
2140,19,19,6,111,1,19,0,110,1,1,0,0.16,0.0581113,0.97484,1.62178,0
2141,18,18,9,109,1,18,0,110,1,0,0,0.16,0.0613445,0.971182,1.52536,0
2142,15,15,10,111,1,15,0,110,2,2,0,0.16,0.0642817,0.973512,1.53629,0
2143,11,11,3,108,1,11,0,110,3,1,0,0.174174,0.089864,0.964989,1.51063,0
2144,19,19,3,111,1,19,0,110,1,3,0,0.16,0.0709934,0.968468,1.49249,0
2145,32,32,30,111,1,32,0,110,1,1,0,0.16,0.0663016,0.971465,1.81078,0
2146,30,30,25,108,1,30,0,110,2,1,0,0.16,0.0692454,0.970721,1.41191,0
2147,27,27,14,109,1,27,0,110,1,3,0,0.16,0.0758306,0.962692,1.67462,0
2148,17,17,4,109,1,17,0,110,2,1,0,0.16,0.0562264,0.977276,1.03827,0
2149,20,20,0,112,1,20,0,110,2,3,0,0.16,0.0658633,0.972309,1.54007,0
2150,16,16,15,111,1,16,0,110,1,4,0,0.16,0.0684338,0.970123,1.73615,0
2151,10,10,0,112,1,10,0,110,2,3,0,0.16,0.0632832,0.975294,1.86264,0
2152,26,26,23,110,1,26,0,110,0,0,0,0.16,0.0497628,0.975876,1.21429,0
2153,23,23,22,111,1,23,0,110,1,2,0,0.16,0.0596882,0.973365,1.63484,0
2154,26,26,17,108,1,26,0,110,2,0,0,0.16,0.0614946,0.968875,4.31609,1
2155,39,36,26,110,1,36,0,110,1,0,0,0.16,0.0592141,0.975285,1.36523,0
2156,24,24,21,110,1,24,0,110,2,1,0,0.16,0.067724,0.975378,1.75179,0
2157,37,36,8,109,1,36,0,110,1,0,0,0.16,0.0593311,0.974807,1.45897,0
2158,12,12,0,110,1,12,0,110,1,1,0,0.16,0.0554931,0.973385,3.91963,1
2159,6,6,4,111,1,6,0,110,1,5,0,0.16,0.0565829,0.974154,2.02772,0
2160,14,14,12,111,1,14,0,110,1,6,0,0.162162,0.0771062,0.965221,1.58199,0
2161,18,18,3,111,1,18,0,110,1,1,0,0.16,0.0634432,0.972691,1.5678,0
2162,18,18,10,110,1,18,0,110,0,0,0,0.16,0.0534722,0.973708,1.30327,0
2163,12,12,11,112,1,12,0,110,2,3,0,0.169643,0.0713503,0.96941,1.64078,0
2164,15,15,2,109,1,15,0,110,2,0,0,0.16,0.0761731,0.968161,1.72986,0
2165,14,14,11,111,1,14,0,110,1,2,0,0.190637,0.0678064,0.970022,1.56053,0
2166,41,36,20,109,1,36,0,110,3,1,0,0.165138,0,1,1.50508,0
2167,17,17,5,111,1,17,0,110,1,1,0,0.16,0.0593317,0.974517,1.43776,0
2168,18,18,2,110,1,18,0,110,0,0,0,0.16,0.0501624,0.975717,1.48896,0
2169,18,18,5,110,1,18,0,110,2,1,0,0.16,0.0576913,0.973202,2.09617,0
2170,17,17,13,109,1,17,0,110,2,1,0,0.16,0.065692,0.971637,1.57466,0
2171,48,36,47,109,1,36,0,110,1,1,0,0.16,0,1,1.59357,0
2172,45,36,28,108,1,36,0,110,2,1,0,0.167865,0,1,3.34299,1
2173,43,36,29,110,1,36,0,110,0,1,0,0.16,0,1,1.9168,0
2174,29,29,17,109,1,29,0,110,4,2,0,0.16,0.0723557,0.967628,1.68999,0
2175,16,16,15,109,1,16,0,110,1,0,0,0.16,0.0657643,0.971004,1.31592,0
2176,13,13,2,110,1,13,0,110,0,1,0,0.16,0.052878,0.974391,1.51842,0
2177,12,12,2,110,1,12,0,110,0,2,0,0.181818,0.0477882,0.977907,1.96303,0
2178,37,36,19,110,1,36,0,110,4,3,0,0.16,0.0869543,0.964729,1.95337,0
2179,19,19,12,109,1,19,0,110,1,0,0,0.16,0.0549707,0.973901,1.22832,0
2180,13,13,3,110,1,13,0,110,0,0,0,0.16,0.0590973,0.971253,1.49732,0
2181,7,7,1,109,1,7,0,110,1,4,0,0.16,0.0666573,0.970918,1.12159,0
2182,23,23,7,109,1,23,0,110,1,0,0,0.16,0.0648814,0.969904,1.42307,0
2183,49,36,36,108,1,36,0,110,2,1,0,0.16,0,1,1.7573,0
2184,15,15,1,110,1,15,0,110,0,0,0,0.16,0.0523004,0.975688,1.56284,0
2185,29,29,2,109,1,29,0,110,1,0,0,0.16,0.0542511,0.974082,1.53277,0
2186,27,27,23,110,1,27,0,110,0,0,0,0.16,0.0594355,0.97124,1.27882,0
2187,14,14,5,108,1,14,0,110,2,2,0,0.16,0.0572884,0.97117,2.00122,0
2188,15,15,9,109,1,15,0,110,1,0,0,0.16,0.0516162,0.978814,1.67037,0
2189,18,18,0,110,1,18,0,110,0,0,0,0.16,0.0555992,0.972699,1.15849,0
2190,31,31,12,110,1,31,0,110,0,1,0,0.16,0.0472348,0.97714,1.58218,0
2191,14,14,4,107,1,14,0,110,4,2,0,0.16,0.0746198,0.9719,1.28144,0
2192,20,20,18,111,1,20,0,110,2,2,0,0.16,0.0576094,0.974753,1.52336,0
2193,25,25,3,110,1,25,0,110,0,0,0,0.16,0.0552042,0.974006,1.27209,0
2194,21,21,20,110,1,21,0,110,0,1,0,0.16,0.0539173,0.975305,1.40778,0
2195,26,26,13,110,1,26,0,110,0,0,0,0.16,0.0585758,0.971873,1.91604,0
2196,12,12,4,110,1,12,0,110,1,1,0,0.16,0.0587646,0.973009,1.24028,0
2197,23,23,1,110,1,23,0,110,0,1,0,0.16,0.0502966,0.977649,1.53013,0
2198,94,36,32,110,1,36,0,110,0,1,0,0.16,0,1,1.27151,0
2199,16,16,10,110,1,16,0,110,2,3,0,0.16,0.0648417,0.971267,1.75777,0
2200,12,12,10,110,1,12,0,110,1,2,0,0.16,0.0594014,0.973004,1.73033,0
2201,27,27,1,109,1,27,0,110,1,2,0,0.16,0.0630034,0.971993,1.21963,0
2202,20,20,14,109,1,20,0,110,3,0,0,0.16,0.0771753,0.970638,1.85139,0
2203,23,23,12,112,1,23,0,110,2,2,0,0.16,0.0623158,0.976501,1.8612,0
2204,33,33,18,111,1,33,0,110,1,2,0,0.16,0.0570466,0.975728,1.73326,0
2205,12,12,3,109,1,12,0,110,2,0,0,0.16,0.0644844,0.971623,1.43879,0
2206,14,14,7,110,1,14,0,110,3,1,0,0.16,0.0724531,0.970075,1.66825,0
2207,26,26,7,110,1,26,0,110,1,0,0,0.16,0.0652539,0.971003,1.64421,0
2208,6,6,0,110,1,6,0,110,1,8,0,0.16,0.0840389,0.964124,4.41932,1
2209,11,11,2,110,1,11,0,110,0,0,0,0.16,0.0386874,0.981658,1.46751,0
2210,25,25,2,110,1,25,0,110,0,0,0,0.16,0.0468081,0.978531,1.54789,0
2211,18,18,11,110,1,18,0,110,0,2,0,0.163636,0.0496271,0.976722,1.05816,0
2212,43,36,32,110,1,36,0,110,0,1,0,0.16,0,1,1.33266,0
2213,12,12,7,106,1,12,0,110,0,2,0,0.170882,0.0818027,0.960656,2.25065,1
2214,84,36,73,110,1,36,0,110,0,1,0,0.16,0,1,1.64055,0
2215,14,14,6,109,1,14,0,110,1,4,0,0.16,0.0633692,0.970127,1.59926,0
2216,39,36,1,111,1,36,0,110,1,1,0,0.16,0.0705387,0.970776,1.22303,0
2217,44,36,26,110,1,36,0,110,0,1,0,0.16,0,1,1.40018,0
2218,46,36,16,110,1,36,0,110,0,1,0,0.16,0,1,1.78173,0
2219,42,36,0,109,1,36,0,110,1,1,0,0.16,0,1,1.64748,0
2220,60,36,35,109,1,36,0,110,1,1,0,0.16,0,1,1.39315,0
2221,82,36,54,110,1,36,0,110,0,1,0,0.16,0,1,1.41377,0
2222,60,36,13,109,1,36,0,110,0,1,0,0.16,0,1,2.26501,1
2223,33,33,31,109,1,33,0,110,1,1,0,0.16,0.0676631,0.969197,1.66179,0
2224,11,11,4,109,1,11,0,110,1,2,0,0.16,0.0594882,0.975271,1.76857,0
2225,4,4,0,110,1,4,0,110,4,4,0,1,0.0634726,0.975594,1.69391,0
2226,15,15,9,111,1,15,0,110,1,5,0,0.16,0.072577,0.968732,1.63173,0
2227,16,16,8,111,1,16,0,110,2,3,0,0.16,0.0700719,0.969844,1.83092,0
2228,25,25,22,110,1,25,0,110,0,1,0,0.16,0.0519203,0.975093,1.54463,0
2229,10,10,9,112,1,10,0,110,3,5,0,0.16,0.0809367,0.966407,1.60823,0
2230,25,25,23,111,1,25,0,110,2,3,0,0.16,0.0746629,0.969216,1.90349,0
2231,28,28,7,111,1,28,0,110,1,1,0,0.16,0.0608075,0.974275,1.73622,0
2232,42,36,12,110,1,36,0,110,0,1,0,0.16,0,1,1.78833,0
2233,56,36,25,110,1,36,0,110,0,1,0,0.16,0,1,1.70504,0
2234,21,21,3,110,1,21,0,110,0,2,0,0.16,0.057116,0.972505,1.58248,0
2235,14,14,1,109,1,14,0,110,1,0,0,0.171795,0.0683627,0.970129,1.86176,0
2236,11,11,5,110,1,11,0,110,0,0,0,0.16,0.0580503,0.973845,1.36024,0
2237,16,16,5,110,1,16,0,110,1,1,0,0.16,0.0596913,0.974381,1.90513,0
2238,28,28,10,110,1,28,0,110,0,2,0,0.16,0.0581903,0.972105,1.57783,0
2239,23,23,13,111,1,23,0,110,1,1,0,0.16,0.0576114,0.976486,1.5286,0
2240,25,25,20,109,1,25,0,110,1,0,0,0.16,0.0518153,0.972494,1.37004,0
2241,53,36,30,110,1,36,0,110,0,1,0,0.16,0,1,1.13885,0
2242,12,12,5,110,1,12,0,110,0,2,0,0.16,0.052225,0.974516,1.82626,0
2243,14,14,2,110,1,14,0,110,1,2,0,0.16,0.061328,0.972015,1.83857,0
2244,41,36,21,109,1,36,0,110,1,1,0,0.16,0,1,1.72223,0
2245,22,22,0,110,1,22,0,110,0,0,0,0.16,0.0405298,0.980128,1.50644,0
2246,61,36,37,110,1,36,0,110,0,1,0,0.16,0,1,1.15086,0
2247,60,36,8,110,1,36,0,110,0,1,0,0.16,0,1,1.20105,0
2248,28,28,22,110,1,28,0,110,2,1,0,0.16,0.0746752,0.97162,1.84248,0
2249,65,36,11,110,1,36,0,110,0,1,0,0.16,0,1,1.5973,0
2250,8,8,0,111,1,8,0,110,1,1,0,0.16,0.0607002,0.973885,1.53707,0
2251,26,26,19,110,1,26,0,110,0,1,0,0.16,0.0641854,0.97083,1.49377,0
2252,28,28,16,109,1,28,0,110,1,1,0,0.16,0.0543311,0.976256,1.61696,0
2253,2,2,0,108,1,2,0,110,6,12,0,1,0.0648148,0.96648,5.05308,1
2254,8,8,4,110,1,8,0,110,3,4,0,0.16,0.0791432,0.966861,1.76114,0
2255,45,36,2,110,1,36,0,110,0,1,0,0.16,0,1,1.93801,0
2256,12,12,8,111,1,12,0,110,1,2,0,0.16,0.0614685,0.972876,1.86,0
2257,20,20,13,108,1,20,0,110,4,6,0,0.16,0.0854623,0.963923,1.7456,0
2258,70,36,2,110,1,36,0,110,0,1,0,0.16,0,1,1.77063,0
2259,12,12,1,109,1,12,0,110,2,0,0,0.16,0.0687409,0.974281,1.6705,0
2260,48,36,9,109,1,36,0,110,1,1,0,0.16,0,1,1.90423,0
2261,25,25,16,109,1,25,0,110,1,0,0,0.16,0.0665163,0.970117,1.7237,0
2262,7,7,0,110,1,7,0,110,1,7,0,0.163636,0.0721292,0.967306,4.28725,1
2263,58,36,4,110,1,36,0,110,0,1,0,0.16,0,1,1.52417,0
2264,29,29,27,108,1,29,0,110,2,0,0,0.182467,0.0666318,0.971617,1.32549,0
2265,18,18,15,109,1,18,0,110,2,1,0,0.16,0.0706797,0.973467,1.88854,0
2266,8,8,7,108,1,8,0,110,2,5,0,0.194444,0.0765392,0.965115,3.97595,1
2267,22,22,10,110,1,22,0,110,2,2,0,0.16,0.0661351,0.971904,1.93702,0
2268,10,10,7,106,1,10,0,110,4,4,0,0.16,0.0758943,0.96593,4.21871,1
2269,12,12,4,109,1,12,0,110,3,3,0,0.16,0.0703564,0.971239,1.44971,0
2270,36,36,15,110,1,36,0,110,0,1,0,0.16,0.0630496,0.96963,1.19484,0
2271,39,36,19,109,1,36,0,110,1,1,0,0.16,0.0656656,0.971635,1.73974,0
2272,28,28,23,109,1,28,0,110,1,0,0,0.16,0.0585018,0.972177,1.59608,0
2273,24,24,15,109,1,24,0,110,5,3,0,0.16,0.0925877,0.969825,1.67373,0
2274,8,8,0,108,1,8,0,110,5,4,0,0.16,0.08324,0.966262,1.7585,0
2275,67,36,35,110,1,36,0,110,0,1,0,0.16,0,1,1.3496,0
2276,28,28,8,107,1,28,0,110,3,0,0,0.16,0.0755516,0.965185,1.49162,0
2277,62,36,13,110,1,36,0,110,0,1,0,0.16,0,1,1.29413,0
2278,14,14,2,110,1,14,0,110,0,2,0,0.16,0.0533191,0.975244,1.31375,0
2279,19,19,8,111,1,19,0,110,1,2,0,0.16,0.0623674,0.972952,1.31685,0
2280,21,21,8,110,1,21,0,110,0,1,0,0.16,0.0475538,0.977031,1.51314,0
2281,21,21,8,111,1,21,0,110,1,2,0,0.16,0.0613625,0.974674,1.60148,0
2282,9,9,8,110,1,9,0,110,2,1,0,0.16,0.0640502,0.97356,1.39023,0
2283,21,21,3,110,1,21,0,110,1,0,0,0.16,0.0517056,0.978539,1.223,0
2284,20,20,10,109,1,20,0,110,2,4,0,0.16,0.0727318,0.969041,1.87819,0
2285,20,20,18,110,1,20,0,110,2,2,0,0.16,0.0579313,0.973619,1.50736,0
2286,16,16,2,110,1,16,0,110,0,0,0,0.16,0.0477482,0.97777,1.38106,0
2287,9,9,3,109,1,9,0,110,2,2,0,0.16,0.0718728,0.970785,1.6238,0
2288,30,30,17,110,1,30,0,110,0,2,0,0.16,0.0541364,0.973967,1.26079,0
2289,12,12,10,108,1,12,0,110,2,2,0,0.16,0.0687138,0.97366,1.91925,0
2290,36,36,2,110,1,36,0,110,0,3,0,0.16,0.0503899,0.976041,1.31431,0
2291,18,18,8,108,1,18,0,110,2,0,0,0.16,0.0707144,0.970405,1.45438,0
2292,27,27,2,110,1,27,0,110,0,0,0,0.16,0.0467727,0.977273,1.54812,0
2293,59,36,32,110,1,36,0,110,0,1,0,0.16,0,1,1.24162,0
2294,67,36,54,110,1,36,0,110,0,1,0,0.16,0,1,1.52762,0
2295,9,9,1,106,1,9,0,110,1,2,0,0.16,0.0793227,0.966844,4.23405,1
2296,29,29,18,110,1,29,0,110,0,0,0,0.16,0.0493136,0.976341,1.78996,0
2297,6,6,4,111,1,6,0,110,1,5,0,0.16,0.0779172,0.961458,4.26404,1
2298,80,36,23,110,1,36,0,110,0,1,0,0.16,0,1,1.50389,0
2299,32,32,28,111,1,32,0,110,1,1,0,0.16,0.0590656,0.974409,1.27654,0
2300,9,9,8,109,1,9,0,110,1,1,0,0.16,0.0659266,0.969778,1.24042,0
2301,91,36,84,110,1,36,0,110,0,1,0,0.16,0,1,1.33265,0
2302,23,23,19,109,1,23,0,110,1,0,0,0.16,0.0700028,0.966528,1.88571,0
2303,56,36,21,110,1,36,0,110,2,1,0,0.163636,0,1,1.68121,0
2304,25,25,13,110,1,25,0,110,0,0,0,0.16,0.0595396,0.972016,1.50538,0
2305,8,8,6,108,1,8,0,110,1,2,0,0.16,0.05376,0.971445,3.48967,1
2306,15,15,9,112,1,15,0,110,2,3,0,0.16,0.066558,0.974636,1.39606,0
2307,34,34,19,111,1,34,0,110,3,2,0,0.16,0.0721188,0.969452,1.317,0
2308,26,26,7,110,1,26,0,110,0,2,0,0.16,0.0595188,0.972049,1.73682,0
2309,34,34,32,110,1,34,0,110,0,0,0,0.16,0.0444265,0.979688,1.05057,0
2310,8,8,5,109,1,8,0,110,2,1,0,0.16,0.0606344,0.975131,1.33435,0
2311,12,12,0,111,1,12,0,110,1,1,0,0.16,0.0578899,0.97511,1.60215,0
2312,60,36,3,110,1,36,0,110,0,1,0,0.16,0,1,1.51612,0
2313,24,24,14,109,1,24,0,110,2,0,0,0.16,0.0642613,0.972678,1.43098,0
2314,14,14,1,110,1,14,0,110,2,2,0,0.16,0.0697605,0.969426,4.84498,1
2315,26,26,2,108,1,26,0,110,5,2,0,0.161953,0.105106,0.966218,1.38405,0
2316,37,36,4,110,1,36,0,110,0,2,0,0.16,0.0662195,0.968751,1.41612,0
2317,25,25,12,110,1,25,0,110,2,2,0,0.16,0.0749922,0.966228,1.251,0
2318,25,25,5,110,1,25,0,110,2,2,0,0.16,0.0750621,0.969121,1.41245,0
2319,63,36,42,110,1,36,0,110,0,1,0,0.16,0,1,1.33019,0
2320,19,19,0,109,1,19,0,110,1,0,0,0.16,0.0631213,0.970056,1.76507,0
2321,6,6,4,110,1,6,0,110,2,5,0,0.16,0.0621212,0.970158,4.30004,1
2322,18,18,11,110,1,18,0,110,1,1,0,0.16,0.0513123,0.978731,2.00989,0
2323,47,36,33,110,1,36,0,110,0,1,0,0.16,0,1,1.18167,0
2324,25,25,6,110,1,25,0,110,0,0,0,0.16,0.0578192,0.972017,1.6599,0
2325,20,20,15,109,1,20,0,110,1,0,0,0.16,0.0567483,0.97566,1.91348,0
2326,84,36,68,110,1,36,0,110,0,1,0,0.16,0,1,1.47099,0
2327,5,5,3,109,1,5,0,110,4,1,0,0.16,0.0737549,0.966607,4.4842,1
2328,21,21,7,109,1,21,0,110,1,0,0,0.16,0.0590823,0.972036,1.43428,0
2329,27,27,12,109,1,27,0,110,1,0,0,0.16,0.0554629,0.977571,1.37216,0
2330,18,18,8,109,1,18,0,110,2,3,0,0.16,0.0636183,0.965352,4.59308,1
2331,54,36,11,110,1,36,0,110,0,1,0,0.16,0,1,1.33852,0
2332,8,8,6,109,1,8,0,110,2,3,0,0.16,0.0612559,0.973414,1.61344,0
2333,20,20,5,109,1,20,0,110,1,1,0,0.16,0.0559359,0.977716,1.81342,0
2334,23,23,19,108,1,23,0,110,2,0,0,0.16,0.0584612,0.977039,1.75034,0
2335,51,36,8,110,1,36,0,110,0,1,0,0.16,0,1,1.39563,0
2336,8,7,6,107,1,7,0,110,3,6,1,0.16,0.0630207,0.967069,4.30869,1
2337,41,36,0,109,1,36,0,110,1,1,0,0.16,0,1,1.55953,0
2338,53,36,27,110,1,36,0,110,1,1,0,0.16,0,1,1.43778,0
2339,9,9,1,109,1,9,0,110,1,1,0,0.16,0.0578153,0.968247,1.91129,0
2340,15,15,11,110,1,15,0,110,0,1,0,0.16,0.0565727,0.972974,1.47749,0
2341,15,15,5,109,1,15,0,110,1,0,0,0.168857,0.0581087,0.973339,1.65358,0
2342,12,12,5,109,1,12,0,110,1,1,0,0.165138,0.0699917,0.967056,1.56668,0
2343,17,17,4,110,1,17,0,110,2,3,0,0.16,0.0729221,0.968432,1.56376,0
2344,18,18,10,109,1,18,0,110,1,1,0,0.16,0.0584589,0.976255,1.49318,0
2345,12,12,4,110,1,12,0,110,0,1,0,0.16,0.0527747,0.974139,1.33841,0
2346,38,36,5,109,1,36,0,110,1,0,0,0.16,0.0569887,0.970748,1.45167,0
2347,6,6,5,109,1,6,0,110,2,3,0,0.16,0.0600924,0.97216,1.59,0
2348,97,36,4,110,1,36,0,110,0,1,0,0.16,0,1,1.56286,0
2349,14,14,12,110,1,14,0,110,1,4,0,0.16,0.0642214,0.971048,1.72657,0
2350,30,30,15,109,1,30,0,110,1,1,0,0.169561,0.0715024,0.968857,1.65438,0
2351,14,14,10,107,1,14,0,110,4,3,0,0.16,0.0834658,0.963927,1.43581,0
2352,9,9,2,110,1,9,0,110,0,1,0,0.16,0.0462214,0.978588,1.62114,0
2353,58,36,8,110,1,36,0,110,0,1,0,0.16,0,1,1.89876,0
2354,17,17,4,110,1,17,0,110,0,1,0,0.16,0.0580068,0.973226,1.23626,0
2355,15,15,1,110,1,15,0,110,1,2,0,0.16,0.0724405,0.97026,1.64991,0
2356,47,36,19,109,1,36,0,110,1,1,0,0.16,0,1,1.36411,0
2357,5,5,1,110,1,5,0,110,0,1,0,0.16,0.0380999,0.981372,1.72286,0
2358,7,7,1,110,1,7,0,110,2,2,0,0.16,0.0645342,0.971828,1.55458,0
2359,37,36,33,110,1,36,0,110,1,0,0,0.16,0.0659536,0.971389,1.46743,0
2360,28,28,20,108,1,28,0,110,2,0,0,0.16,0.0776596,0.969123,1.12796,0
2361,10,10,4,110,1,10,0,110,3,4,0,0.190909,0.0752373,0.968063,1.84271,0
2362,19,19,4,110,1,19,0,110,2,1,0,0.16,0.0682418,0.970803,1.60688,0
2363,17,17,5,110,1,17,0,110,0,3,0,0.16,0.0706278,0.965507,1.97566,0
2364,14,14,5,109,1,14,0,110,1,1,0,0.16,0.0547092,0.974696,1.77977,0
2365,13,13,6,111,1,13,0,110,1,1,0,0.16,0.0649441,0.973233,1.58091,0
2366,10,10,6,110,1,10,0,110,1,2,0,0.16,0.045235,0.978919,1.64977,0
2367,66,36,33,110,1,36,0,110,0,1,0,0.16,0,1,1.40406,0
2368,24,24,13,110,1,24,0,110,0,0,0,0.16,0.0599262,0.972171,1.50259,0
2369,12,12,7,110,1,12,0,110,0,1,0,0.16,0.0396753,0.981299,1.48622,0
2370,28,28,7,110,1,28,0,110,0,1,0,0.16,0.053273,0.974368,1.94143,0
2371,10,10,1,109,1,10,0,110,1,2,0,0.173464,0.0616617,0.970508,1.13058,0
2372,26,26,6,110,1,26,0,110,1,0,0,0.16,0.0587665,0.975006,1.78481,0
2373,24,24,8,111,1,24,0,110,1,1,0,0.16,0.0595189,0.974848,1.52824,0
2374,9,9,0,111,1,9,0,110,5,6,0,0.16,0.089853,0.963838,1.47897,0
2375,31,31,13,109,1,31,0,110,1,1,0,0.16,0.0650939,0.970893,1.79466,0
2376,27,27,23,110,1,27,0,110,0,1,0,0.16,0.0524013,0.974929,1.56587,0
2377,27,27,3,110,1,27,0,110,0,1,0,0.16,0.0519569,0.975096,1.53636,0
2378,35,35,20,110,1,35,0,110,3,2,0,0.16,0.0928993,0.963852,1.92886,0
2379,19,19,1,110,1,19,0,110,0,1,0,0.16,0.0475072,0.977471,1.74385,0
2380,24,24,11,109,1,24,0,110,1,2,0,0.16,0.0569529,0.975724,1.48617,0
2381,24,24,22,110,1,24,0,110,0,2,0,0.16,0.059,0.972169,2.51377,1
2382,9,9,4,111,1,9,0,110,1,2,0,0.16,0.0594931,0.9738,1.8118,0
2383,18,18,7,110,1,18,0,110,0,2,0,0.16,0.0547742,0.973456,1.42996,0
2384,20,20,11,110,1,20,0,110,0,0,0,0.163636,0.0516392,0.974979,1.15478,0
2385,11,11,6,109,1,11,0,110,1,2,0,0.16,0.0598013,0.972773,1.77074,0
2386,37,36,23,110,1,36,0,110,0,1,0,0.16,0.0549122,0.973653,1.52803,0
2387,21,21,3,110,1,21,0,110,1,3,0,0.16,0.0761753,0.96755,1.67666,0
2388,25,25,3,108,1,25,0,110,4,4,0,0.16,0.0956285,0.954544,1.86317,0
2389,43,36,36,110,1,36,0,110,0,1,0,0.16,0,1,1.57605,0
2390,14,14,6,110,1,14,0,110,3,3,0,0.16,0.0650838,0.971689,1.66944,0
2391,14,14,1,108,1,14,0,110,2,3,0,0.16,0.0615582,0.96788,1.75306,0
2392,51,36,10,110,1,36,0,110,0,1,0,0.16,0,1,1.67709,0
2393,36,36,14,110,1,36,0,110,0,0,0,0.16,0.0484895,0.977046,1.37396,0
2394,27,27,1,109,1,27,0,110,1,0,0,0.16,0.0581455,0.972161,1.52169,0
2395,14,14,11,109,1,14,0,110,1,0,0,0.16,0.0592452,0.973387,1.48281,0
2396,16,16,1,110,1,16,0,110,0,1,0,0.172727,0.0573872,0.973812,1.86367,0
2397,37,36,16,110,1,36,0,110,0,1,0,0.16,0.0611609,0.97139,1.69232,0
2398,23,23,22,110,1,23,0,110,2,2,0,0.163636,0.0788686,0.963877,4.19268,1
2399,62,36,26,108,1,36,0,110,2,1,0,0.16,0,1,1.71952,0
2400,7,7,0,110,1,7,0,110,2,7,0,0.16,0.0621973,0.973124,1.51443,0
2401,22,20,16,106,1,20,0,110,2,2,2,0.16,0.086104,0.964652,3.65876,1
2402,5,5,1,109,1,5,0,110,1,1,0,0.16,0.0633329,0.972076,1.44333,0
2403,26,26,20,108,1,26,0,110,2,1,0,0.16,0.0577586,0.972954,1.18721,0
2404,14,14,9,110,1,14,0,110,4,3,0,0.16,0.082919,0.962318,1.46445,0
2405,2,2,0,110,1,2,0,110,12,14,0,1,0.0727273,0.962552,4.85748,1
2406,25,25,21,111,1,25,0,110,1,1,0,0.16,0.0620273,0.973702,1.79767,0
2407,32,32,22,110,1,32,0,110,0,0,0,0.16,0.0552148,0.974601,1.74871,0
2408,21,21,13,111,1,21,0,110,3,3,0,0.16,0.0814966,0.967842,1.79499,0
2409,8,8,7,111,1,8,0,110,1,4,0,0.16,0.0538946,0.977249,1.76584,0
2410,22,22,0,110,1,22,0,110,2,2,0,0.16,0.0721157,0.969024,1.47157,0
2411,35,35,10,110,1,35,0,110,0,0,0,0.16,0.0571091,0.973028,1.57291,0
2412,48,36,32,110,1,36,0,110,0,1,0,0.16,0,1,1.10279,0
2413,10,10,7,111,1,10,0,110,3,3,0,0.16,0.0683639,0.968352,1.7066,0
2414,70,36,49,109,1,36,0,110,3,1,0,0.16,0,1,1.45706,0
2415,20,20,14,109,1,20,0,110,2,1,0,0.16,0.0555094,0.977718,2.95186,1
2416,13,13,12,109,1,13,0,110,1,1,0,0.16,0.0418355,0.982229,1.48768,0
2417,20,20,9,110,1,20,0,110,0,0,0,0.16,0.0479741,0.977014,1.6802,0
2418,63,36,57,110,1,36,0,110,0,1,0,0.16,0,1,1.62948,0
2419,71,36,4,110,1,36,0,110,0,1,0,0.16,0,1,1.51211,0
2420,19,19,15,110,1,19,0,110,0,0,0,0.16,0.0451887,0.978897,1.26281,0
2421,51,36,29,109,1,36,0,110,1,1,0,0.16,0,1,1.30422,0
2422,16,16,2,111,1,16,0,110,2,1,0,0.16,0.0640239,0.974608,1.3629,0
2423,13,13,8,111,1,13,0,110,1,1,0,0.16,0.0580531,0.975305,1.33882,0
2424,30,30,28,109,1,30,0,110,2,1,0,0.16,0.0717456,0.968247,1.47467,0
2425,23,23,1,111,1,23,0,110,1,1,0,0.16,0.0650811,0.972194,1.67841,0
2426,12,12,10,109,1,12,0,110,0,3,0,0.16,0.0659383,0.965532,2.4105,1
2427,40,36,25,109,1,36,0,110,1,1,0,0.16,0,1,1.52433,0
2428,72,36,62,110,1,36,0,110,1,1,0,0.16,0,1,1.45,0
2429,14,14,3,110,1,14,0,110,0,2,0,0.16,0.0507398,0.975566,1.41981,0
2430,8,8,2,111,1,8,0,110,1,1,0,0.16,0.060091,0.972761,1.84168,0
2431,17,17,5,110,1,17,0,110,0,2,0,0.16,0.0465891,0.978015,1.43287,0
2432,24,24,0,109,1,24,0,110,1,0,0,0.16,0.0661227,0.970395,1.72431,0
2433,14,14,9,109,1,14,0,110,1,2,0,0.16,0.0612752,0.971762,1.60285,0
2434,23,23,1,111,1,23,0,110,2,4,0,0.16,0.086337,0.963422,4.34033,1
2435,19,19,2,108,1,19,0,110,2,0,0,0.16,0.0657787,0.970021,1.49896,0
2436,10,10,9,108,1,10,0,110,2,3,0,0.16,0.0849279,0.962867,4.3685,1
2437,33,33,11,110,1,33,0,110,0,2,0,0.16,0.0624953,0.970572,1.55499,0
2438,31,31,7,112,1,31,0,110,2,2,0,0.16,0.0701583,0.972383,1.78382,0
2439,88,36,30,110,1,36,0,110,0,1,0,0.16,0,1,1.67246,0
2440,14,14,7,110,1,14,0,110,2,2,0,0.16,0.0649687,0.974275,1.78567,0
2441,44,36,34,110,1,36,0,110,0,1,0,0.16,0,1,1.81262,0
2442,12,12,3,110,1,12,0,110,2,1,0,0.16,0.0522433,0.98054,1.34857,0
2443,27,27,7,110,1,27,0,110,0,1,0,0.16,0.0608522,0.971072,1.48568,0
2444,20,20,6,110,1,20,0,110,2,4,0,0.160688,0.0822373,0.965476,1.71567,0
2445,43,36,32,110,1,36,0,110,0,1,0,0.16,0,1,1.22831,0
2446,16,16,6,110,1,16,0,110,0,0,0,0.16,0.0571508,0.973531,1.91521,0
2447,15,15,9,109,1,15,0,110,1,0,0,0.16,0.050794,0.97851,1.54319,0
2448,37,36,18,110,1,36,0,110,0,0,0,0.16,0.049532,0.976794,2.00313,0
2449,12,12,6,110,1,12,0,110,1,1,0,0.16,0.0647908,0.970367,1.66475,0
2450,19,19,8,108,1,19,0,110,2,0,0,0.16,0.0491528,0.974147,1.87661,0
2451,33,33,28,108,1,33,0,110,2,1,0,0.16,0.069121,0.975336,1.51741,0
2452,19,19,14,110,1,19,0,110,0,0,0,0.16,0.0554877,0.973422,1.45594,0
2453,48,36,0,110,1,36,0,110,0,1,0,0.16,0,1,1.39985,0
2454,51,36,23,110,1,36,0,110,0,1,0,0.16,0,1,1.2525,0
2455,30,30,21,110,1,30,0,110,0,0,0,0.16,0.0528194,0.97502,1.87983,0
2456,21,21,9,109,1,21,0,110,1,0,0,0.16,0.0638391,0.968991,1.55795,0
2457,68,36,36,110,1,36,0,110,0,1,0,0.16,0,1,2.00428,0
2458,12,12,5,110,1,12,0,110,1,2,0,0.16,0.0640882,0.971501,1.58292,0
2459,32,32,7,110,1,32,0,110,0,1,0,0.16,0.0523925,0.975025,1.16136,0
2460,8,8,7,109,1,8,0,110,1,0,0,0.18547,0.0642708,0.971698,1.54199,0
2461,13,13,0,110,1,13,0,110,3,3,0,0.16,0.079021,0.968818,1.92132,0
2462,28,28,14,110,1,28,0,110,0,2,0,0.16,0.0449803,0.978892,1.2802,0
2463,24,24,2,106,1,24,0,110,0,0,0,0.16,0.0795287,0.969956,2.20015,1
2464,16,16,0,108,1,16,0,110,3,0,0,0.16,0.0756694,0.967574,1.5044,0
2465,72,36,13,110,1,36,0,110,0,1,0,0.16,0,1,1.43696,0
2466,63,36,1,110,1,36,0,110,0,1,0,0.16,0,1,1.61814,0
2467,38,36,2,110,1,36,0,110,0,0,0,0.16,0.0519853,0.975538,1.70539,0
2468,24,24,17,109,1,24,0,110,1,2,0,0.16,0.0568036,0.97382,1.44522,0
2469,14,14,1,111,1,14,0,110,1,4,0,0.16,0.0558821,0.97675,1.62887,0
2470,34,34,1,110,1,34,0,110,0,1,0,0.16,0.061707,0.970771,1.84851,0
2471,16,16,6,109,1,16,0,110,1,2,0,0.16,0.0565851,0.971006,1.43754,0
2472,22,22,11,111,1,22,0,110,1,1,0,0.171171,0.0642005,0.972969,1.52758,0
2473,24,24,0,112,1,24,0,110,2,3,0,0.16,0.0702467,0.970258,3.18163,1
2474,33,33,15,110,1,33,0,110,0,0,0,0.16,0.0525353,0.975916,1.73842,0
2475,85,36,33,110,1,36,0,110,2,1,0,0.16,0,1,1.52449,0
2476,21,21,8,110,1,21,0,110,0,1,0,0.16,0.0508379,0.976382,1.87867,0
2477,38,36,2,110,1,36,0,110,0,2,0,0.16,0.0537723,0.973904,1.22676,0
2478,4,4,1,110,1,4,0,110,2,2,0,1,0.0633702,0.972196,4.58629,1
2479,17,17,5,108,1,17,0,110,2,2,0,0.16,0.0691678,0.973006,1.55903,0
2480,48,36,35,109,1,36,0,110,1,1,0,0.16,0,1,1.21522,0
2481,24,24,14,109,1,24,0,110,2,0,0,0.16,0.0543645,0.970965,4.02697,1
2482,28,28,20,110,1,28,0,110,0,1,0,0.16,0.0538433,0.974692,1.45163,0
2483,14,14,5,109,1,14,0,110,3,3,0,0.16,0.083273,0.966539,1.46774,0
2484,26,26,1,110,1,26,0,110,0,0,0,0.16,0.0565447,0.975179,1.3554,0
2485,22,22,16,110,1,22,0,110,0,1,0,0.16,0.0555172,0.974168,1.78063,0
2486,6,6,5,111,1,6,0,110,9,11,0,0.234234,0.12012,0.952496,1.72919,0
2487,20,20,3,110,1,20,0,110,1,0,0,0.16,0.0580964,0.976108,1.35546,0
2488,46,36,42,110,1,36,0,110,0,1,0,0.16,0,1,1.46827,0
2489,14,14,11,109,1,14,0,110,1,5,0,0.163636,0.0690664,0.966866,1.30781,0
2490,24,24,7,110,1,24,0,110,2,1,0,0.16,0.0676641,0.972925,1.56341,0
2491,34,34,12,109,1,34,0,110,1,0,0,0.16,0.0594139,0.973056,1.62301,0
2492,8,8,6,110,1,8,0,110,0,1,0,0.174095,0.0519188,0.976479,1.46688,0
2493,16,16,0,109,1,16,0,110,1,1,0,0.16,0.0648222,0.969006,1.48411,0
2494,22,22,3,110,1,22,0,110,0,1,0,0.16,0.0556169,0.975807,2.17729,1
2495,35,35,21,110,1,35,0,110,3,1,0,0.16,0.0864168,0.969021,1.19889,0
2496,28,28,1,110,1,28,0,110,0,2,0,0.172727,0.0728622,0.968386,1.47502,0
2497,15,15,1,109,1,15,0,110,1,1,0,0.16,0.0590413,0.97516,1.28554,0
2498,11,11,4,111,1,11,0,110,2,1,0,0.16,0.0661428,0.974077,1.30537,0
2499,10,10,1,109,1,10,0,110,1,5,0,0.16,0.0508404,0.974621,2.08226,0
2500,12,12,11,110,1,12,0,110,0,3,0,0.16,0.0558968,0.973006,1.76583,0
2501,31,31,9,109,1,31,0,110,0,0,0,0.16,0.0618378,0.967504,2.47577,1
2502,25,25,8,110,1,25,0,110,0,0,0,0.16,0.0500704,0.976541,1.71081,0
2503,35,35,25,111,1,35,0,110,2,1,0,0.16,0.073921,0.971091,1.48727,0
2504,45,36,13,110,1,36,0,110,0,1,0,0.16,0,1,1.90522,0
2505,10,10,5,108,1,10,0,110,2,1,0,0.16,0.04213,0.976693,1.64923,0
2506,27,27,26,110,1,27,0,110,0,1,0,0.16,0.0601976,0.971241,1.07295,0
2507,52,36,8,109,1,36,0,110,1,1,1,0.16,0,1,1.35914,0
2508,44,36,4,110,1,36,0,110,1,1,0,0.16,0,1,1.68147,0
2509,20,20,9,109,1,20,0,110,2,0,0,0.16,0.0724113,0.967214,1.43365,0
2510,22,22,14,110,1,22,0,110,0,0,0,0.16,0.0538645,0.973957,1.79586,0
2511,35,35,30,110,1,35,0,110,0,1,0,0.16,0.062746,0.969411,1.40915,0
2512,27,27,3,110,1,27,0,110,2,2,0,0.16,0.0615445,0.971913,1.54345,0
2513,46,36,45,110,1,36,0,110,3,1,0,0.16,0,1,1.60388,0
2514,27,27,0,110,1,27,0,110,0,0,0,0.16,0.0538667,0.973921,1.45049,0
2515,22,22,6,109,1,22,0,110,1,0,0,0.16,0.0511971,0.977459,1.61681,0
2516,61,36,24,110,1,36,0,110,0,1,0,0.16,0,1,1.71891,0
2517,65,36,10,110,1,36,0,110,0,1,0,0.16,0,1,1.60305,0
2518,67,36,3,110,1,36,0,110,0,1,0,0.16,0,1,2.06323,0
2519,17,17,5,109,1,17,0,110,3,1,0,0.16,0.0754592,0.970565,1.24844,0
2520,82,36,27,110,1,36,0,110,0,1,0,0.16,0,1,1.39704,0
2521,41,36,27,111,1,36,0,110,1,1,0,0.16,0,1,1.53752,0
2522,22,22,9,112,1,22,0,110,2,4,0,0.16,0.0768789,0.971794,1.64336,0
2523,15,15,1,110,1,15,0,110,1,3,0,0.16,0.057922,0.973877,2.03023,0
2524,21,21,8,110,1,21,0,110,0,1,0,0.16,0.048307,0.976168,1.60104,0
2525,24,24,5,110,1,24,0,110,0,0,0,0.16,0.0454385,0.978768,1.89009,0
2526,20,20,15,110,1,20,0,110,2,2,0,0.16,0.0776088,0.964571,1.97149,0
2527,11,11,5,109,1,11,0,110,2,1,0,0.16,0.0488145,0.974852,3.53018,1
2528,77,36,31,110,1,36,0,110,0,1,0,0.16,0,1,1.8096,0
2529,34,34,1,110,1,34,0,110,2,1,0,0.16,0.0730008,0.969974,1.52553,0
2530,59,36,8,110,1,36,0,110,0,1,0,0.16,0,1,1.45111,0
2531,44,36,10,111,1,36,0,110,1,1,0,0.16,0,1,1.64494,0
2532,30,30,0,110,1,30,0,110,0,1,0,0.16,0.0559304,0.974117,1.68374,0
2533,14,14,5,110,1,14,0,110,2,7,0,0.172727,0.0777998,0.966523,3.79564,1
2534,5,5,4,108,1,5,0,110,6,2,0,0.185185,0.0749895,0.969063,4.08204,1
2535,31,31,4,109,1,31,0,110,1,0,0,0.16,0.0664732,0.970595,1.65866,0
2536,29,29,13,110,1,29,0,110,2,1,0,0.16,0.0616484,0.972131,1.39916,0
2537,32,32,22,110,1,32,0,110,0,2,0,0.16,0.0529559,0.975309,1.78438,0
2538,17,17,12,111,1,17,0,110,1,5,0,0.16,0.0660171,0.9703,1.49787,0
2539,13,13,1,110,1,13,0,110,0,1,0,0.16737,0.0674249,0.968471,1.94315,0
2540,50,36,7,110,1,36,0,110,0,1,0,0.16,0,1,1.73465,0
2541,21,21,14,110,1,21,0,110,0,0,0,0.16,0.0517978,0.974878,1.93213,0
2542,40,36,17,110,1,36,0,110,0,1,0,0.16,0,1,1.43116,0
2543,26,26,13,110,1,26,0,110,0,1,0,0.16,0.0587067,0.972225,1.67453,0
2544,6,6,0,110,1,6,0,110,3,12,0,0.161062,0.0846263,0.964127,4.84632,1
2545,31,31,19,110,1,31,0,110,0,1,0,0.16,0.0462555,0.977577,1.5724,0
2546,58,36,1,108,1,36,0,110,2,1,0,0.16,0,1,1.68613,0
2547,16,16,15,109,1,16,0,110,3,2,0,0.16,0.0814894,0.963301,1.7651,0
2548,25,25,22,109,1,25,0,110,1,0,0,0.16,0.0534245,0.974501,1.46764,0
2549,10,10,4,109,1,10,0,110,1,4,0,0.16,0.0830973,0.962297,4.58299,1
2550,40,36,34,106,1,36,0,110,4,1,0,0.172528,0,1,1.48481,0
2551,36,36,27,109,1,36,0,110,1,1,0,0.16,0.0607762,0.971128,1.41273,0
2552,48,36,41,110,1,36,0,110,0,1,0,0.16,0,1,1.39438,0
2553,10,10,5,110,1,10,0,110,0,3,0,0.16,0.0754545,0.965804,2.51842,1
2554,15,15,14,109,1,15,0,110,2,3,0,0.16,0.0683948,0.968771,4.40931,1
2555,33,33,32,110,1,33,0,110,0,0,0,0.16,0.0501901,0.976192,1.42981,0
2556,25,25,13,110,1,25,0,110,0,0,0,0.16,0.0503304,0.976179,1.48546,0
2557,14,14,7,109,1,14,0,110,1,2,0,0.174312,0.0588347,0.969152,1.41413,0
2558,10,10,8,111,1,10,0,110,2,1,0,0.16,0.0698672,0.972831,1.9099,0
2559,14,14,3,111,1,14,0,110,1,2,0,0.16,0.0686378,0.970343,1.52969,0
2560,68,36,5,110,1,36,0,110,0,1,0,0.16,0,1,1.17926,0
2561,20,20,6,109,1,20,0,110,1,0,0,0.16,0.0533602,0.975431,1.5004,0
2562,31,31,13,109,1,31,0,110,3,1,0,0.16,0.0768581,0.969566,1.85272,0
2563,22,22,4,109,1,22,0,110,1,0,0,0.16,0.0590917,0.975589,1.50055,0
2564,7,7,4,108,1,7,0,110,2,5,0,0.16,0.091238,0.962099,1.93465,0
2565,45,36,30,109,1,36,0,110,1,1,0,0.16,0,1,1.54516,0
2566,27,27,17,110,1,27,0,110,0,0,0,0.16,0.0481335,0.977104,1.35722,0
2567,50,36,2,110,1,36,0,110,0,1,0,0.16,0,1,1.18969,0
2568,11,11,0,110,1,11,0,110,0,0,0,0.16,0.0494611,0.978364,1.28546,0
2569,21,21,6,110,1,21,0,110,0,2,0,0.16,0.0583292,0.972075,1.86726,0
2570,20,20,17,110,1,20,0,110,0,2,0,0.16,0.0609313,0.971584,1.79761,0
2571,10,10,1,110,1,10,0,110,1,0,0,0.16,0.0521885,0.978467,1.59775,0
2572,37,36,13,110,1,36,0,110,0,1,0,0.16,0.0468881,0.979433,1.77655,0
2573,37,36,10,110,1,36,0,110,0,0,0,0.16,0.0555151,0.973653,1.78297,0
2574,14,14,2,112,1,14,0,110,3,5,0,0.16,0.0605518,0.977901,1.88606,0
2575,35,35,16,109,1,35,0,110,1,1,0,0.16,0.0629155,0.970174,1.64656,0
2576,22,22,6,110,1,22,0,110,0,0,0,0.16,0.0592875,0.971495,1.61939,0
2577,18,18,8,110,1,18,0,110,0,0,0,0.16,0.0541891,0.973958,1.44756,0
2578,31,31,20,110,1,31,0,110,0,0,0,0.16,0.0536844,0.973927,1.44926,0
2579,64,36,59,107,1,36,0,110,3,1,0,0.16,0,1,1.91062,0
2580,25,25,15,109,1,25,0,110,3,1,0,0.166202,0.0774526,0.964641,1.3701,0
2581,7,7,6,109,1,7,0,110,4,6,0,0.16,0.0788735,0.969623,1.87173,0
2582,56,36,40,110,1,36,0,110,0,1,0,0.16,0,1,1.75711,0
2583,72,36,43,110,1,36,0,110,0,1,0,0.16,0,1,1.55559,0
2584,55,36,26,110,1,36,0,110,0,1,0,0.16,0,1,1.83572,0
2585,11,11,4,110,1,11,0,110,3,2,0,0.16,0.0674451,0.973434,1.58854,0
2586,29,29,24,110,1,29,0,110,0,1,0,0.16,0.0547124,0.97447,0.886232,0
2587,34,34,13,109,1,34,0,110,2,0,0,0.16,0.0665264,0.969833,1.83898,0
2588,31,31,27,110,1,31,0,110,0,2,0,0.16,0.0551869,0.975096,2.10271,0
2589,20,20,0,110,1,20,0,110,0,1,0,0.16,0.0606952,0.970907,1.57159,0
2590,14,14,8,111,1,14,0,110,1,2,0,0.16,0.0642817,0.971944,1.86169,0
2591,34,34,28,109,1,34,0,110,1,0,0,0.16,0.0671198,0.968356,1.21841,0
2592,75,36,4,110,1,36,0,110,0,1,1,0.16,0,1,1.62798,0
2593,34,34,21,109,1,34,0,110,1,1,0,0.16,0.0661223,0.969832,1.45866,0
2594,15,14,1,110,1,14,0,110,2,6,1,0.16,0.0801209,0.966844,1.55214,0
2595,36,36,10,110,1,36,0,110,2,2,0,0.16,0.0636169,0.974531,1.22223,0
2596,26,26,17,109,1,26,0,110,1,1,0,0.16,0.065419,0.971619,1.75243,0
2597,33,33,28,107,1,33,0,110,3,0,0,0.16,0.0785883,0.971162,1.36944,0
2598,12,12,11,110,1,12,0,110,2,3,0,0.174447,0.0827698,0.962448,4.35358,1
2599,24,24,18,111,1,24,0,110,1,2,0,0.16,0.0546241,0.977276,1.38912,0
2600,28,28,16,110,1,28,0,110,0,1,0,0.16,0.0475492,0.977115,1.78563,0
2601,35,35,20,108,1,35,0,110,2,0,0,0.16,0.061674,0.97227,1.34418,0
2602,21,21,8,107,1,21,0,110,3,0,0,0.16,0.0704768,0.970854,1.67874,0
2603,23,23,1,113,1,23,0,110,4,5,0,0.16,0.0869565,0.965218,1.51747,0
2604,7,6,5,110,1,6,0,110,4,7,1,0.16,0.0787879,0.965635,1.80703,0
2605,12,12,9,108,1,12,0,110,4,1,0,0.16,0.0634059,0.969441,4.57755,1
2606,12,12,2,110,1,12,0,110,1,2,0,0.16,0.0599142,0.974513,2.01326,0
2607,23,23,16,110,1,23,0,110,0,2,0,0.16,0.0556508,0.973517,1.5668,0
2608,12,12,2,111,1,12,0,110,4,3,0,0.176802,0.093683,0.965027,1.47889,0
2609,27,27,1,108,1,27,0,110,2,0,0,0.16,0.0769553,0.969687,1.43458,0
2610,32,32,18,110,1,32,0,110,0,0,0,0.16,0.0436526,0.978985,1.3948,0
2611,81,36,54,111,1,36,0,110,1,1,0,0.16,0,1,1.82262,0
2612,8,8,5,110,1,8,0,110,2,2,0,0.16,0.0687017,0.967433,1.70771,0
2613,15,15,11,110,1,15,0,110,2,1,0,0.16,0.0688546,0.970257,1.48773,0
2614,28,28,2,109,1,28,0,110,1,1,0,0.16,0.0665056,0.969079,1.85406,0
2615,78,36,26,110,1,36,0,110,0,1,0,0.16,0,1,1.21109,0
2616,27,27,8,109,1,27,0,110,3,1,0,0.16,0.0710597,0.969795,1.21654,0
2617,54,36,7,110,1,36,0,110,0,1,0,0.16,0,1,1.52458,0
2618,19,19,9,108,1,19,0,110,2,0,0,0.16,0.0611914,0.97439,1.93217,0
2619,16,16,3,110,1,16,0,110,2,1,0,0.16,0.0645654,0.971268,1.53834,0
2620,7,7,4,108,1,7,0,110,2,2,0,0.16,0.0578349,0.972622,1.56107,0
2621,16,16,6,110,1,16,0,110,2,3,0,0.16,0.0811766,0.965612,1.5678,0
2622,50,36,47,110,1,36,0,110,0,1,0,0.16,0,1,1.11557,0
2623,38,36,0,110,1,36,0,110,0,1,0,0.16,0.0557746,0.973024,1.3823,0
2624,12,12,7,111,1,12,0,110,1,5,0,0.189189,0.0720721,0.967275,1.58799,0
2625,12,12,10,110,1,12,0,110,0,0,0,0.16,0.0533724,0.974888,1.77908,0
2626,8,8,3,110,1,8,0,110,2,4,0,0.16,0.0620354,0.974218,4.46759,1
2627,11,11,8,110,1,11,0,110,0,1,0,0.16,0.056378,0.973021,1.78623,0
2628,24,24,15,110,1,24,0,110,0,2,0,0.16,0.0710837,0.965574,1.50163,0
2629,42,36,6,110,1,36,0,110,0,1,0,0.16,0,1,1.91339,0
2630,12,12,8,109,1,12,0,110,2,1,0,0.16,0.0814114,0.965153,4.20921,1
2631,18,18,5,109,1,18,0,110,1,1,0,0.16,0.0655443,0.969662,1.53471,0
2632,20,20,11,108,1,20,0,110,3,1,0,0.16,0.0697895,0.97037,1.5939,0
2633,14,14,10,110,1,14,0,110,3,2,0,0.206597,0.0836578,0.966843,1.42485,0
2634,16,16,4,108,1,16,0,110,2,0,0,0.16,0.0678821,0.970454,1.55043,0
2635,8,8,7,110,1,8,0,110,2,1,0,0.16,0.0593345,0.975344,1.40515,0
2636,12,12,3,110,1,12,0,110,1,3,0,0.16,0.0685933,0.968484,4.41072,1
2637,42,36,19,113,1,36,0,110,3,1,0,0.16,0,1,1.60052,0
2638,35,35,26,110,1,35,0,110,0,2,0,0.16,0.0567806,0.972513,1.66935,0
2639,50,36,15,109,1,36,0,110,4,1,0,0.16,0,1,1.47368,0
2640,22,22,1,110,1,22,0,110,2,1,0,0.16,0.0688741,0.972316,1.38757,0
2641,5,5,4,112,1,5,0,110,2,5,0,0.162611,0.090708,0.967481,4.20806,1
2642,19,19,3,110,1,19,0,110,0,1,0,0.16,0.0497415,0.976755,1.65187,0
2643,15,15,6,110,1,15,0,110,0,1,0,0.16,0.0667351,0.969352,1.62122,0
2644,6,6,4,110,1,6,0,110,0,5,0,0.16,0.0443468,0.979952,1.76764,0
2645,9,9,7,113,1,9,0,110,3,3,0,0.16,0.0687264,0.972789,1.43939,0
2646,24,24,15,108,1,24,0,110,2,0,0,0.16,0.0607618,0.974535,1.60174,0
2647,28,28,0,109,1,28,0,110,1,1,0,0.16,0.0540449,0.978049,1.80102,0
2648,12,12,8,109,1,12,0,110,4,3,0,0.171059,0.0782066,0.969339,1.75373,0
2649,23,23,17,108,1,23,0,110,2,3,0,0.16,0.0763104,0.970029,1.49897,0
2650,56,36,1,110,1,36,0,110,0,1,0,0.16,0,1,1.44274,0
2651,14,14,9,110,1,14,0,110,0,2,0,0.162162,0.0505733,0.97557,1.75159,0
2652,63,36,17,110,1,36,0,110,0,1,0,0.16,0,1,1.78975,0
2653,16,16,3,111,1,16,0,110,2,3,0,0.16,0.0706302,0.972089,1.57706,0
2654,10,10,9,110,1,10,0,110,1,4,0,0.180632,0.0759192,0.963542,1.27991,0
2655,26,26,3,111,1,26,0,110,1,2,0,0.16,0.0588126,0.973852,1.35551,0
2656,18,18,13,110,1,18,0,110,0,1,0,0.16,0.0551584,0.973203,1.60349,0
2657,15,15,9,110,1,15,0,110,0,0,0,0.16,0.0419243,0.980815,1.70535,0
2658,13,13,7,110,1,13,0,110,1,0,0,0.16,0.0521605,0.979258,1.96912,0
2659,9,9,1,109,1,9,0,110,0,2,0,0.16,0.0614523,0.971799,2.25346,1
2660,22,22,14,107,1,22,0,110,3,0,0,0.16,0.0695736,0.974714,1.79755,0
2661,28,28,25,110,1,28,0,110,0,0,0,0.16,0.0485934,0.976792,1.63669,0
2662,9,9,5,110,1,9,0,110,0,3,0,0.16,0.0539448,0.973562,1.5922,0
2663,9,9,0,110,1,9,0,110,2,3,0,0.16,0.0751001,0.967534,1.86147,0
2664,48,36,24,110,1,36,0,110,0,1,0,0.16,0,1,1.28744,0
2665,21,21,18,109,1,21,0,110,2,2,0,0.16,0.0827366,0.963126,1.43172,0
2666,18,18,11,109,1,18,0,110,2,0,0,0.16,0.0568431,0.97093,3.02306,1
2667,28,28,20,110,1,28,0,110,0,3,0,0.17313,0.0673182,0.968872,1.52001,0
2668,7,7,2,110,1,7,0,110,0,10,0,0.16,0.0570259,0.977649,2.40945,1
2669,51,36,7,109,1,36,0,110,0,1,0,0.16,0,1,2.30401,1
2670,8,8,0,111,1,8,0,110,1,2,0,0.16,0.0697293,0.969408,1.97321,0
2671,11,11,1,111,1,11,0,110,3,3,0,0.16,0.0677954,0.973671,1.75803,0
2672,11,11,4,110,1,11,0,110,0,1,0,0.16,0.0556889,0.973019,1.41272,0
2673,16,16,5,110,1,16,0,110,0,0,0,0.16,0.037748,0.98371,1.12028,0
2674,5,5,1,110,1,5,0,110,1,2,0,0.181818,0.0526781,0.975049,1.85058,0
2675,15,15,12,110,1,15,0,110,0,2,0,0.16,0.0583354,0.97237,1.88664,0
2676,23,23,7,110,1,23,0,110,2,3,0,0.16,0.070242,0.967226,1.74761,0
2677,42,36,12,110,1,36,0,110,0,1,0,0.16,0,1,1.84725,0
2678,37,36,13,109,1,36,0,110,1,0,0,0.16,0.0554256,0.974806,1.79357,0
2679,44,36,5,110,1,36,0,110,0,1,0,0.16,0,1,1.50033,0
2680,107,36,54,110,1,36,0,110,0,1,0,0.16,0,1,1.55781,0
2681,95,36,51,110,1,36,0,110,0,1,0,0.16,0,1,1.50291,0
2682,8,8,3,110,1,8,0,110,2,0,0,0.16,0.0587451,0.975917,1.79757,0
2683,27,27,22,109,1,27,0,110,1,2,0,0.16,0.0720974,0.965904,1.41332,0
2684,15,15,4,110,1,15,0,110,0,0,0,0.16,0.0537811,0.974182,1.66197,0
2685,8,8,4,108,1,8,0,110,2,0,0,0.16,0.042406,0.978931,1.33084,0
2686,21,21,9,109,1,21,0,110,2,0,0,0.16,0.074229,0.968126,1.07976,0
2687,24,24,9,110,1,24,0,110,0,0,0,0.16,0.0503294,0.976131,1.80635,0
2688,36,36,35,108,1,36,0,110,2,0,0,0.16,0.0770195,0.971246,1.4556,0
2689,45,36,8,110,1,36,0,110,1,1,0,0.16,0,1,1.62428,0
2690,9,9,3,109,1,9,0,110,1,0,0,0.16,0.0594932,0.972814,1.81184,0
2691,13,13,7,108,1,13,0,110,0,1,0,0.16,0.0784531,0.962221,2.35763,1
2692,31,31,24,109,1,31,0,110,2,1,0,0.16,0.0622792,0.970304,1.8322,0
2693,20,20,4,109,1,20,0,110,1,1,0,0.16,0.0628177,0.971554,1.26431,0
2694,39,36,28,111,1,36,0,110,1,1,0,0.16,0.065216,0.972267,1.44573,0
2695,18,18,16,108,1,18,0,110,2,0,0,0.16,0.0624392,0.973734,2.00783,0
2696,11,11,5,110,1,11,0,110,0,1,0,0.16,0.0475585,0.976309,1.43703,0
2697,26,26,3,110,1,26,0,110,0,1,0,0.16,0.0516744,0.975181,1.21779,0
2698,16,16,7,109,1,16,0,110,1,0,0,0.165138,0.0618278,0.97072,1.6599,0
2699,15,15,10,108,1,15,0,110,2,2,0,0.16,0.0722917,0.967565,1.62666,0
2700,19,19,7,110,1,19,0,110,2,1,0,0.16,0.0712884,0.970087,1.48829,0
2701,16,16,13,110,1,16,0,110,0,0,0,0.16,0.0474648,0.977489,1.85015,0
2702,12,12,4,111,1,12,0,110,1,4,0,0.162162,0.0794999,0.96391,3.99871,1
2703,16,16,12,110,1,16,0,110,0,0,0,0.16,0.049119,0.976926,1.73492,0
2704,25,25,15,110,1,25,0,110,0,0,0,0.16,0.0515587,0.975093,1.8788,0
2705,41,36,2,110,1,36,0,110,0,1,0,0.16,0,1,1.49171,0
2706,26,26,17,110,1,26,0,110,0,2,0,0.16,0.0606081,0.970658,1.39215,0
2707,28,28,3,109,1,28,0,110,1,1,0,0.16,0.0611291,0.972339,1.81848,0
2708,17,17,4,111,1,17,0,110,2,3,0,0.16,0.0633221,0.972144,1.64426,0
2709,49,36,11,110,1,36,0,110,2,1,0,0.16,0,1,3.18189,1
2710,16,16,1,109,1,16,0,110,2,2,0,0.16,0.0684096,0.971867,1.49692,0
2711,20,20,15,109,1,20,0,110,1,3,0,0.16,0.0804772,0.965161,3.50445,1
2712,27,27,7,109,1,27,0,110,2,0,0,0.16,0.0492976,0.973178,3.75784,1
2713,11,11,10,109,1,11,0,110,5,2,0,0.174312,0.096509,0.963233,1.48095,0
2714,12,12,6,110,1,12,0,110,0,0,0,0.16,0.0617501,0.968862,1.80865,0
2715,26,26,1,109,1,26,0,110,1,0,0,0.16,0.0689941,0.970388,1.66725,0
2716,28,28,26,110,1,28,0,110,0,3,0,0.16,0.0568727,0.974369,1.66753,0
2717,37,36,7,111,1,36,0,110,0,3,0,0.16,0.081525,0.963549,3.35731,1
2718,22,22,2,107,1,22,0,110,3,1,0,0.16,0.0887169,0.963936,1.53791,0
2719,36,36,27,109,1,36,0,110,1,0,0,0.16,0.0546894,0.976963,1.36907,0
2720,17,17,8,108,1,17,0,110,2,6,0,0.16,0.0870217,0.958641,4.14349,1
2721,16,16,9,110,1,16,0,110,0,0,0,0.16,0.0518778,0.975229,1.69192,0
2722,10,10,3,109,1,10,0,110,3,3,0,0.16,0.0716741,0.967772,1.46168,0
2723,41,36,39,110,1,36,0,110,0,1,0,0.16,0,1,1.38855,0
2724,15,15,0,110,1,15,0,110,0,1,0,0.16,0.039731,0.981118,1.68853,0
2725,37,36,23,109,1,36,0,110,2,1,0,0.16,0.0748423,0.970746,1.76713,0
2726,13,13,10,108,1,13,0,110,0,1,0,0.16,0.050059,0.974272,2.15393,1
2727,6,6,1,108,1,6,0,110,3,2,0,0.176176,0.0725775,0.966541,1.69341,0
2728,43,36,28,109,1,36,0,110,7,1,1,0.16,0,1,1.89307,0
2729,15,15,4,108,1,15,0,110,2,1,0,0.16,0.0642293,0.970634,1.68206,0
2730,7,7,4,109,1,7,0,110,2,7,0,0.16,0.0736794,0.971578,1.40222,0
2731,45,36,39,109,1,36,0,110,1,1,0,0.16,0,1,1.23367,0
2732,18,18,13,111,1,18,0,110,1,1,0,0.16,0.0574019,0.97668,1.75624,0
2733,22,22,14,110,1,22,0,110,0,0,0,0.16,0.0572339,0.973344,1.19558,0
2734,14,14,8,111,1,14,0,110,2,2,0,0.16,0.0580287,0.976426,1.79059,0
2735,27,27,25,109,1,27,0,110,1,0,0,0.16,0.069191,0.967933,1.8095,0
2736,66,36,9,110,1,36,0,110,0,1,0,0.16,0,1,1.10951,0
2737,18,18,13,110,1,18,0,110,1,2,0,0.16,0.0650378,0.96868,1.611,0
2738,62,36,24,109,1,36,0,110,1,1,1,0.16,0,1,1.85521,0
2739,24,24,12,108,1,24,0,110,2,0,0,0.16,0.0520927,0.970893,4.20664,1
2740,50,36,32,109,1,36,0,110,5,1,1,0.16,0,1,1.26947,0
2741,59,36,0,110,1,36,0,110,0,1,0,0.16,0,1,1.22288,0
2742,2,2,0,111,1,2,0,110,9,13,0,1,0.0892857,0.958384,5.06677,1
2743,22,22,8,109,1,22,0,110,2,1,0,0.173094,0.0688333,0.969985,1.99735,0
2744,52,36,23,109,1,36,0,110,3,1,1,0.16,0,1,1.23457,0
2745,68,36,19,110,1,36,0,110,0,1,0,0.16,0,1,1.52817,0
2746,17,17,16,110,1,17,0,110,0,1,0,0.16,0.052036,0.974555,1.80991,0
2747,49,36,38,110,1,36,0,110,0,1,0,0.16,0,1,1.79775,0
2748,28,28,25,110,1,28,0,110,0,1,0,0.16,0.0628267,0.970326,1.29639,0
2749,55,36,9,110,1,36,0,110,0,1,0,0.16,0,1,1.72775,0
2750,44,36,16,110,1,36,0,110,0,1,0,0.16,0,1,1.42434,0
2751,33,33,29,110,1,33,0,110,0,0,0,0.162645,0.0615432,0.97112,1.42377,0
2752,68,36,41,110,1,36,0,110,1,1,0,0.16,0,1,1.73136,0
2753,6,6,5,114,1,6,0,110,4,4,0,0.184211,0.0730994,0.97409,2.02827,0
2754,27,27,22,109,1,27,0,110,3,1,0,0.16,0.0732413,0.970471,1.24813,0
2755,18,18,10,110,1,18,0,110,1,1,0,0.16,0.056308,0.974964,1.84152,0
2756,34,34,3,109,1,34,0,110,1,0,0,0.16,0.0593076,0.97534,1.83657,0
2757,22,22,18,109,1,22,0,110,1,0,0,0.16,0.0639808,0.969778,1.66226,0
2758,16,16,13,110,1,16,0,110,2,4,0,0.178215,0.0857293,0.964766,1.69925,0
2759,16,16,11,109,1,16,0,110,1,0,0,0.16,0.0437755,0.979281,1.72857,0
2760,8,8,1,110,1,8,0,110,0,5,0,0.170025,0.0657965,0.967998,1.87614,0
2761,58,36,28,108,1,36,0,110,0,1,0,0.16,0,1,2.50216,1
2762,57,36,47,110,1,36,0,110,0,1,0,0.16,0,1,1.46588,0
2763,23,23,11,111,1,23,0,110,1,2,0,0.16,0.0669822,0.971803,1.63809,0
2764,8,8,4,109,1,8,0,110,3,2,0,0.192661,0.0697143,0.968852,1.71672,0
2765,40,36,17,110,1,36,0,110,0,1,0,0.16,0,1,1.83207,0
2766,12,12,7,106,1,12,0,110,2,0,0,0.16,0.0633056,0.968476,4.72278,1
2767,49,36,26,110,1,36,0,110,0,1,0,0.16,0,1,1.7883,0
2768,5,5,1,110,1,5,0,110,1,3,0,0.16,0.0760714,0.965098,1.6457,0
2769,10,10,3,110,1,10,0,110,0,3,0,0.16,0.0504048,0.975752,1.74584,0
2770,61,36,25,111,1,36,0,110,2,1,0,0.16,0,1,2.27191,1
2771,25,25,21,110,1,25,0,110,0,0,0,0.16,0.054519,0.97437,1.63834,0
2772,20,20,0,111,1,20,0,110,3,3,0,0.16,0.0700084,0.972961,1.59154,0
2773,30,30,5,112,1,30,0,110,4,3,0,0.16,0.0858065,0.969093,1.08689,0
2774,88,36,86,110,1,36,0,110,2,1,0,0.16,0,1,1.59809,0
2775,31,31,17,110,1,31,0,110,0,0,0,0.16,0.0442215,0.979913,1.811,0
2776,27,27,5,112,1,27,0,110,2,2,0,0.16,0.0775496,0.971257,1.3474,0
2777,15,15,6,108,1,15,0,110,0,1,0,0.16,0.0546484,0.970943,3.36781,1
2778,78,36,71,110,1,36,0,110,0,1,0,0.16,0,1,1.7697,0
2779,11,11,7,109,1,11,0,110,4,2,0,0.16,0.0834281,0.967382,1.97123,0
2780,16,15,15,109,1,15,0,110,0,4,1,0.16,0.0772964,0.965426,2.30634,1
2781,19,19,9,107,1,19,0,110,3,1,0,0.16,0.0816085,0.965586,1.5404,0
2782,13,13,1,110,1,13,0,110,2,3,0,0.16,0.0719338,0.968471,1.58047,0
2783,25,25,2,110,1,25,0,110,0,1,0,0.16,0.0470202,0.976905,1.65681,0
2784,14,14,10,111,1,14,0,110,1,1,0,0.16,0.0633909,0.97642,1.39998,0
2785,23,23,1,110,1,23,0,110,0,0,0,0.16,0.0438528,0.980598,1.40362,0
2786,14,14,5,109,1,14,0,110,1,2,0,0.16,0.0574252,0.975675,1.42897,0
2787,16,16,2,110,1,16,0,110,2,3,0,0.16,0.0759149,0.964486,5.54065,1
2788,14,14,9,111,1,14,0,110,4,8,0,0.16,0.0838891,0.967138,1.77945,0
2789,19,19,16,106,1,19,0,110,4,0,0,0.16,0.0742195,0.968966,1.98375,0
2790,44,36,15,110,1,36,0,110,0,1,0,0.16,0,1,1.16407,0
2791,51,36,8,110,1,36,0,110,0,1,0,0.16,0,1,1.72653,0
2792,37,36,4,109,1,36,0,110,1,0,0,0.16,0.0559867,0.974045,1.27438,0
2793,16,16,6,108,1,16,0,110,3,3,0,0.16,0.0667788,0.969014,1.30411,0
2794,20,20,10,109,1,20,0,110,1,0,0,0.16,0.0532766,0.974748,1.49816,0
2795,56,36,49,110,1,36,0,110,0,1,0,0.16,0,1,1.85883,0
2796,39,36,35,110,1,36,0,110,0,1,0,0.16,0.0606735,0.971139,1.29271,0
2797,51,36,1,110,1,36,0,110,0,1,0,0.16,0,1,1.62176,0
2798,13,13,7,108,1,13,0,110,3,1,0,0.16,0.0696488,0.968245,1.41,0
2799,17,17,9,110,1,17,0,110,0,2,0,0.16,0.0615745,0.970294,1.78391,0
2800,32,32,28,111,1,32,0,110,1,2,0,0.16,0.0582986,0.974688,1.67526,0
2801,39,36,2,110,1,36,0,110,0,0,0,0.16,0.0505331,0.976669,1.48593,0
2802,93,36,54,110,1,36,0,110,2,1,0,0.16,0,1,1.44586,0
2803,20,20,2,110,1,20,0,110,0,1,0,0.16,0.050735,0.975883,1.36906,0
2804,68,36,45,109,1,36,0,110,1,1,0,0.16,0,1,1.37684,0
2805,16,16,0,110,1,16,0,110,0,0,0,0.16,0.0583456,0.971548,1.16915,0
2806,22,22,18,110,1,22,0,110,4,1,0,0.166558,0.085128,0.968821,1.52219,0
2807,44,36,38,108,1,36,0,110,2,1,0,0.16,0,1,2.04049,0
2808,16,16,0,110,1,16,0,110,0,0,0,0.16,0.0575912,0.971551,1.87792,0
2809,19,19,14,108,1,19,0,110,2,1,0,0.16,0.0770435,0.968809,1.31403,0
2810,8,8,4,110,1,8,0,110,0,1,0,0.236364,0.0533886,0.975354,1.70616,0
2811,50,36,15,108,1,36,0,110,0,1,0,0.16,0,1,2.33486,1
2812,14,14,11,110,1,14,0,110,0,0,0,0.16,0.0486255,0.977181,1.49275,0
2813,26,26,6,110,1,26,0,110,0,1,0,0.16,0.0548814,0.974311,1.44202,0
2814,33,33,26,109,1,33,0,110,1,1,0,0.16,0.0567393,0.971687,1.63709,0
2815,16,16,2,109,1,16,0,110,1,1,0,0.165138,0.0684083,0.971007,1.50656,0
2816,62,36,35,110,1,36,0,110,0,1,0,0.16,0,1,1.65822,0
2817,37,36,10,110,1,36,0,110,0,0,0,0.16,0.0518447,0.975915,1.58819,0
2818,26,26,3,110,1,26,0,110,0,0,0,0.16,0.0558983,0.974657,1.58325,0
2819,126,36,99,110,1,36,0,110,0,1,0,0.16,0,1,1.48313,0
2820,26,26,1,109,1,26,0,110,1,0,0,0.16,0.0573211,0.97583,1.43618,0
2821,14,14,4,110,1,14,0,110,1,0,0,0.16,0.0692933,0.970398,1.52225,0
2822,14,14,13,111,1,14,0,110,1,3,0,0.16,0.0668042,0.970022,1.74333,0
2823,24,24,0,110,1,24,0,110,0,1,0,0.16,0.049951,0.97745,1.53484,0
2824,57,36,29,110,1,36,0,110,0,1,0,0.16,0,1,1.49211,0
2825,32,32,7,110,1,32,0,110,2,5,0,0.16,0.0579045,0.973614,1.89299,0
2826,22,22,14,109,1,22,0,110,3,2,0,0.16,0.0881971,0.965214,1.55786,0
2827,10,10,6,110,1,10,0,110,2,4,0,0.177796,0.0761575,0.967609,1.53455,0
2828,9,9,5,108,1,9,0,110,2,0,0,0.16,0.0576638,0.971542,1.42226,0
2829,20,20,4,110,1,20,0,110,1,2,0,0.16,0.0700684,0.969321,1.79514,0
2830,48,36,6,110,1,36,0,110,0,1,0,0.16,0,1,1.20811,0
2831,32,32,8,110,1,32,0,110,0,0,0,0.16,0.052461,0.974459,1.22413,0
2832,24,24,3,110,1,24,0,110,1,3,0,0.16,0.0734116,0.966328,1.82167,0
2833,35,35,8,108,1,35,0,110,4,0,0,0.16,0.057573,0.968714,4.25757,1
2834,28,28,5,110,1,28,0,110,0,2,0,0.16,0.0591975,0.971297,1.9128,0
2835,10,10,1,108,1,10,0,110,0,1,0,0.16,0.0666444,0.96978,2.3025,1
2836,17,17,11,110,1,17,0,110,1,1,0,0.16,0.0496963,0.97961,1.73477,0
2837,48,36,23,110,1,36,0,110,0,1,0,0.16,0,1,2.05899,0
2838,13,13,5,111,1,13,0,110,2,5,0,0.162162,0.080844,0.967029,1.69959,0
2839,18,18,4,110,1,18,0,110,0,0,0,0.16,0.0556064,0.97295,1.5954,0
2840,45,36,25,110,1,36,0,110,0,1,0,0.16,0,1,1.52526,0
2841,24,24,5,108,1,24,0,110,2,2,0,0.16,0.0647041,0.967434,1.85824,0
2842,24,24,8,110,1,24,0,110,0,1,0,0.16,0.0548304,0.973678,1.77898,0
2843,34,33,8,110,1,33,0,110,0,2,1,0.16,0.053478,0.974276,1.60289,0
2844,21,21,1,111,1,21,0,110,1,3,0,0.16,0.0726702,0.967842,1.71972,0
2845,13,13,1,107,1,13,0,110,0,1,0,0.16,0.0745053,0.965801,2.50158,1
2846,50,36,8,111,1,36,0,110,1,1,0,0.16,0,1,1.46426,0
2847,12,12,9,110,1,12,0,110,0,1,0,0.16,0.0549279,0.974134,1.52647,0
2848,19,19,10,112,1,19,0,110,2,2,0,0.16,0.0736556,0.969218,1.48212,0
2849,20,20,8,111,1,20,0,110,1,2,0,0.16,0.0692652,0.968925,1.82638,0
2850,19,19,11,110,1,19,0,110,0,0,0,0.16,0.0478325,0.977709,1.27366,0
2851,6,6,4,109,1,6,0,110,3,9,0,0.200611,0.0909754,0.954677,5.25246,1
2852,5,5,4,108,1,5,0,110,2,0,0,0.16,0.0430522,0.981951,1.82881,0
2853,88,36,25,110,1,36,0,110,0,1,0,0.16,0,1,1.81214,0
2854,21,21,10,108,1,21,0,110,2,1,0,0.16,0.0737831,0.963882,1.56374,0
2855,13,13,8,110,1,13,0,110,4,3,0,0.16,0.0751144,0.971947,1.23983,0
2856,40,36,26,110,1,36,0,110,4,1,0,0.16,0,1,1.35409,0
2857,16,16,14,110,1,16,0,110,2,2,0,0.16,0.061487,0.972964,1.86991,0
2858,41,36,32,110,1,36,0,110,0,1,0,0.16,0,1,1.8435,0
2859,13,13,11,109,1,13,0,110,1,2,0,0.170434,0.0580447,0.97345,1.892,0
2860,54,36,23,110,1,36,0,110,0,1,0,0.16,0,1,1.8552,0
2861,6,6,0,109,1,6,0,110,3,2,0,0.16,0.0743194,0.971409,1.83919,0
2862,56,36,28,109,1,36,0,110,0,1,0,0.16,0,1,2.20237,1
2863,100,36,7,110,1,36,0,110,0,1,0,0.16,0,1,1.80111,0
2864,18,18,8,111,1,18,0,110,1,1,0,0.16,0.0495272,0.977677,1.60379,0
2865,37,36,3,110,1,36,0,110,0,1,0,0.16,0.0589337,0.972394,1.37517,0
2866,14,14,7,110,1,14,0,110,0,1,0,0.16,0.0494489,0.978153,2.20884,1
2867,18,18,2,109,1,18,0,110,1,0,0,0.16,0.0512775,0.979045,1.36602,0
2868,16,16,3,109,1,16,0,110,1,1,0,0.16,0.0469871,0.976715,1.42849,0
2869,23,23,22,110,1,23,0,110,0,3,0,0.16,0.0632083,0.970962,1.54198,0
2870,19,19,13,110,1,19,0,110,2,2,0,0.16,0.0714348,0.971041,1.69894,0
2871,35,35,3,108,1,35,0,110,2,0,0,0.16,0.0658407,0.972269,1.55488,0
2872,19,19,2,109,1,19,0,110,1,0,0,0.16,0.0642023,0.971017,1.52885,0
2873,17,17,2,111,1,17,0,110,1,3,0,0.171171,0.0873552,0.962124,1.50463,0
2874,106,36,35,110,1,36,0,110,0,1,0,0.16,0,1,1.55135,0
2875,42,36,17,111,1,36,0,110,1,1,0,0.16,0,1,1.30923,0
2876,26,26,7,110,1,26,0,110,0,0,0,0.16,0.0507886,0.975352,1.79172,0
2877,14,14,5,107,1,14,0,110,3,1,0,0.16,0.0715337,0.968907,1.46078,0
2878,16,16,6,110,1,16,0,110,0,0,0,0.173874,0.055941,0.973816,1.9669,0
2879,16,16,3,109,1,16,0,110,1,3,0,0.16,0.0608771,0.97386,1.54042,0
2880,41,36,37,110,1,36,0,110,0,1,0,0.16,0,1,1.85588,0
2881,26,26,2,110,1,26,0,110,0,0,0,0.16,0.0485798,0.977444,1.41964,0
2882,14,14,6,109,1,14,0,110,1,0,0,0.16,0.0537124,0.977299,1.74303,0
2883,70,36,21,110,1,36,0,110,0,1,0,0.16,0,1,1.36874,0
2884,19,19,14,110,1,19,0,110,0,2,0,0.16,0.0474482,0.977709,1.17946,0
2885,15,15,10,112,1,15,0,110,2,5,0,0.16,0.0807955,0.96871,1.28554,0
2886,32,32,2,110,1,32,0,110,0,0,0,0.16,0.0474425,0.977289,1.32611,0
2887,27,27,1,109,1,27,0,110,1,0,0,0.16,0.0642666,0.969625,1.70857,0
2888,14,14,2,109,1,14,0,110,3,3,0,0.16,0.0702382,0.971431,1.69816,0
2889,46,36,7,109,1,36,0,110,1,1,0,0.16,0,1,1.66145,0
2890,18,17,13,111,1,17,0,110,3,3,1,0.16,0.0749364,0.968453,1.61288,0
2891,26,26,24,110,1,26,0,110,0,1,0,0.181391,0.0735027,0.967523,1.53656,0
2892,22,22,2,112,1,22,0,110,2,2,0,0.16,0.0666828,0.971392,1.76485,0
2893,12,12,1,110,1,12,0,110,0,2,0,0.16,0.0604293,0.971499,1.9333,0
2894,30,30,29,112,1,30,0,110,3,2,0,0.16,0.0776027,0.970872,1.54222,0
2895,32,32,18,109,1,32,0,110,1,0,0,0.16,0.0571835,0.972799,1.50394,0
2896,43,36,6,110,1,36,0,110,0,1,0,0.16,0,1,1.67766,0
2897,50,36,10,110,1,36,0,110,0,1,0,0.16,0,1,1.9871,0
2898,14,14,12,110,1,14,0,110,0,0,0,0.16,0.0407236,0.980415,1.38336,0
2899,2,2,1,111,1,2,0,110,4,7,0,1,0.0565217,0.974033,5.15207,1
2900,89,36,2,110,1,36,0,110,0,1,0,0.16,0,1,1.84137,0
2901,7,7,6,109,1,7,0,110,6,11,0,0.16,0.105744,0.957886,1.63815,0
2902,17,16,6,108,1,16,0,110,4,1,1,0.16,0.0750815,0.968146,1.65458,0
2903,18,18,4,110,1,18,0,110,2,1,0,0.16,0.0645424,0.974707,1.13885,0
2904,33,33,18,110,1,33,0,110,0,0,0,0.16,0.0512169,0.975098,1.9196,0
2905,15,15,12,113,1,15,0,110,4,8,0,0.16,0.0872742,0.964288,1.93858,0
2906,24,24,19,111,1,24,0,110,0,5,0,0.16,0.0931781,0.966815,2.25266,1
2907,10,10,5,110,1,10,0,110,0,2,0,0.16,0.0442525,0.978921,1.58986,0
2908,12,12,11,110,1,12,0,110,3,1,0,0.16,0.072431,0.971122,1.43913,0
2909,15,15,10,110,1,15,0,110,0,1,0,0.16,0.0508147,0.976289,1.12484,0
2910,24,24,7,110,1,24,0,110,0,0,0,0.16,0.0490008,0.975754,1.58517,0
2911,27,27,23,109,1,27,0,110,2,0,0,0.16,0.0582145,0.969457,4.05857,1
2912,11,11,5,111,1,11,0,110,2,1,0,0.16,0.0719799,0.969589,1.40445,0
2913,12,12,4,109,1,12,0,110,1,0,0,0.16,0.0599089,0.972003,1.7201,0
2914,24,24,0,111,1,24,0,110,2,2,0,0.16,0.0607244,0.977092,1.48003,0
2915,29,29,3,110,1,29,0,110,0,0,0,0.16,0.0469668,0.977436,1.29042,0
2916,11,11,1,110,1,11,0,110,1,2,0,0.16,0.0641696,0.9722,1.62786,0
2917,33,33,21,111,1,33,0,110,1,1,0,0.16,0.0630825,0.974095,1.42819,0
2918,24,24,9,107,1,24,0,110,3,0,0,0.16,0.0784458,0.967907,1.11674,0
2919,26,26,18,108,1,26,0,110,2,0,0,0.16,0.0589204,0.975787,1.5603,0
2920,16,16,7,106,1,16,0,110,7,0,0,0.16,0.0675313,0.967551,4.96021,1
2921,26,26,9,110,1,26,0,110,0,0,0,0.16,0.0543145,0.97466,1.8413,0
2922,13,13,12,109,1,13,0,110,2,1,0,0.16,0.0630882,0.970637,1.90163,0
2923,16,16,9,110,1,16,0,110,0,0,0,0.163636,0.0508521,0.975795,1.64159,0
2924,18,18,8,110,1,18,0,110,1,2,0,0.16361,0.0695555,0.96918,1.45918,0
2925,17,17,15,111,1,17,0,110,2,1,0,0.16,0.0655945,0.974256,1.33662,0
2926,46,36,41,110,1,36,0,110,0,1,0,0.16,0,1,1.68652,0
2927,35,35,22,110,1,35,0,110,0,2,0,0.16,0.0685233,0.967857,1.55211,0
2928,10,10,8,113,1,10,0,110,3,8,0,0.168142,0.0831858,0.968466,1.24899,0
2929,81,36,5,110,1,36,0,110,2,1,0,0.16,0,1,1.16257,0
2930,23,23,1,107,1,23,0,110,3,1,0,0.16,0.0732861,0.967121,1.36772,0
2931,29,28,12,109,1,28,0,110,4,4,1,0.16,0.0807789,0.967121,1.6552,0
2932,15,15,8,109,1,15,0,110,1,0,0,0.16,0.0446423,0.982163,1.15291,0
2933,68,36,23,110,1,36,0,110,0,1,0,0.16,0,1,1.47612,0
2934,11,11,4,108,1,11,0,110,3,1,0,0.16,0.0844452,0.964994,1.65284,0
2935,27,26,22,108,1,26,0,110,2,3,1,0.16,0.0706355,0.968699,1.32193,0
2936,20,20,5,110,1,20,0,110,1,0,0,0.16,0.0584561,0.97475,1.27203,0
2937,12,12,6,109,1,12,0,110,1,2,0,0.16,0.0655764,0.968199,2.09009,0
2938,16,16,4,110,1,16,0,110,1,3,0,0.16,0.068311,0.967876,3.87787,1
2939,14,14,3,112,1,14,0,110,2,2,0,0.16,0.0598313,0.975683,1.67566,0
2940,18,18,1,110,1,18,0,110,2,0,0,0.163636,0.0810408,0.967422,1.60786,0
2941,14,14,7,110,1,14,0,110,3,2,0,0.16,0.0631723,0.974596,1.45133,0
2942,81,36,25,110,1,36,0,110,0,1,0,0.16,0,1,1.61337,0
2943,4,4,2,108,1,4,0,110,3,0,0,1,0.0823413,0.967104,1.79456,0
2944,13,13,4,109,1,13,0,110,1,1,0,0.16,0.0545021,0.97345,1.99112,0
2945,18,18,16,109,1,18,0,110,1,0,0,0.16,0.0555279,0.974736,1.7131,0
2946,26,26,17,110,1,26,0,110,0,1,0,0.16,0.0529129,0.974832,1.28851,0
2947,34,34,0,110,1,34,0,110,2,2,0,0.16,0.0741429,0.969708,1.31543,0
2948,110,36,78,110,1,36,0,110,1,1,0,0.16,0,1,1.32257,0
2949,13,13,4,111,1,13,0,110,1,3,0,0.16,0.067681,0.969788,1.81061,0
2950,59,36,10,110,1,36,0,110,0,1,0,0.16,0,1,1.8268,0
2951,76,36,13,108,1,36,0,110,2,1,1,0.16,0,1,1.62391,0
2952,10,10,1,111,1,10,0,110,3,3,0,0.16,0.0792793,0.967003,1.49144,0
2953,21,21,4,110,1,21,0,110,2,1,0,0.16,0.0673363,0.972073,1.66068,0
2954,15,15,9,110,1,15,0,110,0,2,0,0.16,0.0670578,0.969658,1.96377,0
2955,18,18,12,109,1,18,0,110,1,0,0,0.160179,0.0570973,0.972959,2.023,0
2956,31,31,15,110,1,31,0,110,2,1,0,0.16,0.0743907,0.968383,1.44398,0
2957,9,9,4,109,1,9,0,110,1,3,0,0.16,0.0560282,0.971806,1.69937,0
2958,5,5,4,109,1,5,0,110,1,0,0,0.16,0.0395525,0.982116,1.477,0
2959,8,8,2,111,1,8,0,110,0,3,0,0.16,0.0731178,0.972767,2.24094,1
2960,74,36,12,109,1,36,0,110,1,1,0,0.16,0,1,1.20456,0
2961,47,36,30,110,1,36,0,110,0,1,0,0.16,0,1,2.20535,1
2962,37,36,33,109,1,36,0,110,1,0,0,0.16,0.0570952,0.975188,1.52556,0
2963,15,15,2,109,1,15,0,110,2,0,0,0.16,0.0703228,0.969076,1.25189,0
2964,56,36,43,109,1,36,0,110,1,1,0,0.16,0,1,1.65272,0
2965,9,9,7,109,1,9,0,110,1,0,0,0.16,0.0542173,0.975354,1.31036,0
2966,17,17,2,110,1,17,0,110,1,0,0,0.16,0.0612834,0.973493,1.33363,0
2967,20,20,11,109,1,20,0,110,1,1,0,0.16,0.065827,0.9695,1.95656,0
2968,34,34,20,109,1,34,0,110,0,0,0,0.16,0.054782,0.976146,2.20588,1
2969,9,9,6,111,1,9,0,110,3,3,0,0.16,0.0654276,0.974794,1.89457,0
2970,25,25,2,109,1,25,0,110,1,1,0,0.16,0.0675654,0.969754,1.50914,0
2971,34,34,26,109,1,34,0,110,1,1,0,0.16,0.0651579,0.970102,1.7066,0
2972,24,24,8,109,1,24,0,110,1,2,0,0.16,0.0612348,0.97287,1.94659,0
2973,64,36,59,111,1,36,0,110,1,1,0,0.16,0,1,1.5933,0
2974,12,12,6,110,1,12,0,110,1,2,0,0.16,0.0791463,0.965845,1.99498,0
2975,20,20,4,110,1,20,0,110,2,3,0,0.172727,0.0803563,0.965252,1.19816,0
2976,14,14,2,108,1,14,0,110,2,2,0,0.16,0.0657429,0.974465,1.18807,0
2977,24,24,19,107,1,24,0,110,3,0,0,0.16,0.0637964,0.96694,1.71343,0
2978,29,29,17,112,1,29,0,110,2,3,0,0.16,0.0738099,0.970174,1.41253,0
2979,26,26,7,109,1,26,0,110,1,0,0,0.16,0.0608732,0.973902,1.12886,0
2980,31,31,30,109,1,31,0,110,1,1,0,0.16,0.0570316,0.972956,1.33444,0
2981,18,18,13,109,1,18,0,110,2,0,0,0.16,0.060832,0.971947,1.53694,0
2982,19,19,17,110,1,19,0,110,0,1,0,0.16,0.064471,0.968422,1.95011,0
2983,24,24,5,109,1,24,0,110,1,1,0,0.16,0.0715241,0.965445,2.06046,0
2984,7,7,6,109,1,7,0,110,2,3,0,0.16,0.0561539,0.974186,1.92689,0
2985,12,12,1,111,1,12,0,110,1,1,0,0.16,0.0588111,0.974738,1.68688,0
2986,17,17,9,110,1,17,0,110,2,1,0,0.16,0.0659832,0.972689,1.58028,0
2987,12,12,5,109,1,12,0,110,1,0,0,0.16,0.0574486,0.974281,1.48227,0
2988,14,14,12,110,1,14,0,110,2,3,0,0.16,0.0722522,0.973305,2.01473,0
2989,12,12,7,107,1,12,0,110,3,0,0,0.16,0.0604188,0.972256,1.283,0
2990,8,8,6,110,1,8,0,110,3,2,0,0.16,0.105438,0.954997,1.46595,0
2991,29,29,25,106,1,29,0,110,4,1,0,0.16,0.0845287,0.964772,1.52066,0
2992,31,31,17,109,1,31,0,110,1,0,0,0.161671,0.0553439,0.972364,1.88425,0
2993,26,26,19,110,1,26,0,110,1,1,0,0.16,0.0526494,0.976223,1.56043,0
2994,55,36,32,110,1,36,0,110,0,1,0,0.16,0,1,1.18417,0
2995,4,4,0,109,1,4,0,110,4,5,0,1,0.100437,0.959396,5.16035,1
2996,50,36,28,110,1,36,0,110,2,1,0,0.16,0,1,1.8137,0
2997,41,36,34,109,1,36,0,110,1,1,0,0.16,0,1,1.52305,0
2998,15,15,2,110,1,15,0,110,0,1,0,0.16,0.0560657,0.972975,1.72037,0
2999,85,36,14,110,1,36,0,110,0,1,0,0.16,0,1,1.9339,0
3000,53,36,3,110,1,36,0,110,0,1,0,0.16,0,1,1.93229,0
3001,9,9,7,110,1,9,0,110,2,3,0,0.16,0.0603111,0.976077,1.68851,0
3002,11,11,8,111,1,11,0,110,3,4,0,0.162162,0.0825596,0.965521,1.61194,0
3003,30,30,22,111,1,30,0,110,1,3,0,0.16,0.0683251,0.970163,1.47767,0
3004,15,15,6,110,1,15,0,110,0,1,0,0.16,0.0626834,0.971465,1.85922,0
3005,79,36,61,110,1,36,0,110,0,1,0,0.16,0,1,1.14799,0
3006,35,35,33,111,1,35,0,110,1,3,0,0.16,0.0687201,0.968786,1.84598,0
3007,39,36,25,110,1,36,0,110,0,0,0,0.16,0.057549,0.972018,1.66245,0
3008,15,15,11,110,1,15,0,110,2,3,0,0.16,0.0871581,0.962722,4.33118,1
3009,14,14,0,110,1,14,0,110,2,4,0,0.164793,0.0829329,0.966841,1.38867,0
3010,12,12,9,110,1,12,0,110,0,3,0,0.16,0.0625752,0.974513,2.13453,1
3011,36,36,10,108,1,36,0,110,2,0,0,0.16,0.0634506,0.971758,1.51217,0
3012,20,20,7,110,1,20,0,110,0,1,0,0.16,0.0536863,0.974071,1.25634,0
3013,22,22,13,111,1,22,0,110,1,2,0,0.16,0.0729568,0.967672,1.51418,0
3014,23,22,12,107,1,22,0,110,1,3,1,0.16,0.0873919,0.95886,4.58314,1
3015,24,24,21,108,1,24,0,110,2,0,0,0.16,0.069039,0.972812,1.37934,0
3016,19,19,9,110,1,19,0,110,1,0,0,0.16,0.0731341,0.968658,1.78838,0
3017,42,36,18,110,1,36,0,110,0,1,0,0.16,0,1,1.63392,0
3018,22,22,6,110,1,22,0,110,1,2,0,0.16,0.0665933,0.971903,1.38531,0
3019,18,18,2,109,1,18,0,110,1,1,0,0.162636,0.0611757,0.970422,1.59231,0
3020,27,27,0,109,1,27,0,110,1,1,0,0.16,0.0673109,0.97064,0.890375,0
3021,17,17,8,110,1,17,0,110,0,2,0,0.16,0.0676525,0.966572,1.49445,0
3022,9,9,1,107,1,9,0,110,3,0,0,0.16,0.0720874,0.971793,1.57863,0
3023,15,15,14,110,1,15,0,110,2,3,0,0.16,0.0622516,0.969959,4.64896,1
3024,29,29,3,110,1,29,0,110,0,0,0,0.16,0.052393,0.975252,1.56539,0
3025,15,15,13,110,1,15,0,110,0,0,0,0.16,0.0557585,0.972973,1.22649,0
3026,13,13,1,110,1,13,0,110,1,1,0,0.16,0.0573828,0.974385,1.68046,0
3027,35,35,13,110,1,35,0,110,0,1,0,0.16,0.0588952,0.971478,1.76658,0
3028,37,36,17,110,1,36,0,110,0,0,0,0.16,0.0484438,0.97717,1.47219,0
3029,22,22,16,110,1,22,0,110,0,0,0,0.16,0.0531529,0.974369,1.75307,0
3030,14,14,0,109,1,14,0,110,3,6,0,0.16,0.0899096,0.965567,1.83767,0
3031,12,12,9,110,1,12,0,110,0,4,0,0.163636,0.0781955,0.966975,2.18919,1
3032,40,36,26,111,1,36,0,110,0,1,0,0.16,0,1,2.18883,1
3033,23,23,18,109,1,23,0,110,1,0,0,0.16,0.0580051,0.975659,1.34824,0
3034,75,36,60,110,1,36,0,110,0,1,0,0.16,0,1,1.50099,0
3035,16,16,6,109,1,16,0,110,1,1,0,0.16,0.0711071,0.970724,1.93199,0
3036,26,26,1,110,1,26,0,110,0,1,0,0.16,0.0644818,0.970654,1.43477,0
3037,19,19,17,110,1,19,0,110,0,0,0,0.16,0.061361,0.974613,2.28263,1
3038,15,15,13,111,1,15,0,110,2,1,0,0.16,0.0689146,0.973216,1.67725,0
3039,60,36,41,108,1,36,0,110,2,1,0,0.16,0,1,1.57486,0
3040,56,36,25,110,1,36,0,110,0,1,0,0.16,0,1,1.59665,0
3041,17,17,5,110,1,17,0,110,0,1,0,0.16,0.0558847,0.97296,1.48529,0
3042,28,28,20,109,1,28,0,110,1,0,0,0.16,0.0644401,0.970384,1.64871,0
3043,35,35,8,109,1,35,0,110,1,1,0,0.16,0.0591831,0.972783,1.49463,0
3044,32,32,25,110,1,32,0,110,0,1,0,0.16,0.0570521,0.972763,1.11993,0
3045,3,3,0,109,1,3,0,110,1,18,0,1,0.0929234,0.959582,4.73657,1
3046,24,24,15,109,1,24,0,110,1,0,0,0.16,0.0678154,0.969445,1.62241,0
3047,13,13,11,109,1,13,0,110,3,1,0,0.16,0.0742845,0.973098,1.52922,0
3048,14,14,11,111,1,14,0,110,1,4,0,0.16,0.069062,0.971624,1.46991,0
3049,16,16,4,110,1,16,0,110,2,2,0,0.16,0.0626401,0.975229,1.79537,0
3050,33,33,0,111,1,33,0,110,3,3,0,0.16,0.0776812,0.968389,1.27546,0
3051,16,16,5,109,1,16,0,110,1,0,0,0.16,0.0601799,0.973577,1.73321,0
3052,17,17,10,110,1,17,0,110,0,2,0,0.16,0.0534158,0.975354,1.59276,0
3053,10,10,5,109,1,10,0,110,2,3,0,0.16,0.065013,0.967323,3.92362,1
3054,27,27,3,109,1,27,0,110,1,2,0,0.16,0.0568055,0.972669,1.52973,0
3055,14,14,13,110,1,14,0,110,1,2,0,0.16,0.0640299,0.972661,1.84981,0
3056,10,10,1,112,1,10,0,110,2,8,0,0.1875,0.0883929,0.961522,1.50496,0
3057,32,31,20,109,1,31,0,110,1,2,1,0.16,0.0678853,0.971776,1.61324,0
3058,11,11,1,110,1,11,0,110,0,2,0,0.16,0.0443465,0.978366,1.63187,0
3059,46,36,18,109,1,36,0,110,1,1,0,0.16,0,1,1.69533,0
3060,36,36,25,111,1,36,0,110,1,2,0,0.16,0.0672778,0.972144,1.56721,0
3061,19,19,15,110,1,19,0,110,0,0,0,0.16,0.0532575,0.975328,1.41104,0
3062,62,36,6,110,1,36,0,110,2,1,0,0.16,0,1,1.15429,0
3063,63,36,12,110,1,36,0,110,0,1,0,0.16,0,1,1.82991,0
3064,12,12,3,109,1,12,0,110,1,0,0,0.16,0.058882,0.970095,1.99179,0
3065,24,24,2,110,1,24,0,110,0,0,0,0.16,0.0422869,0.980087,1.8628,0
3066,21,21,1,110,1,21,0,110,3,4,0,0.163636,0.080217,0.969059,1.81039,0
3067,14,14,4,111,1,14,0,110,2,4,0,0.16,0.0693856,0.973542,1.9743,0
3068,23,23,22,110,1,23,0,110,0,1,0,0.16,0.0617544,0.970178,1.44472,0
3069,10,10,0,108,1,10,0,110,2,4,0,0.16,0.0510072,0.975765,1.68503,0
3070,13,13,12,108,1,13,0,110,5,6,0,0.16,0.0920125,0.964348,1.56406,0
3071,15,15,6,110,1,15,0,110,0,4,0,0.16,0.0666667,0.968153,1.91557,0
3072,18,18,11,109,1,18,0,110,1,1,0,0.16,0.0705448,0.967886,1.56016,0
3073,24,24,20,110,1,24,0,110,0,0,0,0.16,0.0551606,0.974621,1.71967,0
3074,21,21,18,111,1,21,0,110,3,2,0,0.16,0.0794312,0.970402,1.55335,0
3075,45,36,11,110,1,36,0,110,0,1,0,0.16,0,1,1.71496,0
3076,70,36,25,110,1,36,0,110,0,1,0,0.16,0,1,1.58797,0
3077,18,18,14,110,1,18,0,110,0,0,0,0.16,0.055083,0.973706,1.59113,0
3078,25,25,14,107,1,25,0,110,5,0,0,0.16,0.0941683,0.974026,1.4558,0
3079,69,36,4,110,1,36,0,110,0,1,0,0.16,0,1,1.4665,0
3080,36,36,26,110,1,36,0,110,0,0,0,0.16,0.0518126,0.975034,1.12807,0
3081,15,15,14,108,1,15,0,110,3,0,0,0.16,0.0695664,0.975546,1.81253,0
3082,19,19,13,110,1,19,0,110,0,1,0,0.16,0.0501868,0.975803,1.71238,0
3083,23,23,0,111,1,23,0,110,1,2,0,0.16,0.0644209,0.972196,1.73822,0
3084,25,25,16,108,1,25,0,110,2,0,0,0.16,0.0566408,0.97777,1.75203,0
3085,2,2,0,110,1,2,0,110,0,5,0,1,0.0227273,0.98737,3.79313,1
3086,38,36,0,110,1,36,0,110,0,0,0,0.16,0.0392371,0.981572,1.47354,0
3087,20,20,19,109,1,20,0,110,1,1,0,0.16,0.05335,0.975433,1.7677,0
3088,20,20,3,109,1,20,0,110,1,0,0,0.16,0.0569957,0.974292,1.05355,0
3089,47,36,23,111,1,36,0,110,1,1,1,0.16,0,1,1.14792,0
3090,24,24,22,111,1,24,0,110,2,2,0,0.16,0.068551,0.971858,1.91597,0
3091,9,9,1,108,1,9,0,110,4,4,0,0.16,0.0756543,0.965405,4.37413,1
3092,27,27,17,111,1,27,0,110,1,1,0,0.16,0.0615891,0.97432,1.45005,0
3093,70,36,49,108,1,36,0,110,2,1,0,0.16,0,1,1.36201,0
3094,70,36,20,110,1,36,0,110,0,1,0,0.16,0,1,1.13546,0
3095,60,36,15,110,1,36,0,110,0,1,0,0.16,0,1,2.00717,0
3096,29,29,20,108,1,29,0,110,2,1,0,0.16,0.0723507,0.96701,1.91684,0
3097,46,36,26,109,1,36,0,110,1,1,0,0.16,0,1,1.5996,0
3098,14,14,10,110,1,14,0,110,2,4,0,0.16,0.0705428,0.970399,1.61939,0
3099,6,6,4,110,1,6,0,110,2,3,0,0.190909,0.0735837,0.967894,4.15122,1
3100,34,34,4,110,1,34,0,110,0,2,0,0.16,0.0788789,0.964252,2.8804,1
3101,37,36,32,108,1,36,0,110,2,1,0,0.16,0.0663618,0.972655,1.67286,0
3102,35,35,19,109,1,35,0,110,1,1,0,0.16,0.0627334,0.971347,1.89504,0
3103,28,28,11,110,1,28,0,110,0,1,0,0.163636,0.0496069,0.977276,1.35238,0
3104,13,13,8,111,1,13,0,110,1,1,0,0.171171,0.0775604,0.964614,1.9061,0
3105,101,36,25,110,1,36,0,110,1,1,0,0.16,0,1,1.3356,0
3106,22,22,19,110,1,22,0,110,2,1,0,0.16,0.0726449,0.96779,1.83381,0
3107,69,36,36,110,1,36,0,110,1,1,0,0.16,0,1,1.68662,0
3108,57,36,3,110,1,36,0,110,0,1,0,0.16,0,1,1.17683,0
3109,24,24,15,110,1,24,0,110,2,2,0,0.16,0.0629507,0.972361,1.5904,0
3110,19,19,18,109,1,19,0,110,1,0,0,0.16,0.0517189,0.976542,1.73178,0
3111,14,14,1,110,1,14,0,110,0,1,0,0.16,0.0611813,0.971365,1.4174,0
3112,22,22,12,110,1,22,0,110,1,1,0,0.16,0.0609235,0.973137,1.82725,0
3113,64,36,17,110,1,36,0,110,0,1,0,0.16,0,1,1.24268,0
3114,96,36,29,110,1,36,0,110,0,1,0,0.16,0,1,1.67021,0
3115,25,25,2,110,1,25,0,110,0,1,0,0.16,0.0475285,0.978714,1.44521,0
3116,28,28,11,108,1,28,0,110,2,0,0,0.16,0.0592574,0.970607,2.02048,0
3117,13,13,7,108,1,13,0,110,4,2,0,0.16,0.0744598,0.969307,1.50191,0
3118,14,14,9,109,1,14,0,110,1,2,0,0.16,0.0614233,0.971432,1.25222,0
3119,9,9,1,110,1,9,0,110,1,4,0,0.16,0.0501564,0.975071,3.81865,1
3120,16,16,2,111,1,16,0,110,1,1,0,0.16,0.0631866,0.973767,1.8113,0
3121,20,20,6,110,1,20,0,110,2,1,0,0.16,0.0677892,0.972941,1.31763,0
3122,68,36,6,110,1,36,0,110,0,1,0,0.16,0,1,1.05216,0
3123,33,33,6,111,1,33,0,110,1,1,0,0.16,0.0725381,0.969069,1.04489,0
3124,29,29,13,109,1,29,0,110,1,0,0,0.16,0.0698826,0.969201,1.5456,0
3125,27,27,1,106,1,27,0,110,4,0,0,0.16,0.0675668,0.96738,4.0371,1
3126,36,36,1,110,1,36,0,110,0,0,0,0.16,0.0454939,0.978302,1.11468,0
3127,10,10,4,109,1,10,0,110,4,5,0,0.16,0.0665634,0.965951,1.70779,0
3128,11,11,8,110,1,11,0,110,0,0,0,0.16,0.0510264,0.975077,1.41515,0
3129,110,36,25,110,1,36,0,110,0,1,0,0.16,0,1,1.65772,0
3130,20,20,7,109,1,20,0,110,1,0,0,0.16,0.0543736,0.974291,1.19356,0
3131,7,7,4,110,1,7,0,110,1,3,0,0.16,0.0620999,0.973117,4.82772,1
3132,32,32,25,107,1,32,0,110,3,0,0,0.16,0.068883,0.972149,1.88508,0
3133,32,32,6,110,1,32,0,110,0,0,0,0.16,0.0567227,0.972621,1.25059,0
3134,7,7,5,111,1,7,0,110,2,7,0,0.171171,0.0771396,0.968248,1.40619,0
3135,29,29,19,110,1,29,0,110,2,0,0,0.16,0.071807,0.971508,1.53431,0
3136,23,23,10,110,1,23,0,110,0,0,0,0.16,0.0564254,0.972533,1.6881,0
3137,12,12,5,110,1,12,0,110,1,3,0,0.16,0.0676768,0.969237,1.92045,0
3138,64,36,17,110,1,36,0,110,0,1,0,0.16,0,1,1.87043,0
3139,46,36,7,109,1,36,0,110,2,1,0,0.16,0,1,1.62702,0
3140,19,19,1,108,1,19,0,110,1,1,0,0.16,0.0644121,0.96881,4.3673,1
3141,52,36,0,110,1,36,0,110,0,1,0,0.16,0,1,1.2834,0
3142,7,7,0,111,1,7,0,110,1,5,0,0.16,0.0514801,0.977203,1.79296,0
3143,9,9,1,110,1,9,0,110,1,2,0,0.16,0.0572407,0.975072,1.3098,0
3144,5,5,4,109,1,5,0,110,1,3,0,0.16,0.0505967,0.97847,1.66702,0
3145,6,6,3,108,1,6,0,110,4,3,0,0.16,0.0573295,0.968066,4.87888,1
3146,12,12,5,109,1,12,0,110,2,0,0,0.16,0.0692239,0.970856,1.93031,0
3147,64,36,4,110,1,36,0,110,0,1,0,0.16,0,1,1.58718,0
3148,19,19,10,108,1,19,0,110,3,0,0,0.162913,0.0885153,0.960081,1.9491,0
3149,23,23,21,109,1,23,0,110,1,0,0,0.16,0.0552469,0.972879,1.63362,0
3150,17,17,16,110,1,17,0,110,0,0,0,0.16,0.0412356,0.98094,1.42037,0
3151,26,26,5,110,1,26,0,110,2,1,0,0.16,0.0715054,0.970481,1.73804,0
3152,10,10,7,109,1,10,0,110,0,3,0,0.16,0.0517124,0.973251,3.16543,1
3153,67,36,43,110,1,36,0,110,0,1,0,0.16,0,1,1.50738,0
3154,9,9,6,110,1,9,0,110,4,7,0,0.179002,0.0971073,0.959485,1.39187,0
3155,16,16,13,112,1,16,0,110,2,4,0,0.160714,0.0703125,0.969557,1.89682,0
3156,46,36,32,109,1,36,0,110,1,1,0,0.16,0,1,1.28423,0
3157,18,18,4,110,1,18,0,110,1,3,0,0.170025,0.0700155,0.968682,1.1397,0
3158,18,18,6,109,1,18,0,110,3,1,0,0.16,0.0722659,0.971692,1.81596,0
3159,18,18,11,111,1,18,0,110,1,2,0,0.16,0.0540094,0.977429,1.49274,0
3160,33,33,1,110,1,33,0,110,0,0,0,0.16,0.0512027,0.976056,1.38461,0
3161,43,36,5,110,1,36,0,110,0,1,0,0.16,0,1,1.2084,0
3162,5,5,3,109,1,5,0,110,2,5,0,0.16,0.0495413,0.972082,4.87791,1
3163,17,17,3,110,1,17,0,110,3,4,0,0.16,0.0783666,0.969501,1.27471,0
3164,58,36,27,110,1,36,0,110,0,1,0,0.16,0,1,1.39323,0
3165,23,23,1,111,1,23,0,110,1,1,0,0.16,0.068055,0.970249,1.27116,0
3166,6,6,5,110,1,6,0,110,1,2,0,0.211364,0.0662606,0.969403,1.56655,0
3167,19,19,18,112,1,19,0,110,2,2,0,0.16,0.0661478,0.97436,1.51834,0
3168,15,15,13,110,1,15,0,110,2,2,0,0.16,0.0681612,0.968148,2.05444,0
3169,18,18,10,109,1,18,0,110,2,0,0,0.16,0.0614421,0.973469,1.51262,0
3170,60,36,56,109,1,36,0,110,1,1,0,0.16,0,1,1.71087,0
3171,45,36,10,107,1,36,0,110,3,1,0,0.16,0,1,1.84947,0
3172,48,36,45,110,1,36,0,110,0,1,0,0.16,0,1,2.19943,1
3173,23,23,12,111,1,23,0,110,1,2,0,0.16,0.0617312,0.973171,1.49742,0
3174,7,7,6,110,1,7,0,110,2,9,0,0.16,0.0761932,0.964722,1.86458,0
3175,22,22,6,110,1,22,0,110,2,3,0,0.16,0.0716974,0.970262,1.59435,0
3176,8,8,7,109,1,8,0,110,1,1,0,0.164619,0.0500845,0.973413,1.59559,0
3177,20,20,9,109,1,20,0,110,1,1,0,0.16,0.0583301,0.971097,1.6456,0
3178,12,12,1,111,1,12,0,110,2,1,0,0.16,0.059025,0.976982,1.43533,0
3179,28,28,10,111,1,28,0,110,1,1,0,0.16,0.0702878,0.969313,1.12302,0
3180,18,18,10,109,1,18,0,110,1,0,0,0.16,0.0515402,0.977019,1.35825,0
3181,24,24,16,109,1,24,0,110,3,2,0,0.16,0.0819498,0.970775,1.58992,0
3182,17,17,0,110,1,17,0,110,0,1,0,0.16,0.055204,0.973491,1.57932,0
3183,42,36,35,110,1,36,0,110,0,1,0,0.16,0,1,1.2008,0
3184,13,13,1,108,1,13,0,110,2,1,0,0.16,0.0723749,0.967889,1.65385,0
3185,17,17,7,108,1,17,0,110,0,2,0,0.16,0.0798387,0.968398,2.30742,1
3186,13,13,8,111,1,13,0,110,1,4,0,0.16,0.0706428,0.96772,1.31979,0
3187,19,19,13,111,1,19,0,110,3,3,0,0.16,0.0779389,0.971772,1.55741,0
3188,22,22,1,110,1,22,0,110,0,2,0,0.16,0.0686612,0.96738,1.4004,0
3189,17,17,0,109,1,17,0,110,1,1,0,0.16,0.0506516,0.976739,1.28694,0
3190,21,21,9,108,1,21,0,110,2,1,0,0.16,0.0697828,0.969369,1.78859,0
3191,12,12,9,111,1,12,0,110,3,3,0,0.16,0.0759286,0.973991,1.66836,0
3192,22,22,17,110,1,22,0,110,0,1,0,0.16,0.0609916,0.970466,1.26064,0
3193,15,15,13,109,1,15,0,110,2,1,0,0.16,0.0669413,0.973034,1.32689,0
3194,8,8,7,107,1,8,0,110,3,2,0,0.16,0.079976,0.970602,1.19922,0
3195,19,19,0,109,1,19,0,110,1,2,0,0.176968,0.0798201,0.964291,1.65917,0
3196,33,33,22,110,1,33,0,110,0,1,0,0.16,0.0572047,0.973314,1.6367,0
3197,14,14,12,111,1,14,0,110,1,2,0,0.16,0.0602663,0.974506,1.39254,0
3198,45,36,14,108,1,36,0,110,2,1,0,0.16,0,1,1.85405,0
3199,13,13,6,110,1,13,0,110,0,2,0,0.16,0.0551566,0.972648,1.27275,0
3200,47,36,10,108,1,36,0,110,2,1,0,0.16,0,1,1.63293,0
3201,35,35,31,109,1,35,0,110,1,1,0,0.16,0.0677637,0.970305,1.36507,0
3202,10,10,2,110,1,10,0,110,1,4,0,0.16,0.0644643,0.972588,1.91152,0
3203,7,7,6,108,1,7,0,110,6,6,0,0.194336,0.10948,0.954869,1.74944,0
3204,25,25,23,110,1,25,0,110,0,2,0,0.16,0.0633241,0.970026,1.61028,0
3205,8,8,7,109,1,8,0,110,1,0,0,0.184416,0.0591689,0.973987,1.77942,0
3206,15,15,6,110,1,15,0,110,0,1,0,0.16,0.0409727,0.980215,1.731,0
3207,54,36,34,109,1,36,0,110,1,1,0,0.16,0,1,1.66268,0
3208,49,36,28,111,1,36,0,110,0,1,0,0.16,0,1,2.45711,1
3209,7,7,0,109,1,7,0,110,7,9,0,0.238532,0.120059,0.951359,1.80319,0
3210,20,20,4,110,1,20,0,110,0,0,0,0.16,0.0619971,0.970225,2.03894,0
3211,19,19,10,107,1,19,0,110,3,2,0,0.16,0.0816415,0.966564,1.41535,0
3212,14,14,10,108,1,14,0,110,2,1,0,0.16,0.0729658,0.966563,1.30331,0
3213,75,36,40,110,1,36,0,110,0,1,0,0.16,0,1,1.50762,0
3214,20,20,12,110,1,20,0,110,0,2,0,0.16,0.0520236,0.974753,1.44292,0
3215,6,6,2,109,1,6,0,110,1,5,0,0.16,0.0611621,0.972171,1.89973,0
3216,16,16,9,110,1,16,0,110,3,2,0,0.16,0.08452,0.966743,1.63508,0
3217,61,36,1,110,1,36,0,110,0,1,0,0.16,0,1,1.50561,0
3218,16,16,4,110,1,16,0,110,0,2,0,0.177606,0.0593993,0.971833,1.6239,0
3219,9,9,7,111,1,9,0,110,4,7,0,0.16,0.0710711,0.968323,4.18213,1
3220,30,30,14,107,1,30,0,110,2,3,0,0.16,0.102265,0.961922,3.9557,1
3221,11,11,3,109,1,11,0,110,1,0,0,0.16,0.0535687,0.975265,1.47045,0
3222,13,13,12,109,1,13,0,110,1,0,0,0.16,0.0493201,0.977664,1.44,0
3223,15,15,10,110,1,15,0,110,1,2,0,0.16,0.0434271,0.979308,3.82739,1
3224,7,7,2,110,1,7,0,110,0,3,0,0.16,0.0488125,0.976996,1.74942,0
3225,38,36,36,110,1,36,0,110,0,2,0,0.16,0.0532625,0.974156,1.82224,0
3226,15,15,1,110,1,15,0,110,0,2,0,0.16,0.0482792,0.976594,1.68785,0
3227,23,23,12,110,1,23,0,110,0,2,0,0.16,0.061237,0.970566,1.44478,0
3228,37,36,31,110,1,36,0,110,0,1,0,0.16,0.0557778,0.97315,2.12279,0
3229,7,7,6,112,1,7,0,110,4,5,0,0.166561,0.0903129,0.965341,1.93539,0
3230,22,22,6,108,1,22,0,110,2,0,0,0.16,0.0608284,0.974737,1.16168,0
3231,6,6,2,109,1,6,0,110,0,7,0,0.16,0.0807339,0.963037,2.30136,1
3232,24,24,16,110,1,24,0,110,2,2,0,0.16,0.0737566,0.970285,1.41822,0
3233,17,17,0,109,1,17,0,110,1,0,0,0.16,0.0528328,0.97701,1.34215,0
3234,43,36,3,110,1,36,0,110,4,1,0,0.16,0,1,1.60662,0
3235,12,12,3,110,1,12,0,110,0,1,0,0.16,0.0602925,0.971875,1.53564,0
3236,20,20,4,110,1,20,0,110,3,2,0,0.16,0.0729767,0.968192,1.47767,0
3237,8,8,7,110,1,8,0,110,1,1,0,0.16,0.0629663,0.973085,1.60932,0
3238,15,15,13,109,1,15,0,110,3,1,0,0.16,0.0732903,0.967857,1.57053,0
3239,12,12,8,109,1,12,0,110,2,2,0,0.16,0.0816023,0.96591,4.66104,1
3240,11,11,10,112,1,11,0,110,3,5,0,0.16,0.0957792,0.960979,4.48514,1
3241,12,12,10,107,1,12,0,110,5,4,0,0.174174,0.0857676,0.961408,1.48672,0
3242,11,11,4,109,1,11,0,110,4,2,0,0.16,0.0877215,0.964891,1.62591,0
3243,28,28,12,108,1,28,0,110,2,0,0,0.16,0.0698919,0.968466,1.35474,0
3244,15,15,4,109,1,15,0,110,1,2,0,0.16,0.0556817,0.976071,1.76533,0
3245,7,7,5,110,1,7,0,110,2,6,0,0.2,0.0766234,0.963429,4.68784,1
3246,17,17,5,110,1,17,0,110,0,4,0,0.16,0.052775,0.974291,1.80581,0
3247,13,13,9,107,1,13,0,110,1,3,0,0.16,0.08104,0.96258,3.91772,1
3248,20,20,16,110,1,20,0,110,1,1,0,0.16,0.0719535,0.968642,1.67925,0
3249,5,5,2,111,1,5,0,110,4,4,0,0.16,0.0864865,0.966303,1.4964,0
3250,18,18,14,112,1,18,0,110,2,2,0,0.16,0.0692918,0.973923,1.82202,0
3251,40,36,2,110,1,36,0,110,0,1,0,0.16,0,1,1.4771,0
3252,37,36,20,108,1,36,0,110,2,1,0,0.16,0.071647,0.969711,1.29783,0
3253,12,12,9,110,1,12,0,110,1,1,0,0.16,0.0653081,0.973006,1.54888,0
3254,38,36,37,110,1,36,0,110,0,0,0,0.16,0.0438694,0.979183,1.6467,0
3255,20,20,6,110,1,20,0,110,0,0,0,0.16,0.055933,0.972941,1.33416,0
3256,29,29,3,109,1,29,0,110,1,1,0,0.16,0.07025,0.969673,1.54299,0
3257,16,16,8,110,1,16,0,110,2,1,0,0.16,0.0631305,0.973248,1.6715,0
3258,16,16,12,109,1,16,0,110,1,1,0,0.16,0.0565368,0.972718,1.69876,0
3259,16,16,11,109,1,16,0,110,1,3,0,0.16,0.0792057,0.965302,3.1547,1
3260,24,24,21,111,1,24,0,110,1,2,0,0.16,0.059458,0.97541,1.36182,0
3261,9,9,2,110,1,9,0,110,2,1,0,0.16,0.0701219,0.968033,1.63921,0
3262,12,12,1,108,1,12,0,110,2,0,0,0.16,0.0644259,0.973272,1.61541,0
3263,15,15,3,112,1,15,0,110,4,2,0,0.160714,0.101404,0.960713,1.88152,0
3264,27,27,2,109,1,27,0,110,1,1,0,0.16,0.0593461,0.973854,1.56924,0
3265,18,18,0,110,1,18,0,110,0,0,0,0.16,0.0502975,0.97697,1.81402,0
3266,44,36,16,110,1,36,0,110,0,1,0,0.16,0,1,1.30851,0
3267,12,12,9,109,1,12,0,110,2,1,0,0.16,0.057356,0.975044,1.77722,0
3268,28,28,5,110,1,28,0,110,0,1,0,0.16,0.0595373,0.971296,1.42879,0
3269,32,32,17,109,1,32,0,110,1,1,0,0.16,0.0644373,0.971372,1.81575,0
3270,27,27,13,109,1,27,0,110,1,0,0,0.16,0.0538674,0.975206,1.52858,0
3271,7,7,6,108,1,7,0,110,2,6,0,0.162913,0.0904367,0.95684,4.62619,1
3272,27,27,10,111,1,27,0,110,1,2,0,0.16,0.0647876,0.972825,1.683,0
3273,20,20,2,109,1,20,0,110,1,1,0,0.16,0.0633963,0.969495,1.5519,0
3274,28,28,5,110,1,28,0,110,0,1,0,0.16,0.0605048,0.97178,1.29183,0
3275,27,27,5,109,1,27,0,110,2,1,0,0.16,0.0709476,0.969118,1.56988,0
3276,23,23,18,109,1,23,0,110,3,3,0,0.16,0.0913222,0.961563,1.63097,0
3277,84,36,82,110,1,36,0,110,0,1,0,0.16,0,1,1.53753,0
3278,13,13,11,109,1,13,0,110,1,3,0,0.16,0.0577361,0.969938,4.31414,1
3279,44,36,27,109,1,36,0,110,1,1,0,0.16,0,1,1.36811,0
3280,14,14,0,110,1,14,0,110,0,5,0,0.16,0.0490231,0.975895,1.561,0
3281,32,32,15,110,1,32,0,110,0,0,0,0.16,0.0492169,0.976722,1.61394,0
3282,13,13,11,108,1,13,0,110,1,3,0,0.16,0.070592,0.96683,4.26773,1
3283,11,11,4,109,1,11,0,110,1,0,0,0.16,0.0511672,0.977341,1.54786,0
3284,37,36,4,109,1,36,0,110,3,2,0,0.16,0.071395,0.972779,1.50706,0
3285,15,15,13,110,1,15,0,110,0,0,0,0.16,0.0414895,0.979607,1.41056,0
3286,21,21,19,110,1,21,0,110,2,4,0,0.17887,0.0756835,0.969276,1.74578,0
3287,32,32,6,109,1,32,0,110,1,0,0,0.16,0.0465685,0.978366,1.37019,0
3288,58,36,3,110,1,36,0,110,0,1,0,0.16,0,1,1.6114,0
3289,21,21,2,110,1,21,0,110,1,1,0,0.16,0.0639177,0.972291,1.84312,0
3290,15,15,4,110,1,15,0,110,0,0,0,0.16,0.0650825,0.968752,1.44165,0
3291,18,18,1,110,1,18,0,110,0,1,0,0.16,0.057988,0.973702,1.7032,0
3292,8,8,4,111,1,8,0,110,5,4,0,0.162162,0.0990991,0.960444,1.91495,0
3293,75,36,17,110,1,36,0,110,0,1,0,0.16,0,1,1.76289,0
3294,15,15,7,109,1,15,0,110,1,1,0,0.16,0.0731043,0.967856,1.47013,0
3295,35,35,5,110,1,35,0,110,0,0,0,0.16,0.0575688,0.972641,1.72542,0
3296,20,20,19,108,1,20,0,110,2,3,0,0.16,0.0720521,0.969217,1.89445,0
3297,19,19,1,110,1,19,0,110,2,4,0,0.170335,0.074604,0.966275,1.43916,0
3298,22,22,19,108,1,22,0,110,2,1,0,0.16,0.0738634,0.964893,1.53355,0
3299,32,32,20,109,1,32,0,110,2,2,0,0.16,0.0809508,0.966238,1.60741,0
3300,14,14,12,107,1,14,0,110,4,3,0,0.174792,0.0793526,0.967248,1.54749,0
3301,18,18,9,110,1,18,0,110,0,1,0,0.16,0.0564539,0.973957,1.57302,0
3302,20,20,11,109,1,20,0,110,2,1,0,0.183003,0.0566056,0.972466,3.67801,1
3303,21,20,4,112,1,20,0,110,2,6,1,0.16,0.0959426,0.966088,5.13991,1
3304,14,14,0,110,1,14,0,110,0,1,0,0.16,0.0624653,0.972982,2.18666,1
3305,21,21,0,110,1,21,0,110,0,0,0,0.16,0.0432478,0.980047,1.69798,0
3306,3,3,0,111,1,3,0,110,2,20,0,1,0.105066,0.957308,4.65786,1
3307,21,21,5,110,1,21,0,110,0,1,0,0.16,0.0446308,0.979614,1.75579,0
3308,74,36,18,110,1,36,0,110,0,1,0,0.16,0,1,1.12546,0
3309,55,36,17,110,1,36,0,110,0,1,0,0.16,0,1,1.7208,0
3310,11,11,0,110,1,11,0,110,4,2,0,0.16,0.0822747,0.965615,1.29616,0
3311,15,15,13,109,1,15,0,110,2,2,0,0.16,0.0831835,0.966946,4.19719,1
3312,14,14,6,110,1,14,0,110,0,3,0,0.16,0.0466889,0.977187,1.4187,0
3313,13,13,12,108,1,13,0,110,2,0,0,0.16,0.0618092,0.971438,1.64413,0
3314,30,30,1,110,1,30,0,110,0,3,0,0.16,0.0642887,0.969591,1.70185,0
3315,11,11,2,108,1,11,0,110,3,2,0,0.168142,0.084279,0.964151,1.71847,0
3316,96,36,28,110,1,36,0,110,0,1,0,0.16,0,1,0.87211,0
3317,36,36,19,109,1,36,0,110,1,2,0,0.16,0.0701772,0.968211,1.50756,0
3318,31,31,17,107,1,31,0,110,3,0,0,0.16,0.0777726,0.970501,1.41271,0
3319,64,36,13,110,1,36,0,110,0,1,0,0.16,0,1,1.74916,0
3320,18,18,2,110,1,18,0,110,1,0,0,0.16,0.0664697,0.972701,1.3351,0
3321,13,13,2,110,1,13,0,110,0,0,0,0.16,0.0363384,0.982044,1.75802,0
3322,79,36,62,110,1,36,0,110,0,1,0,0.16,0,1,1.67657,0
3323,36,36,5,110,1,36,0,110,0,5,0,0.16,0.0602773,0.97164,1.8795,0
3324,14,13,10,108,1,13,0,110,0,1,1,0.16,0.0748388,0.97037,2.23154,1
3325,24,24,23,110,1,24,0,110,0,0,0,0.16,0.0537765,0.974808,1.39513,0
3326,33,33,2,108,1,33,0,110,2,2,0,0.16,0.070068,0.973941,1.51611,0
3327,31,31,15,110,1,31,0,110,0,2,0,0.16,0.0586564,0.971303,1.41021,0
3328,40,36,22,109,1,36,0,110,1,1,0,0.16,0,1,1.99453,0
3329,20,20,0,109,1,20,0,110,1,1,0,0.16,0.0583141,0.972698,1.87482,0
3330,17,17,11,110,1,17,0,110,0,0,0,0.16,0.0512512,0.97482,1.63758,0
3331,23,23,16,107,1,23,0,110,4,1,0,0.16,0.0775451,0.972178,1.36284,0
3332,18,18,9,109,1,18,0,110,1,0,0,0.16,0.0551662,0.973469,1.17619,0
3333,18,18,11,110,1,18,0,110,1,2,0,0.16,0.0649991,0.968679,1.53691,0
3334,51,36,18,109,1,36,0,110,1,1,0,0.16,0,1,1.51384,0
3335,58,36,28,108,1,36,0,110,2,1,0,0.16,0,1,1.50482,0
3336,27,27,25,110,1,27,0,110,0,0,0,0.16,0.0651568,0.969729,1.42757,0
3337,14,14,9,109,1,14,0,110,1,2,0,0.16,0.0568066,0.969805,3.38377,1
3338,19,19,4,110,1,19,0,110,0,0,0,0.16,0.0462333,0.978659,1.71064,0
3339,25,25,15,110,1,25,0,110,1,1,0,0.16,0.064532,0.970932,1.53377,0
3340,10,10,7,109,1,10,0,110,4,2,0,0.16,0.0537755,0.977815,1.37325,0
3341,45,36,25,108,1,36,0,110,2,1,0,0.16,0,1,1.72681,0
3342,7,7,0,109,1,7,0,110,1,9,0,0.16,0.0649066,0.968968,1.75822,0
3343,35,35,5,109,1,35,0,110,1,2,0,0.16,0.0627279,0.97161,1.77859,0
3344,23,23,13,109,1,23,0,110,1,3,0,0.161159,0.0703293,0.965535,1.79794,0
3345,34,34,2,110,1,34,0,110,0,0,0,0.16,0.0405597,0.980488,1.4955,0
3346,68,36,6,110,1,36,0,110,0,1,0,0.16,0,1,1.81253,0
3347,16,16,0,109,1,16,0,110,2,0,0,0.16,0.0655996,0.970436,1.3615,0
3348,22,22,11,108,1,22,0,110,4,0,0,0.16,0.077246,0.972854,1.54775,0
3349,13,13,9,111,1,13,0,110,1,1,0,0.16,0.0476331,0.979437,1.36262,0
3350,35,35,23,110,1,35,0,110,0,0,0,0.16,0.0521698,0.975355,1.06544,0
3351,8,8,5,112,1,8,0,110,4,3,0,0.169643,0.0947278,0.963012,1.86798,0
3352,35,35,13,110,1,35,0,110,0,0,0,0.16,0.0518295,0.974711,1.51611,0
3353,19,19,9,111,1,19,0,110,1,1,0,0.16,0.0612181,0.973659,1.18062,0
3354,45,36,38,110,1,36,0,110,4,1,0,0.16,0,1,1.35903,0
3355,10,10,5,111,1,10,0,110,2,4,0,0.16,0.06912,0.974175,1.21561,0
3356,8,8,7,109,1,8,0,110,2,2,0,0.16,0.0575524,0.976837,1.94319,0
3357,44,36,11,110,1,36,0,110,0,1,0,0.16,0,1,1.49485,0
3358,35,35,14,110,1,35,0,110,1,0,0,0.16,0.0673784,0.969668,1.78432,0
3359,7,7,3,108,1,7,0,110,2,4,0,0.16,0.0546745,0.973947,1.51927,0
3360,22,22,13,110,1,22,0,110,4,2,0,0.16,0.0761754,0.973547,1.48484,0
3361,79,36,4,110,1,36,0,110,0,1,0,0.16,0,1,1.07618,0
3362,27,27,19,110,1,27,0,110,1,0,0,0.16,0.0713516,0.96856,1.13876,0
3363,9,9,0,109,1,9,0,110,1,2,0,0.16,0.0502654,0.976874,1.62447,0
3364,15,15,9,110,1,15,0,110,0,1,0,0.16,0.0533651,0.974782,1.54261,0
3365,23,23,5,109,1,23,0,110,2,2,0,0.16,0.0579987,0.970696,3.85321,1
3366,8,8,3,109,1,8,0,110,1,1,0,0.16,0.0385457,0.981399,1.45504,0
3367,46,36,3,110,1,36,0,110,0,1,0,0.16,0,1,1.59532,0
3368,23,23,5,111,1,23,0,110,1,2,0,0.16,0.058262,0.974145,1.1982,0
3369,8,8,4,112,1,8,0,110,2,3,0,0.1875,0.0635182,0.973008,1.71263,0
3370,32,32,6,110,1,32,0,110,0,1,0,0.16,0.0535533,0.97446,1.35375,0
3371,28,28,4,110,1,28,0,110,0,2,0,0.16,0.0566662,0.973723,1.63377,0
3372,9,9,6,111,1,9,0,110,3,4,0,0.166392,0.0891642,0.967322,1.94974,0
3373,26,26,3,109,1,26,0,110,1,1,0,0.16,0.0654724,0.971795,1.7049,0
3374,16,16,1,109,1,16,0,110,1,1,0,0.16,0.0829495,0.961302,1.32273,0
3375,56,36,27,110,1,36,0,110,0,1,0,0.16,0,1,1.28851,0
3376,58,36,2,110,1,36,0,110,0,1,0,0.16,0,1,1.59957,0
3377,10,10,3,111,1,10,0,110,2,6,0,0.198198,0.0762921,0.970144,2.08182,0
3378,24,24,11,110,1,24,0,110,2,2,0,0.16,0.073679,0.969343,2.02216,0
3379,17,17,10,108,1,17,0,110,2,0,0,0.16,0.0586162,0.972738,2.03101,0
3380,17,17,4,111,1,17,0,110,2,2,0,0.16,0.0720721,0.971619,1.6383,0
3381,33,33,4,109,1,33,0,110,3,0,0,0.16,0.075633,0.970857,1.15272,0
3382,49,36,4,110,1,36,0,110,0,1,0,0.16,0,1,1.49838,0
3383,17,17,14,110,1,17,0,110,2,2,0,0.16,0.0675892,0.970828,1.74102,0
3384,48,36,6,110,1,36,0,110,0,1,0,0.16,0,1,1.46639,0
3385,23,23,13,110,1,23,0,110,0,0,0,0.16,0.0584657,0.971943,1.32774,0
3386,15,15,6,110,1,15,0,110,2,3,0,0.16,0.0625246,0.972369,1.50253,0
3387,10,10,7,109,1,10,0,110,2,2,0,0.16,0.0664444,0.971425,1.83639,0
3388,53,36,31,110,1,36,0,110,0,1,0,0.16,0,1,1.6998,0
3389,27,27,21,110,1,27,0,110,0,3,0,0.16,0.0613984,0.971242,2.29265,1
3390,75,36,51,110,1,36,0,110,0,1,0,0.16,0,1,1.62396,0
3391,13,13,0,110,1,13,0,110,0,1,0,0.16,0.0621582,0.970211,1.50212,0
3392,6,6,1,108,1,6,0,110,2,3,0,0.165111,0.0653773,0.971911,1.87824,0
3393,30,30,15,110,1,30,0,110,0,0,0,0.16,0.037081,0.981657,1.70174,0
3394,16,16,12,109,1,16,0,110,2,0,0,0.16,0.0659833,0.971861,1.28771,0
3395,65,36,3,110,1,36,0,110,0,1,0,0.16,0,1,1.72817,0
3396,18,17,8,109,1,17,0,110,2,3,1,0.16,0.0749444,0.966533,4.6407,1
3397,33,33,19,109,1,33,0,110,1,1,0,0.16,0.061076,0.974731,1.3486,0
3398,20,20,2,110,1,20,0,110,0,0,0,0.16,0.0437748,0.978824,1.76841,0
3399,24,24,0,111,1,24,0,110,2,1,0,0.16,0.0835258,0.968682,1.80196,0
3400,18,18,9,112,1,18,0,110,2,3,0,0.16,0.0743301,0.97047,1.35751,0
3401,29,29,24,110,1,29,0,110,0,0,0,0.16,0.0590139,0.971352,1.76054,0
3402,19,19,11,108,1,19,0,110,3,0,0,0.16,0.0790416,0.965418,1.45933,0
3403,24,24,19,108,1,24,0,110,2,1,0,0.16,0.0484323,0.97454,3.9592,1
3404,9,9,0,110,1,9,0,110,1,3,0,0.16,0.0522226,0.97507,1.41209,0
3405,20,20,19,108,1,20,0,110,2,0,0,0.16,0.0649043,0.969448,1.84528,0
3406,17,17,4,112,1,17,0,110,3,3,0,0.16,0.0757831,0.970563,1.48645,0
3407,89,36,18,110,1,36,0,110,0,1,0,0.16,0,1,1.75852,0
3408,79,36,18,110,1,36,0,110,0,1,0,0.16,0,1,1.70551,0
3409,12,12,11,109,1,12,0,110,2,1,0,0.16,0.0781903,0.964772,1.93916,0
3410,37,36,5,108,1,36,0,110,2,0,0,0.16,0.0728235,0.969327,1.54169,0
3411,17,17,8,111,1,17,0,110,1,1,0,0.16,0.0562556,0.973725,1.58185,0
3412,28,28,8,110,1,28,0,110,0,0,0,0.16,0.0551057,0.974368,1.24734,0
3413,38,36,32,109,1,36,0,110,1,1,0,0.16,0.0715426,0.970242,1.87038,0
3414,9,9,6,109,1,9,0,110,1,2,0,0.16,0.0760766,0.970281,4.15547,1
3415,26,25,21,110,1,25,0,110,0,0,1,0.16,0.0610063,0.970387,1.39246,0
3416,19,19,16,110,1,19,0,110,1,2,0,0.16,0.0669979,0.970091,1.59028,0
3417,16,16,8,110,1,16,0,110,0,0,0,0.16,0.0558627,0.973809,1.3021,0
3418,18,18,12,109,1,18,0,110,1,0,0,0.16,0.0599707,0.971691,1.36598,0
3419,42,36,23,110,1,36,0,110,0,1,0,0.16,0,1,2.57483,1
3420,15,15,0,108,1,15,0,110,2,0,0,0.16,0.0659233,0.970634,1.63387,0
3421,25,25,10,109,1,25,0,110,1,1,0,0.16,0.0670062,0.971215,1.33103,0
3422,42,36,21,110,1,36,0,110,3,1,0,0.16,0,1,1.62009,0
3423,13,12,3,110,1,12,0,110,0,2,1,0.16,0.0551403,0.974137,1.41958,0
3424,21,21,9,111,1,21,0,110,1,2,0,0.16,0.06621,0.971258,1.58051,0
3425,29,29,4,110,1,29,0,110,1,0,0,0.16,0.0743627,0.967294,1.71063,0
3426,34,34,20,110,1,34,0,110,0,4,0,0.16,0.060506,0.972103,1.57238,0
3427,18,18,11,109,1,18,0,110,2,2,0,0.166639,0.0755235,0.966364,1.90251,0
3428,32,32,20,109,1,32,0,110,1,0,0,0.16,0.0670717,0.969376,1.32795,0
3429,29,29,12,110,1,29,0,110,0,1,0,0.16,0.0512502,0.976344,1.63822,0
3430,34,34,7,110,1,34,0,110,0,0,0,0.16,0.0534522,0.975032,1.34305,0
3431,10,10,9,109,1,10,0,110,1,5,0,0.16,0.0723661,0.968686,4.68574,1
3432,26,26,2,109,1,26,0,110,1,1,0,0.16,0.055947,0.974427,1.4277,0
3433,20,20,5,110,1,20,0,110,0,0,0,0.16,0.0467648,0.978143,1.78455,0
3434,12,12,7,109,1,12,0,110,1,0,0,0.163636,0.0693213,0.969715,1.41225,0
3435,23,23,18,106,1,23,0,110,4,0,0,0.16,0.0817616,0.970894,1.38277,0
3436,22,22,8,109,1,22,0,110,1,0,0,0.16,0.0579369,0.973929,1.50598,0
3437,49,36,4,109,1,36,0,110,2,1,0,0.16,0,1,1.78991,0
3438,5,5,1,111,1,5,0,110,2,4,0,0.16,0.0735219,0.968093,4.50003,1
3439,15,15,10,110,1,15,0,110,0,0,0,0.16,0.0456431,0.978402,1.73296,0
3440,28,28,27,109,1,28,0,110,3,3,0,0.16,0.0819157,0.966795,1.76243,0
3441,16,16,14,110,1,16,0,110,2,1,0,0.16,0.0702338,0.969288,1.75235,0
3442,17,17,15,109,1,17,0,110,1,1,0,0.16,0.0581725,0.973786,1.51307,0
3443,8,8,0,110,1,8,0,110,0,1,0,0.16,0.0395177,0.980435,2.09963,0
3444,18,18,8,110,1,18,0,110,0,1,0,0.16,0.062365,0.970438,1.32468,0
3445,17,17,2,109,1,17,0,110,1,0,0,0.16,0.0591865,0.972712,1.49931,0
3446,31,31,15,110,1,31,0,110,0,1,0,0.16,0.0511265,0.975682,1.31024,0
3447,26,26,4,110,1,26,0,110,0,2,0,0.16,0.0578516,0.971526,1.30595,0
3448,37,36,21,110,1,36,0,110,0,1,0,0.16,0.0552547,0.97403,1.83142,0
3449,26,26,8,110,1,26,0,110,0,1,0,0.16,0.0547218,0.974138,1.53919,0
3450,11,11,7,110,1,11,0,110,3,1,0,0.16,0.0726379,0.970968,1.92147,0
3451,31,30,0,109,1,30,0,110,1,0,1,0.16,0.0573203,0.972814,1.58005,0
3452,25,25,2,110,1,25,0,110,1,0,0,0.16,0.0621498,0.974189,1.26549,0
3453,22,22,13,108,1,22,0,110,2,0,0,0.16,0.0749276,0.970548,1.11646,0
3454,41,36,14,111,1,36,0,110,1,1,0,0.16,0,1,1.3985,0
3455,9,9,5,109,1,9,0,110,1,3,0,0.16,0.0544806,0.976369,1.50962,0
3456,27,27,9,110,1,27,0,110,0,0,0,0.16,0.0556349,0.973082,1.38148,0
3457,44,36,11,108,1,36,0,110,2,1,0,0.16,0,1,4.33599,1
3458,23,23,5,110,1,23,0,110,0,2,0,0.16,0.0555547,0.973519,1.83178,0
3459,25,25,18,108,1,25,0,110,2,2,0,0.16,0.0706497,0.966523,4.26422,1
3460,28,27,4,109,1,27,0,110,3,2,1,0.16,0.0772563,0.973176,1.38307,0
3461,14,14,0,111,1,14,0,110,1,1,0,0.16,0.0562346,0.976108,1.40186,0
3462,15,15,11,112,1,15,0,110,2,4,0,0.16,0.064881,0.973452,1.48581,0
3463,32,32,5,110,1,32,0,110,0,2,0,0.16,0.0584177,0.972903,1.82532,0
3464,15,15,11,109,1,15,0,110,2,1,0,0.16,0.0749669,0.963903,3.7745,1
3465,14,14,6,111,1,14,0,110,2,4,0,0.16,0.0621176,0.970026,4.20701,1
3466,51,36,15,110,1,36,0,110,0,1,0,0.16,0,1,0.910422,0
3467,79,36,44,110,1,36,0,110,0,1,0,0.16,0,1,1.26219,0
3468,7,7,5,112,1,7,0,110,3,7,0,0.16,0.0738006,0.966616,1.71363,0
3469,19,19,3,110,1,19,0,110,0,0,0,0.16,0.0462437,0.978183,1.80455,0
3470,14,14,4,108,1,14,0,110,2,2,0,0.16,0.0696353,0.969855,1.56346,0
3471,8,8,7,110,1,8,0,110,4,5,0,0.2,0.100751,0.958953,1.6992,0
3472,18,18,14,110,1,18,0,110,0,1,0,0.16,0.0544266,0.97496,1.93147,0
3473,32,32,7,110,1,32,0,110,0,1,0,0.16,0.0599015,0.971774,1.83935,0
3474,9,9,0,110,1,9,0,110,1,0,0,0.16,0.0456434,0.983109,1.85463,0
3475,7,7,2,109,1,7,0,110,3,5,0,0.16,0.086575,0.966359,1.32563,0
3476,51,36,0,110,1,36,0,110,0,1,0,0.16,0,1,1.21939,0
3477,16,16,4,108,1,16,0,110,0,1,0,0.16,0.0669965,0.971605,2.26761,1
3478,25,25,3,110,1,25,0,110,0,0,0,0.16,0.0472894,0.977083,1.39012,0
3479,24,24,5,110,1,24,0,110,0,0,0,0.16,0.0555778,0.974056,1.71333,0
3480,27,27,5,111,1,27,0,110,3,3,0,0.16,0.0777353,0.970666,1.20139,0
3481,22,22,21,110,1,22,0,110,0,2,0,0.16,0.0565665,0.97355,1.42754,0
3482,20,20,6,109,1,20,0,110,1,0,0,0.16,0.0573782,0.974752,1.32765,0
3483,6,6,3,109,1,6,0,110,4,3,0,0.198332,0.0671968,0.967602,4.29524,1
3484,21,21,8,109,1,21,0,110,1,0,0,0.168182,0.0669418,0.969427,2.06691,0
3485,17,17,15,109,1,17,0,110,1,3,0,0.16,0.0707061,0.969758,1.78609,0
3486,32,32,14,110,1,32,0,110,0,0,0,0.16,0.0545468,0.973471,1.62731,0
3487,26,26,21,110,1,26,0,110,0,1,0,0.16,0.0604571,0.971004,1.82177,0
3488,20,20,5,110,1,20,0,110,0,0,0,0.16,0.057998,0.972489,1.78445,0
3489,24,24,5,110,1,24,0,110,0,1,0,0.16,0.0583689,0.972545,1.55203,0
3490,9,9,4,109,1,9,0,110,3,11,0,0.171121,0.102796,0.955072,1.82855,0
3491,18,18,17,110,1,18,0,110,1,2,0,0.16,0.0672215,0.97069,1.87567,0
3492,16,16,15,110,1,16,0,110,1,1,0,0.16,0.0634702,0.971271,1.72023,0
3493,34,34,27,110,1,34,0,110,0,0,0,0.16,0.0545238,0.974098,1.86283,0
3494,21,21,6,110,1,21,0,110,0,0,0,0.16,0.0546466,0.974442,1.0505,0
3495,10,10,6,109,1,10,0,110,2,2,0,0.16,0.0573394,0.97736,1.36019,0
3496,8,8,4,109,1,8,0,110,1,3,0,0.16,0.059633,0.970568,3.77963,1
3497,54,36,25,110,1,36,0,110,2,1,0,0.16,0,1,1.54285,0
3498,10,10,2,111,1,10,0,110,1,5,0,0.16,0.0610854,0.971042,1.4018,0
3499,21,21,12,110,1,21,0,110,0,1,0,0.16,0.047145,0.977675,1.42092,0
3500,19,19,14,110,1,19,0,110,0,0,0,0.16,0.0477844,0.978423,1.50288,0
3501,48,36,28,110,1,36,0,110,0,1,0,0.16,0,1,1.59002,0
3502,12,12,2,108,1,12,0,110,2,1,0,0.166667,0.0771779,0.967898,2.02498,0
3503,29,29,9,110,1,29,0,110,0,1,0,0.16,0.0559538,0.974469,1.36093,0
3504,23,23,14,113,1,23,0,110,3,6,0,0.16,0.0838548,0.969428,1.55522,0
3505,29,29,20,109,1,29,0,110,1,0,0,0.16,0.0620258,0.973448,1.44836,0
3506,16,16,1,110,1,16,0,110,0,1,0,0.16,0.0439692,0.978621,1.3145,0
3507,9,9,6,109,1,9,0,110,3,3,0,0.16,0.0707823,0.97485,1.95552,0
3508,13,13,8,110,1,13,0,110,1,2,0,0.16,0.0570143,0.977164,1.35871,0
3509,74,36,3,110,1,36,0,110,0,1,0,0.16,0,1,1.10173,0
3510,72,36,14,110,1,36,0,110,0,1,0,0.16,0,1,1.76338,0
3511,20,20,9,110,1,20,0,110,0,1,0,0.16,0.0415875,0.979503,1.91406,0
3512,6,6,0,108,1,6,0,110,2,6,0,0.16,0.0906285,0.956571,1.63789,0
3513,13,13,3,110,1,13,0,110,0,0,0,0.170025,0.0582668,0.97334,1.42348,0
3514,67,36,59,110,1,36,0,110,2,1,0,0.16,0,1,1.36648,0
3515,10,10,7,110,1,10,0,110,1,4,0,0.172727,0.0608763,0.972588,1.44816,0
3516,16,16,9,110,1,16,0,110,0,1,0,0.16,0.0540748,0.97353,2.59667,1
3517,35,35,28,110,1,35,0,110,2,1,0,0.16,0.0694058,0.970444,1.14862,0
3518,43,36,15,110,1,36,0,110,0,1,0,0.16,0,1,1.33016,0
3519,19,19,8,111,1,19,0,110,1,1,0,0.16,0.0626799,0.971773,1.72439,0
3520,16,16,2,110,1,16,0,110,0,3,0,0.16,0.0536443,0.974096,1.80648,0
3521,18,18,15,113,1,18,0,110,3,4,0,0.16,0.0830142,0.964857,1.69412,0
3522,6,6,5,111,1,6,0,110,8,10,0,0.261261,0.10961,0.959964,1.91037,0
3523,34,33,13,108,1,33,0,110,5,2,1,0.164683,0.0915315,0.965142,1.59122,0
3524,30,30,18,110,1,30,0,110,2,3,0,0.16,0.0679759,0.972002,1.9323,0
3525,10,10,3,109,1,10,0,110,1,5,0,0.16,0.069359,0.96732,1.40189,0
3526,12,12,6,110,1,12,0,110,4,5,0,0.16,0.0809253,0.968486,1.8345,0
3527,42,36,15,110,1,36,0,110,0,1,0,0.16,0,1,1.5658,0
3528,29,29,18,110,1,29,0,110,0,2,0,0.16,0.0681733,0.967607,1.92187,0
3529,15,15,10,111,1,15,0,110,1,2,0,0.16,0.0609229,0.972617,1.37034,0
3530,22,22,4,107,1,22,0,110,5,1,0,0.16,0.0987584,0.966049,1.71572,0
3531,23,23,2,110,1,23,0,110,0,1,0,0.16,0.0492128,0.976665,1.45878,0
3532,19,19,3,109,1,19,0,110,2,1,0,0.16,0.0698558,0.969576,1.43093,0
3533,41,36,39,108,1,36,0,110,2,1,0,0.16,0,1,1.66149,0
3534,26,26,3,110,1,26,0,110,0,1,0,0.16,0.0476621,0.977443,1.32587,0
3535,46,36,9,110,1,36,0,110,0,1,0,0.16,0,1,1.371,0
3536,44,36,35,110,1,36,0,110,2,1,0,0.16,0,1,1.40762,0
3537,20,20,16,110,1,20,0,110,0,0,0,0.16,0.046488,0.977691,1.7042,0
3538,11,11,1,111,1,11,0,110,2,2,0,0.16,0.0719404,0.970815,1.49892,0
3539,33,33,11,110,1,33,0,110,0,1,0,0.16,0.0507365,0.974961,1.67165,0
3540,13,13,2,109,1,13,0,110,1,2,0,0.16,0.0591633,0.97345,1.71637,0
3541,3,3,2,108,1,3,0,110,5,11,0,1,0.0607363,0.969944,4.61285,1
3542,45,36,11,110,1,36,0,110,0,1,0,0.16,0,1,1.85828,0
3543,22,22,3,112,1,22,0,110,2,2,0,0.16,0.0689468,0.971798,1.40526,0
3544,94,36,13,110,1,36,0,110,0,1,0,0.16,0,1,1.66623,0
3545,18,18,15,108,1,18,0,110,2,0,0,0.16,0.0696131,0.963498,2.09979,0
3546,41,36,3,110,1,36,0,110,0,1,0,0.16,0,1,1.76117,0
3547,16,16,1,110,1,16,0,110,0,0,0,0.16,0.0449447,0.978054,1.83413,0
3548,51,36,19,110,1,36,0,110,0,1,0,0.16,0,1,1.65007,0
3549,30,30,7,112,1,30,0,110,2,2,0,0.16,0.0742929,0.968947,1.6227,0
3550,22,22,10,109,1,22,0,110,1,2,0,0.16,0.0586201,0.973518,1.7309,0
3551,7,7,6,109,1,7,0,110,2,2,0,0.16,0.054834,0.973531,3.56381,1
3552,20,20,9,109,1,20,0,110,1,0,0,0.16,0.0587483,0.973153,1.53028,0
3553,8,8,4,110,1,8,0,110,1,3,0,0.170434,0.0577198,0.973086,1.57459,0
3554,16,16,12,109,1,16,0,110,2,2,0,0.192661,0.0710928,0.96787,1.57817,0
3555,24,24,3,109,1,24,0,110,0,1,0,0.16,0.0823391,0.964496,2.28306,1
3556,21,21,16,108,1,21,0,110,0,0,0,0.16,0.069169,0.966073,2.21201,1
3557,16,16,2,110,1,16,0,110,0,0,0,0.16,0.0633579,0.969572,1.18644,0
3558,20,20,7,108,1,20,0,110,2,1,0,0.16,0.060564,0.972674,1.59335,0
3559,62,36,17,109,1,36,0,110,1,1,0,0.16,0,1,1.46228,0
3560,3,3,2,110,1,3,0,110,3,16,0,1,0.0807723,0.965965,4.32153,1
3561,14,14,11,110,1,14,0,110,0,2,0,0.16,0.0572901,0.97298,1.94274,0
3562,23,22,7,109,1,22,0,110,1,0,1,0.16,0.0593672,0.969366,1.33157,0
3563,19,19,10,110,1,19,0,110,0,1,0,0.16,0.0524313,0.976753,1.47192,0
3564,11,11,5,110,1,11,0,110,2,1,0,0.163636,0.0736427,0.96932,1.9534,0
3565,41,36,13,110,1,36,0,110,0,1,0,0.16,0,1,1.30655,0
3566,28,28,6,110,1,28,0,110,0,0,0,0.16,0.0573464,0.973559,1.34614,0
3567,29,29,10,109,1,29,0,110,1,0,0,0.16,0.0672194,0.972662,1.39929,0
3568,13,13,2,107,1,13,0,110,2,0,0,0.16,0.0585818,0.969738,3.07634,1
3569,39,36,1,110,1,36,0,110,0,1,0,0.16,0.0507203,0.97604,1.53486,0
3570,66,36,39,110,1,36,0,110,0,1,0,0.16,0,1,1.35179,0
3571,26,26,6,110,1,26,0,110,0,0,0,0.16,0.0497165,0.97692,1.55474,0
3572,28,28,6,110,1,28,0,110,0,0,0,0.16,0.049407,0.976308,1.85785,0
3573,33,33,26,110,1,33,0,110,1,1,0,0.16,0.0767154,0.967968,1.09209,0
3574,7,7,3,110,1,7,0,110,2,5,0,0.16,0.0636364,0.971832,1.65581,0
3575,12,12,2,110,1,12,0,110,1,3,0,0.16,0.0551944,0.974895,1.83089,0
3576,59,36,9,109,1,36,0,110,1,1,0,0.16,0,1,1.36725,0
3577,12,12,2,107,1,12,0,110,4,0,0,0.18031,0.0904124,0.965665,2.03895,0
3578,12,12,9,110,1,12,0,110,0,2,0,0.172727,0.0626956,0.969617,1.48474,0
3579,10,10,9,110,1,10,0,110,0,3,0,0.16,0.0675493,0.969415,2.31711,1
3580,7,7,2,110,1,7,0,110,2,6,0,0.16,0.0604794,0.975707,4.66623,1
3581,53,36,33,110,1,36,0,110,0,1,0,0.16,0,1,1.2426,0
3582,60,36,35,110,1,36,0,110,0,1,0,0.16,0,1,1.42849,0
3583,34,34,10,111,1,34,0,110,1,1,0,0.16,0.0684135,0.970241,1.57429,0
3584,24,24,18,109,1,24,0,110,1,1,0,0.16,0.0588075,0.975914,1.75061,0
3585,34,34,3,109,1,34,0,110,1,2,0,0.16,0.0708379,0.969026,1.60592,0
3586,6,6,5,109,1,6,0,110,1,3,0,0.16,0.0529539,0.973684,1.83089,0
3587,18,18,16,108,1,18,0,110,3,1,0,0.16,0.0744526,0.967076,1.32752,0
3588,18,18,11,110,1,18,0,110,0,1,0,0.16,0.056905,0.973704,1.69011,0
3589,12,12,5,111,1,12,0,110,1,2,0,0.16,0.0605842,0.972126,2.03781,0
3590,8,8,5,109,1,8,0,110,4,4,0,0.16,0.0740867,0.965424,1.91169,0
3591,28,28,13,107,1,28,0,110,3,1,0,0.16,0.0769027,0.972656,1.51034,0
3592,39,36,16,110,1,36,0,110,2,2,1,0.16,0.0645115,0.973274,1.2232,0
3593,6,6,2,111,1,6,0,110,3,6,0,0.16,0.0660661,0.972661,1.76871,0
3594,6,6,3,111,1,6,0,110,3,4,0,0.16,0.0596494,0.97714,1.71993,0
3595,28,28,18,109,1,28,0,110,1,1,0,0.16,0.0620885,0.971363,1.6384,0
3596,16,16,15,110,1,16,0,110,0,0,0,0.16,0.054998,0.974944,1.52151,0
3597,52,36,13,109,1,36,0,110,1,1,0,0.16,0,1,1.36658,0
3598,20,20,18,110,1,20,0,110,0,0,0,0.16,0.0520178,0.974301,1.46236,0
3599,39,36,19,109,1,36,0,110,1,0,0,0.16,0.0511288,0.975316,1.73106,0
3600,16,16,4,108,1,16,0,110,2,2,0,0.173547,0.0629702,0.970166,1.70221,0
3601,9,9,6,109,1,9,0,110,3,1,0,0.16,0.0621814,0.973836,1.80143,0
3602,34,34,20,109,1,34,0,110,1,1,0,0.16,0.0618984,0.97064,1.61777,0
3603,12,12,2,109,1,12,0,110,1,1,0,0.16,0.0533429,0.97504,1.70773,0
3604,28,28,21,108,1,28,0,110,2,0,0,0.16,0.0609504,0.975708,1.61955,0
3605,14,14,0,109,1,14,0,110,1,1,0,0.16,0.0624594,0.971435,1.50478,0
3606,31,31,26,109,1,31,0,110,1,1,0,0.16,0.0542021,0.974281,2.0108,0
3607,18,18,13,108,1,18,0,110,2,1,0,0.160689,0.0823722,0.968103,1.30888,0
3608,35,35,4,110,1,35,0,110,0,1,0,0.16,0.0504883,0.975873,1.41942,0
3609,36,36,23,109,1,36,0,110,1,1,0,0.16,0.0662056,0.970114,2.01805,0
3610,11,11,3,110,1,11,0,110,1,2,0,0.16,0.0632287,0.972609,1.64806,0
3611,9,9,3,111,1,9,0,110,2,3,0,0.162162,0.085818,0.964337,1.5166,0
3612,24,24,23,110,1,24,0,110,0,1,0,0.16,0.052689,0.975374,1.88444,0
3613,22,22,3,109,1,22,0,110,1,1,0,0.16,0.0603183,0.972687,1.56221,0
3614,32,32,13,110,1,32,0,110,0,1,0,0.16,0.060362,0.971772,1.90293,0
3615,10,10,0,112,1,10,0,110,2,2,0,0.16,0.0702392,0.97307,1.59882,0
3616,14,14,11,109,1,14,0,110,1,2,0,0.16,0.0657876,0.974366,1.26538,0
3617,34,34,18,111,1,34,0,110,1,1,0,0.16,0.0665662,0.971825,1.56275,0
3618,32,31,30,111,1,31,0,110,3,3,1,0.16,0.0816192,0.968085,1.61233,0
3619,16,16,14,109,1,16,0,110,1,1,0,0.16,0.0568863,0.973004,1.151,0
3620,42,36,17,109,1,36,0,110,2,1,0,0.16,0,1,1.57028,0
3621,69,36,48,110,1,36,0,110,0,1,0,0.16,0,1,1.61641,0
3622,18,18,13,111,1,18,0,110,3,2,0,0.16,0.0647562,0.976431,1.61604,0
3623,63,36,26,111,1,36,0,110,1,1,0,0.16,0,1,1.33045,0
3624,15,15,0,110,1,15,0,110,0,0,0,0.16,0.0505362,0.976595,1.56838,0
3625,9,9,4,110,1,9,0,110,5,2,0,0.16,0.0961336,0.967027,1.88414,0
3626,52,36,19,110,1,36,0,110,0,1,0,0.16,0,1,1.35834,0
3627,17,17,7,109,1,17,0,110,3,4,0,0.16,0.0712125,0.970565,1.30561,0
3628,16,16,8,110,1,16,0,110,2,0,0,0.16,0.063423,0.974945,1.38862,0
3629,75,36,25,110,1,36,0,110,0,1,0,0.16,0,1,1.655,0
3630,3,3,0,110,1,3,0,110,3,19,0,1,0.0965329,0.961452,4.48781,1
3631,101,36,41,110,1,36,0,110,0,1,0,0.16,0,1,1.4951,0
3632,57,36,16,111,1,36,0,110,1,1,0,0.16,0,1,1.54882,0
3633,51,36,25,109,1,36,0,110,1,1,0,0.16,0,1,1.36482,0
3634,27,27,22,110,1,27,0,110,0,0,0,0.16,0.056007,0.972917,1.51496,0
3635,14,14,6,108,1,14,0,110,2,1,0,0.16,0.0700135,0.972485,1.1199,0
3636,17,17,14,110,1,17,0,110,1,2,0,0.16,0.0732872,0.967102,1.83271,0
3637,37,36,6,110,1,36,0,110,0,0,0,0.16,0.0551011,0.973904,1.4022,0
3638,70,36,12,110,1,36,0,110,1,1,0,0.16,0,1,1.75118,0
3639,24,24,11,110,1,24,0,110,0,2,0,0.16,0.0624979,0.970663,1.37434,0
3640,16,15,0,109,1,15,0,110,1,1,1,0.16,0.0650783,0.969989,1.04395,0
3641,26,26,17,112,1,26,0,110,2,3,0,0.16,0.0706482,0.972203,1.53436,0
3642,35,35,9,109,1,35,0,110,1,1,0,0.16,0.069854,0.970302,1.55061,0
3643,7,7,6,111,1,7,0,110,1,7,0,0.16,0.0762343,0.965039,1.378,0
3644,11,11,3,109,1,11,0,110,1,0,0,0.16,0.0558681,0.973603,1.86081,0
3645,13,13,11,108,1,13,0,110,2,1,0,0.16,0.0698397,0.965763,1.60101,0
3646,62,36,41,108,1,36,0,110,2,1,0,0.16,0,1,1.94111,0
3647,23,23,18,109,1,23,0,110,1,2,0,0.16,0.0574565,0.974271,1.69675,0
3648,11,11,7,111,1,11,0,110,2,3,0,0.16,0.0663025,0.972859,1.87166,0
3649,14,14,8,110,1,14,0,110,0,1,0,0.16,0.0467928,0.978151,1.28635,0
3650,9,9,3,110,1,9,0,110,1,2,0,0.16,0.0613817,0.97206,1.23576,0
3651,8,8,3,108,1,8,0,110,4,1,0,0.184418,0.0805294,0.969715,1.71399,0
3652,23,23,14,110,1,23,0,110,2,0,0,0.16,0.0735709,0.970371,1.8547,0
3653,21,21,2,109,1,21,0,110,1,1,0,0.16,0.0560069,0.972472,1.73201,0
3654,27,27,1,112,1,27,0,110,3,3,0,0.16,0.0700126,0.972902,1.87289,0
3655,17,17,15,110,1,17,0,110,2,3,0,0.16,0.0656746,0.968968,1.74673,0
3656,22,22,19,110,1,22,0,110,0,2,0,0.16,0.0568714,0.971904,1.47384,0
3657,14,14,2,110,1,14,0,110,2,3,0,0.16,0.0643652,0.97395,1.55629,0
3658,16,16,6,109,1,16,0,110,0,0,0,0.16,0.0537465,0.975288,2.92316,1
3659,19,19,18,106,1,19,0,110,4,0,0,0.163315,0.0821419,0.963776,1.30115,0
3660,34,34,15,110,1,34,0,110,0,0,0,0.16,0.0471673,0.977559,1.55221,0
3661,25,25,14,110,1,25,0,110,0,1,0,0.16,0.0521133,0.975637,1.79642,0
3662,24,24,3,108,1,24,0,110,3,2,0,0.16,0.0675529,0.969353,1.58089,0
3663,16,16,2,110,1,16,0,110,2,1,0,0.16,0.0582763,0.974378,1.7323,0
3664,21,21,5,109,1,21,0,110,1,2,0,0.16,0.0572395,0.974429,1.64015,0
3665,11,11,4,111,1,11,0,110,2,2,0,0.16,0.0618282,0.97326,1.8296,0
3666,22,22,12,110,1,22,0,110,0,0,0,0.16,0.0667538,0.969026,1.45228,0
3667,98,36,54,110,1,36,0,110,0,1,0,0.16,0,1,1.88148,0
3668,17,17,8,109,1,17,0,110,1,3,0,0.17464,0.0669389,0.968952,2.05779,0
3669,8,8,4,106,1,8,0,110,0,0,0,0.221156,0.0724154,0.969155,2.20155,1
3670,23,23,19,111,1,23,0,110,2,3,0,0.189189,0.0824958,0.966154,1.53512,0
3671,27,27,16,110,1,27,0,110,2,1,0,0.16,0.0648321,0.974088,1.31514,0
3672,18,18,3,110,1,18,0,110,0,2,0,0.16,0.0537396,0.973705,1.82369,0
3673,21,21,17,111,1,21,0,110,1,2,0,0.16,0.0578315,0.974034,1.64631,0
3674,13,13,2,110,1,13,0,110,0,0,0,0.16,0.0552424,0.972993,1.51805,0
3675,11,11,5,111,1,11,0,110,1,2,0,0.16,0.0512347,0.976112,1.50947,0
3676,17,17,10,109,1,17,0,110,2,0,0,0.16,0.0701112,0.970831,1.65928,0
3677,9,9,8,108,1,9,0,110,4,0,0,0.16,0.0833491,0.969499,1.62828,0
3678,45,36,43,109,1,36,0,110,1,1,0,0.16,0,1,1.2748,0
3679,24,24,20,107,1,24,0,110,3,2,0,0.16,0.0839697,0.963838,1.75021,0
3680,10,10,8,109,1,10,0,110,1,4,0,0.16,0.0546053,0.974623,1.37721,0
3681,50,36,32,112,1,36,0,110,2,1,0,0.16,0,1,1.34273,0
3682,12,12,9,112,1,12,0,110,2,6,0,0.16,0.0796131,0.965336,1.94494,0
3683,91,36,3,109,1,36,0,110,1,1,0,0.16,0,1,1.63281,0
3684,34,34,28,108,1,34,0,110,0,4,0,0.16,0.0808065,0.966169,2.9977,1
3685,52,36,14,109,1,36,0,110,1,1,0,0.16,0,1,1.78901,0
3686,25,25,13,110,1,25,0,110,0,0,0,0.16,0.043603,0.979256,1.18203,0
3687,13,13,10,111,1,13,0,110,1,3,0,0.16,0.0591747,0.974269,1.57655,0
3688,33,33,8,110,1,33,0,110,0,0,0,0.16,0.0601994,0.971668,1.76893,0
3689,46,36,27,110,1,36,0,110,0,1,0,0.16,0,1,1.63724,0
3690,21,21,4,110,1,21,0,110,0,1,0,0.16,0.0559176,0.975089,1.36583,0
3691,38,36,13,110,1,36,0,110,0,0,0,0.16,0.0497089,0.976794,1.12749,0
3692,11,11,4,110,1,11,0,110,0,0,0,0.16,0.0427215,0.982063,1.93277,0
3693,47,36,22,110,1,36,0,110,0,1,0,0.16,0,1,1.73408,0
3694,47,36,39,110,1,36,0,110,0,1,0,0.16,0,1,1.27683,0
3695,44,36,0,110,1,36,0,110,0,1,0,0.16,0,1,1.32494,0
3696,15,15,2,111,1,15,0,110,1,2,0,0.16,0.056271,0.975011,1.90167,0
3697,50,36,6,110,1,36,0,110,0,1,0,0.16,0,1,1.37884,0
3698,24,24,0,107,1,24,0,110,3,1,0,0.16,0.0727545,0.971784,1.22816,0
3699,57,36,20,110,1,36,0,110,0,1,0,0.16,0,1,1.47659,0
3700,23,23,8,110,1,23,0,110,0,0,0,0.16,0.05425,0.974107,1.35147,0
3701,6,5,5,110,1,5,0,110,2,7,1,0.16,0.0963636,0.96149,4.64152,1
3702,31,31,11,111,1,31,0,110,1,3,0,0.16,0.0602879,0.976042,1.39,0
3703,33,33,3,110,1,33,0,110,0,0,0,0.16,0.0514118,0.975236,1.29258,0
3704,25,25,0,110,1,25,0,110,0,3,0,0.16,0.0702949,0.966948,1.2985,0
3705,20,20,1,110,1,20,0,110,0,3,0,0.16,0.0620988,0.970002,1.46551,0
3706,12,12,9,108,1,12,0,110,2,1,0,0.16,0.0671491,0.970207,1.68169,0
3707,41,36,7,108,1,36,0,110,2,1,0,0.16,0,1,1.63132,0
3708,17,17,8,111,1,17,0,110,1,1,0,0.16,0.0532234,0.975836,2.04939,0
3709,34,34,30,110,1,34,0,110,0,0,0,0.16,0.0538896,0.974895,1.46536,0
3710,7,7,6,110,1,7,0,110,0,4,0,0.16,0.0504977,0.975057,1.18278,0
3711,47,36,35,108,1,36,0,110,2,1,0,0.16,0,1,1.61796,0
3712,18,18,7,112,1,18,0,110,3,4,0,0.16,0.0771841,0.971208,1.76128,0
3713,15,15,12,107,1,15,0,110,4,0,0,0.16,0.0759432,0.969432,1.6742,0
3714,24,24,8,107,1,24,0,110,3,1,0,0.16,0.0684438,0.969845,1.43641,0
3715,29,29,3,108,1,29,0,110,2,1,0,0.16,0.0769619,0.969392,1.4364,0
3716,29,29,4,112,1,29,0,110,2,4,0,0.16,0.0727416,0.971092,1.89369,0
3717,20,20,6,110,1,20,0,110,0,0,0,0.16,0.0532962,0.976104,1.98387,0
3718,12,12,6,110,1,12,0,110,2,0,0,0.16,0.0570327,0.977908,1.44393,0
3719,20,20,17,108,1,20,0,110,0,0,0,0.16,0.0575149,0.974978,3.08052,1
3720,37,36,28,110,1,36,0,110,0,1,0,0.16,0.0567842,0.974028,1.63911,0
3721,16,16,10,108,1,16,0,110,2,1,0,0.16,0.0529878,0.973333,1.61611,0
3722,69,36,66,110,1,36,0,110,0,1,0,0.16,0,1,1.3733,0
3723,17,17,5,110,1,17,0,110,2,2,0,0.16,0.0637582,0.969496,4.27775,1
3724,2,2,1,112,1,2,0,110,5,6,0,1,0.0486726,0.974244,5.06611,1
3725,25,25,2,107,1,25,0,110,3,0,0,0.16,0.071674,0.972167,1.48293,0
3726,16,16,10,110,1,16,0,110,0,0,0,0.16,0.0422157,0.982294,1.8192,0
3727,34,34,0,110,1,34,0,110,0,2,0,0.16,0.0556719,0.974497,1.67834,0
3728,55,36,14,110,1,36,0,110,0,1,0,0.16,0,1,1.11335,0
3729,67,36,19,110,1,36,0,110,0,1,0,0.16,0,1,1.39631,0
3730,21,21,20,110,1,21,0,110,0,0,0,0.16,0.0525288,0.974015,1.34993,0
3731,12,12,7,108,1,12,0,110,2,0,0,0.16,0.0501963,0.975967,1.82405,0
3732,45,36,6,110,1,36,0,110,0,1,0,0.16,0,1,1.65967,0
3733,33,33,10,110,1,33,0,110,0,0,0,0.16,0.0594822,0.971531,1.72343,0
3734,15,15,12,110,1,15,0,110,3,1,0,0.16,0.07969,0.967848,1.75653,0
3735,42,36,37,109,1,36,0,110,1,1,0,0.167981,0,1,1.95161,0
3736,17,17,15,111,1,17,0,110,3,5,0,0.16,0.0796936,0.967663,2.00875,0
3737,61,36,15,110,1,36,0,110,0,1,0,0.16,0,1,1.7454,0
3738,11,11,9,110,1,11,0,110,3,2,0,0.160688,0.0692354,0.973844,1.278,0
3739,16,16,5,108,1,16,0,110,3,1,0,0.16,0.0755837,0.968727,1.88423,0
3740,6,6,3,108,1,6,0,110,4,3,0,0.16,0.0745143,0.967309,1.63213,0
3741,18,18,0,110,1,18,0,110,2,2,0,0.16,0.0575358,0.976719,1.6132,0
3742,13,12,12,109,1,12,0,110,1,1,1,0.16,0.0640935,0.970097,1.80437,0
3743,19,19,9,110,1,19,0,110,0,0,0,0.16,0.0465666,0.977709,1.28763,0
3744,22,22,20,109,1,22,0,110,1,0,0,0.16,0.0578179,0.971856,1.26346,0
3745,25,25,4,108,1,25,0,110,2,0,0,0.16,0.0723808,0.972425,0.983223,0
3746,39,36,12,110,1,36,0,110,0,0,0,0.16,0.0487264,0.976291,1.70091,0
3747,18,18,13,108,1,18,0,110,2,1,0,0.16,0.0720844,0.969383,1.54167,0
3748,17,17,9,109,1,17,0,110,3,2,0,0.16,0.0692797,0.974053,1.32397,0
3749,19,19,4,109,1,19,0,110,2,0,0,0.16,0.0614811,0.971979,1.48378,0
3750,18,18,17,110,1,18,0,110,1,1,0,0.16,0.0652557,0.970691,1.59097,0
3751,5,5,4,108,1,5,0,110,2,6,0,0.164665,0.102152,0.958945,4.50351,1
3752,20,20,6,109,1,20,0,110,1,2,0,0.16,0.0675401,0.969726,1.54684,0
3753,33,33,28,108,1,33,0,110,3,0,0,0.175926,0.0939328,0.962071,1.75476,0
3754,26,26,25,111,1,26,0,110,3,3,0,0.171171,0.0889999,0.966953,1.42025,0
3755,17,17,4,108,1,17,0,110,3,2,0,0.16,0.078963,0.968124,1.55772,0
3756,27,27,20,110,1,27,0,110,0,1,0,0.16,0.054248,0.973251,1.95661,0
3757,30,30,10,107,1,30,0,110,2,0,0,0.16,0.0673019,0.966882,3.97932,1
3758,23,23,4,108,1,23,0,110,2,0,0,0.16,0.0658258,0.97143,1.43113,0
3759,43,36,17,110,1,36,0,110,0,1,0,0.16,0,1,1.11675,0
3760,17,17,2,109,1,17,0,110,1,1,0,0.16,0.0657685,0.970023,1.68281,0
3761,26,26,2,110,1,26,0,110,0,1,0,0.16,0.0448647,0.978837,2.07069,0
3762,11,11,7,108,1,11,0,110,2,0,0,0.16,0.0630782,0.972106,1.67965,0
3763,13,13,8,110,1,13,0,110,2,1,0,0.168182,0.0624263,0.972297,1.85802,0
3764,13,13,3,109,1,13,0,110,1,1,0,0.16,0.0645273,0.970642,2.02031,0
3765,10,10,6,110,1,10,0,110,0,1,0,0.16,0.0469322,0.976203,1.46095,0
3766,86,36,1,110,1,36,0,110,0,1,0,0.16,0,1,1.52157,0
3767,26,26,2,110,1,26,0,110,0,1,0,0.16,0.0528388,0.975182,1.27216,0
3768,48,36,46,110,1,36,0,110,0,1,0,0.16,0,1,1.38812,0
3769,42,36,30,110,1,36,0,110,0,1,0,0.16,0,1,1.79893,0
3770,8,8,2,109,1,8,0,110,1,0,0,0.16,0.0534456,0.976835,1.69551,0
3771,24,24,6,110,1,24,0,110,0,2,0,0.16,0.0560276,0.973491,1.2234,0
3772,15,14,1,109,1,14,0,110,3,3,1,0.16,0.0715686,0.96752,1.94269,0
3773,33,33,13,110,1,33,0,110,2,4,0,0.16,0.0779506,0.966321,1.32751,0
3774,117,36,1,110,1,36,0,110,0,1,0,0.16,0,1,1.21407,0
3775,29,29,5,110,1,29,0,110,0,0,0,0.16,0.0573291,0.973378,1.56376,0
3776,57,36,7,110,1,36,0,110,2,1,0,0.16,0,1,1.87979,0
3777,20,20,15,108,1,20,0,110,3,0,0,0.16,0.0721515,0.969679,1.77983,0
3778,16,16,2,110,1,16,0,110,0,1,0,0.16,0.0486096,0.975794,1.75513,0
3779,34,34,13,108,1,34,0,110,4,2,0,0.16,0.0535024,0.971726,4.34708,1
3780,22,22,14,109,1,22,0,110,3,3,0,0.183885,0.0792109,0.967497,1.73382,0
3781,16,16,12,110,1,16,0,110,2,4,0,0.16,0.0721288,0.970984,1.42597,0
3782,17,17,12,110,1,17,0,110,0,0,0,0.16,0.0634288,0.969762,1.59531,0
3783,20,20,15,109,1,20,0,110,1,0,0,0.16,0.0539845,0.974522,1.41111,0
3784,12,12,9,108,1,12,0,110,2,0,0,0.16,0.0608966,0.971739,1.68031,0
3785,73,36,15,110,1,36,0,110,0,1,0,0.16,0,1,1.79393,0
3786,10,10,4,109,1,10,0,110,1,1,0,0.16,0.0576655,0.973253,1.90025,0
3787,20,20,8,110,1,20,0,110,2,1,0,0.16,0.0607487,0.975427,1.25689,0
3788,10,10,8,113,1,10,0,110,4,9,0,0.16,0.080531,0.967581,1.577,0
3789,25,25,23,111,1,25,0,110,1,4,0,0.16,0.075617,0.968502,1.70186,0
3790,30,30,15,109,1,30,0,110,1,0,0,0.16,0.0580748,0.975251,1.37041,0
3791,26,26,18,108,1,26,0,110,4,1,0,0.16,0.0553997,0.969941,3.94666,1
3792,7,7,3,110,1,7,0,110,0,4,0,0.16,0.0477322,0.976352,1.60491,0
3793,29,29,16,110,1,29,0,110,2,2,0,0.16,0.0769851,0.967917,1.46892,0
3794,9,9,1,110,1,9,0,110,1,0,0,0.16,0.0657838,0.972557,1.60865,0
3795,62,36,53,109,1,36,0,110,1,1,0,0.16,0,1,1.38279,0
3796,84,36,12,110,1,36,0,110,0,1,0,0.16,0,1,1.87004,0
3797,7,7,5,110,1,7,0,110,1,9,0,0.16,0.0673256,0.969249,1.62748,0
3798,21,21,6,110,1,21,0,110,4,4,0,0.163636,0.083639,0.966257,1.71342,0
3799,21,21,15,107,1,21,0,110,2,0,0,0.16,0.0744666,0.96709,4.46902,1
3800,22,22,0,109,1,22,0,110,1,3,0,0.16,0.0748393,0.966461,1.55657,0
3801,13,13,2,111,1,13,0,110,3,4,0,0.16,0.079627,0.968062,1.72545,0
3802,46,36,5,109,1,36,0,110,2,1,0,0.16,0,1,1.76298,0
3803,20,20,19,111,1,20,0,110,2,3,0,0.16,0.0651839,0.973632,1.3181,0
3804,39,36,11,110,1,36,0,110,4,2,0,0.16,0.0928495,0.967744,1.35336,0
3805,21,21,10,109,1,21,0,110,1,0,0,0.16,0.0631164,0.97334,1.68478,0
3806,23,23,17,109,1,23,0,110,1,1,0,0.16,0.0588947,0.970894,1.92004,0
3807,26,26,5,111,1,26,0,110,1,1,0,0.16,0.0682418,0.969541,1.60209,0
3808,30,30,18,110,1,30,0,110,0,0,0,0.16,0.0466593,0.97713,1.65363,0
3809,42,36,1,109,1,36,0,110,1,1,0,0.16,0,1,1.84132,0
3810,49,36,43,110,1,36,0,110,0,1,0,0.16,0,1,1.51156,0
3811,26,26,3,107,1,26,0,110,3,0,0,0.16,0.0808119,0.970374,1.43568,0
3812,74,36,0,110,1,36,0,110,0,1,0,0.16,0,1,1.33255,0
3813,19,19,12,109,1,19,0,110,1,2,0,0.16,0.0635963,0.972458,1.7818,0
3814,63,36,49,110,1,36,0,110,0,1,0,0.16,0,1,1.85543,0
3815,19,19,14,110,1,19,0,110,0,0,0,0.16,0.0491668,0.976044,1.17504,0
3816,12,12,8,109,1,12,0,110,2,0,0,0.16,0.0708445,0.974282,1.55194,0
3817,61,36,12,110,1,36,0,110,1,1,0,0.16,0,1,1.59267,0
3818,10,10,1,111,1,10,0,110,1,2,0,0.16,0.048345,0.979103,1.65947,0
3819,16,16,5,110,1,16,0,110,0,0,0,0.16,0.0586091,0.971833,1.73119,0
3820,31,31,13,111,1,31,0,110,1,2,0,0.16,0.0667676,0.971268,1.62102,0
3821,67,36,7,110,1,36,0,110,0,1,0,0.16,0,1,1.63609,0
3822,19,19,13,111,1,19,0,110,1,2,0,0.16,0.0567853,0.975312,1.47175,0
3823,19,19,9,110,1,19,0,110,0,1,0,0.16,0.0556537,0.974375,1.30491,0
3824,10,10,4,110,1,10,0,110,0,3,0,0.16,0.0461671,0.977566,1.58148,0
3825,11,11,10,110,1,11,0,110,0,2,0,0.16,0.0543472,0.973845,1.34989,0
3826,8,8,6,110,1,8,0,110,1,5,0,0.16,0.0703726,0.968568,1.89167,0
3827,24,24,19,110,1,24,0,110,0,1,0,0.16,0.0519966,0.975187,1.7906,0
3828,12,12,3,109,1,12,0,110,3,3,0,0.174312,0.0818392,0.967436,1.44746,0
3829,32,32,7,109,1,32,0,110,1,0,0,0.16,0.0608943,0.973086,1.37723,0
3830,84,36,56,110,1,36,0,110,0,1,0,0.16,0,1,1.18031,0
3831,12,12,7,110,1,12,0,110,3,4,0,0.16,0.0670987,0.973761,1.51393,0
3832,68,36,39,109,1,36,0,110,1,1,0,0.16,0,1,1.18241,0
3833,19,19,15,110,1,19,0,110,1,2,0,0.16,0.0656324,0.973182,1.71592,0
3834,15,15,2,108,1,15,0,110,2,0,0,0.16,0.0627825,0.976777,1.79556,0
3835,16,16,14,110,1,16,0,110,1,0,0,0.16,0.0631975,0.974096,1.275,0
3836,17,17,9,108,1,17,0,110,2,1,0,0.16,0.0657693,0.973276,1.40446,0
3837,22,22,13,110,1,22,0,110,1,1,0,0.16,0.0594807,0.97211,1.3245,0
3838,15,15,9,110,1,15,0,110,0,0,0,0.16,0.0505422,0.975385,1.40067,0
3839,68,36,15,110,1,36,0,110,0,1,0,0.16,0,1,1.06838,0
3840,15,15,12,111,1,15,0,110,1,3,0,0.16,0.0568899,0.977103,1.22678,0
3841,85,36,13,110,1,36,0,110,0,1,0,0.16,0,1,1.83597,0
3842,14,14,9,110,1,14,0,110,5,2,0,0.16,0.0979274,0.968782,1.66585,0
3843,26,26,5,109,1,26,0,110,1,2,0,0.16,0.0597398,0.974077,1.73551,0
3844,19,19,15,108,1,19,0,110,2,0,0,0.16,0.0705982,0.970268,1.48054,0
3845,21,21,11,110,1,21,0,110,0,1,0,0.16,0.0587272,0.97229,1.41397,0
3846,7,7,5,111,1,7,0,110,1,2,0,0.16,0.0383367,0.984882,1.96793,0
3847,27,27,17,110,1,27,0,110,0,0,0,0.16,0.0556563,0.974087,1.62748,0
3848,13,13,10,112,1,13,0,110,2,4,0,0.16,0.0715266,0.971076,1.35624,0
3849,10,10,7,109,1,10,0,110,0,1,0,0.16,0.0565786,0.975988,2.43282,1
3850,17,17,2,109,1,17,0,110,2,1,0,0.16,0.0727009,0.970294,1.81757,0
3851,32,32,30,110,1,32,0,110,0,3,0,0.16917,0.0638516,0.970077,2.28152,1
3852,20,20,16,107,1,20,0,110,2,0,0,0.16,0.0604778,0.973351,3.97974,1
3853,26,26,9,111,1,26,0,110,1,1,0,0.16,0.056942,0.974541,1.38829,0
3854,57,36,40,110,1,36,0,110,0,1,0,0.16,0,1,1.514,0
3855,27,27,9,110,1,27,0,110,0,1,0,0.16,0.0375585,0.982301,1.4796,0
3856,14,14,10,109,1,14,0,110,4,7,0,0.16,0.0807071,0.965566,1.9279,0
3857,20,20,1,112,1,20,0,110,3,2,0,0.16,0.077428,0.974531,1.40951,0
3858,1,1,0,109,1,1,0,110,0,0,0,1,0,0,4.35368,1
3859,18,18,3,110,1,18,0,110,4,4,0,0.16,0.0818586,0.96692,1.97,0
3860,25,25,21,110,1,25,0,110,0,3,0,0.16,0.0517822,0.975274,1.36614,0
3861,14,14,13,110,1,14,0,110,0,2,0,0.16,0.0505798,0.975245,1.56448,0
3862,34,34,23,109,1,34,0,110,0,1,0,0.16,0.0541504,0.973594,2.32188,1
3863,25,25,6,111,1,25,0,110,1,2,0,0.16,0.0643038,0.971193,1.77141,0
3864,5,5,2,109,1,5,0,110,3,2,0,0.16,0.0650158,0.970253,1.56003,0
3865,26,26,18,109,1,26,0,110,1,0,0,0.16,0.052362,0.976536,1.99977,0
3866,14,14,13,111,1,14,0,110,1,5,0,0.16,0.0655394,0.972264,1.78061,0
3867,24,24,14,110,1,24,0,110,0,0,0,0.16,0.0596609,0.971039,1.6817,0
3868,14,14,1,109,1,14,0,110,1,1,0,0.16,0.0565364,0.975996,1.52267,0
3869,21,21,20,109,1,21,0,110,1,3,0,0.16,0.0541195,0.976386,1.58486,0
3870,16,16,4,110,1,16,0,110,0,0,0,0.163636,0.0542221,0.973813,1.54693,0
3871,6,6,1,111,1,6,0,110,1,6,0,0.16,0.0509572,0.977146,4.95981,1
3872,14,14,1,111,1,14,0,110,3,4,0,0.171171,0.084072,0.969061,1.44292,0
3873,3,3,0,109,1,3,0,110,2,14,0,1,0.0668335,0.964134,4.7715,1
3874,44,36,8,108,1,36,0,110,2,1,0,0.16,0,1,1.97918,0
3875,28,28,11,110,1,28,0,110,2,2,0,0.16,0.0620808,0.975499,1.53961,0
3876,33,33,6,110,1,33,0,110,0,0,0,0.16,0.0357615,0.983736,1.25846,0
3877,12,12,6,109,1,12,0,110,3,2,0,0.16,0.0713894,0.969335,1.63577,0
3878,25,25,23,108,1,25,0,110,2,0,0,0.16,0.0704703,0.972057,1.49543,0
3879,14,14,3,111,1,14,0,110,2,6,0,0.162162,0.0836924,0.965538,1.1941,0
3880,16,16,8,111,1,16,0,110,1,1,0,0.16,0.047039,0.979931,1.38215,0
3881,13,13,0,110,1,13,0,110,0,0,0,0.16,0.0511949,0.977517,2.28129,1
3882,16,16,4,108,1,16,0,110,2,0,0,0.16,0.0521177,0.97679,1.3501,0
3883,20,20,3,109,1,20,0,110,1,0,0,0.16,0.059415,0.972237,1.33106,0
3884,12,12,8,110,1,12,0,110,0,0,0,0.16,0.0479343,0.976021,1.34241,0
3885,26,26,17,110,1,26,0,110,0,0,0,0.16,0.0501253,0.97605,1.81124,0
3886,14,14,10,108,1,14,0,110,3,0,0,0.16,0.0714172,0.974132,1.40341,0
3887,35,35,0,110,1,35,0,110,0,1,0,0.16,0.0531773,0.974968,1.45149,0
3888,5,5,0,108,1,5,0,110,1,3,0,0.16,0.0787008,0.970903,4.75095,1
3889,27,26,5,109,1,26,0,110,3,3,1,0.16,0.0778103,0.968983,1.88728,0
3890,13,13,4,110,1,13,0,110,0,0,0,0.16,0.0625118,0.970206,1.46422,0
3891,86,36,35,110,1,36,0,110,0,1,0,0.16,0,1,1.28755,0
3892,9,9,5,110,1,9,0,110,0,0,0,0.16,0.0388012,0.982608,1.81493,0
3893,22,22,5,106,1,22,0,110,4,0,0,0.181171,0.0845223,0.966369,1.62585,0
3894,9,9,8,110,1,9,0,110,2,3,0,0.16,0.0674062,0.970544,2.09703,0
3895,13,13,8,111,1,13,0,110,4,3,0,0.16,0.0866251,0.969788,1.50835,0
3896,50,36,19,110,1,36,0,110,0,1,0,0.16,0,1,1.58866,0
3897,64,36,18,109,1,36,0,110,1,1,0,0.16,0,1,1.29085,0
3898,21,21,20,109,1,21,0,110,1,0,0,0.16,0.0577288,0.975081,1.33823,0
3899,96,36,6,110,1,36,0,110,0,1,0,0.16,0,1,1.257,0
3900,55,36,27,110,1,36,0,110,0,1,0,0.16,0,1,1.62371,0
3901,35,35,32,110,1,35,0,110,0,1,0,0.16,0.0560277,0.973158,1.689,0
3902,53,36,7,110,1,36,0,110,0,1,0,0.16,0,1,1.85101,0
3903,11,11,9,109,1,11,0,110,1,1,0,0.16,0.063517,0.973605,2.04154,0
3904,37,36,10,110,1,36,0,110,0,0,0,0.16,0.0477316,0.977421,1.34977,0
3905,22,22,18,109,1,22,0,110,0,1,0,0.16,0.0797962,0.963141,2.15625,1
3906,13,13,4,111,1,13,0,110,1,3,0,0.165032,0.0724358,0.966338,1.56475,0
3907,18,18,1,110,1,18,0,110,0,2,0,0.16,0.0657983,0.967676,1.61423,0
3908,57,36,50,109,1,36,0,110,1,1,0,0.16,0,1,2.04919,0
3909,21,21,15,110,1,21,0,110,2,2,0,0.16,0.0557432,0.972939,1.39527,0
3910,13,13,10,111,1,13,0,110,1,2,0,0.16,0.0666552,0.970477,1.4145,0
3911,6,6,2,108,1,6,0,110,6,1,0,0.16,0.0822191,0.96961,1.8837,0
3912,13,13,10,109,1,13,0,110,1,0,0,0.16,0.0492362,0.976258,1.97339,0
3913,55,36,37,110,1,36,0,110,1,1,0,0.16,0,1,1.64638,0
3914,21,21,13,111,1,21,0,110,1,3,0,0.165909,0.0701206,0.968481,1.52554,0
3915,17,17,7,110,1,17,0,110,0,1,0,0.16,0.0529607,0.974555,1.17095,0
3916,47,36,10,109,1,36,0,110,2,1,0,0.16,0,1,1.56091,0
3917,33,33,7,111,1,33,0,110,1,2,0,0.16,0.0681296,0.971107,1.53749,0
3918,13,12,2,107,1,12,0,110,3,1,1,0.16,0.0704872,0.969939,1.25673,0
3919,30,30,11,110,1,30,0,110,0,0,0,0.16,0.0466699,0.977886,1.52394,0
3920,42,36,4,110,1,36,0,110,0,1,0,0.16,0,1,1.77423,0
3921,25,25,6,110,1,25,0,110,1,1,0,0.16,0.0612017,0.971658,1.46899,0
3922,13,13,12,110,1,13,0,110,0,0,0,0.16,0.0502872,0.975783,1.71112,0
3923,10,10,0,108,1,10,0,110,3,4,0,0.16,0.0630071,0.969319,1.6905,0
3924,66,36,24,110,1,36,0,110,0,1,0,0.16,0,1,1.46257,0
3925,53,36,4,107,1,36,0,110,2,1,0,0.16,0,1,3.6878,1
3926,13,13,7,111,1,13,0,110,1,2,0,0.16,0.0600815,0.975306,1.77125,0
3927,19,19,14,109,1,19,0,110,1,1,0,0.16,0.0614688,0.967894,2.03152,0
3928,75,36,9,109,1,36,0,110,1,1,0,0.16,0,1,1.69499,0
3929,21,21,13,110,1,21,0,110,0,1,0,0.16,0.053404,0.975736,1.78664,0
3930,15,15,9,111,1,15,0,110,2,2,0,0.16,0.0847101,0.967534,1.63561,0
3931,28,28,3,110,1,28,0,110,0,0,0,0.16,0.0502403,0.976143,1.72997,0
3932,10,10,7,110,1,10,0,110,3,4,0,0.166396,0.0793045,0.969422,1.61853,0
3933,56,36,30,109,1,36,0,110,1,1,0,0.16,0,1,1.63025,0
3934,32,32,24,107,1,32,0,110,3,1,0,0.16,0.0757408,0.972878,1.45689,0
3935,31,31,6,110,1,31,0,110,0,0,0,0.16,0.0510129,0.975531,1.64244,0
3936,66,36,8,110,1,36,0,110,0,1,0,0.164763,0,1,1.28074,0
3937,18,18,4,110,1,18,0,110,0,0,0,0.16,0.0535074,0.973958,1.90041,0
3938,25,25,9,110,1,25,0,110,0,1,0,0.16,0.0553895,0.973827,1.61063,0
3939,14,14,7,109,1,14,0,110,1,5,0,0.16,0.0724141,0.965892,1.72028,0
3940,55,36,46,110,1,36,0,110,0,1,0,0.16,0,1,1.52774,0
3941,10,10,3,109,1,10,0,110,5,3,0,0.16,0.0838459,0.964576,1.82628,0
3942,46,36,30,109,1,36,0,110,1,1,0,0.16,0,1,1.04385,0
3943,14,14,10,110,1,14,0,110,0,3,0,0.16,0.0409032,0.979772,1.43689,0
3944,10,10,8,110,1,10,0,110,0,1,0,0.16,0.0481002,0.975753,1.518,0
3945,82,36,58,109,1,36,0,110,1,1,1,0.16,0,1,1.81202,0
3946,28,28,3,110,1,28,0,110,1,2,0,0.16,0.0603998,0.973883,1.39583,0
3947,17,17,4,110,1,17,0,110,0,3,0,0.16,0.0500784,0.97642,1.54265,0
3948,30,30,23,110,1,30,0,110,0,2,0,0.16,0.0573501,0.97321,1.65496,0
3949,12,12,11,110,1,12,0,110,2,3,0,0.16,0.0742882,0.968105,1.76548,0
3950,31,31,23,110,1,31,0,110,0,0,0,0.16,0.0511737,0.976991,1.8739,0
3951,30,30,17,110,1,30,0,110,1,0,0,0.16,0.059968,0.974268,1.41092,0
3952,22,22,13,110,1,22,0,110,0,0,0,0.16,0.0437853,0.978688,1.39894,0
3953,20,20,13,109,1,20,0,110,1,1,0,0.16,0.0611511,0.97383,1.44247,0
3954,30,30,22,110,1,30,0,110,0,0,0,0.16,0.0506128,0.976226,1.56636,0
3955,8,8,0,111,1,8,0,110,2,5,0,0.16,0.0877373,0.959886,4.75584,1
3956,81,36,11,109,1,36,0,110,1,1,0,0.16,0,1,1.21741,0
3957,17,17,10,110,1,17,0,110,0,1,0,0.16,0.045536,0.978547,1.49908,0
3958,36,36,25,109,1,36,0,110,1,2,0,0.16,0.0668402,0.970116,1.88621,0
3959,13,13,1,107,1,13,0,110,3,1,0,0.16,0.076254,0.96187,2.01076,0
3960,7,6,3,112,1,6,0,110,6,9,1,0.169929,0.113095,0.958095,1.7063,0
3961,16,16,6,110,1,16,0,110,0,1,0,0.17887,0.0628858,0.969573,1.9869,0
3962,21,21,3,110,1,21,0,110,0,0,0,0.16,0.0490463,0.976599,1.66139,0
3963,18,18,7,110,1,18,0,110,0,1,0,0.16,0.0623309,0.969685,1.61543,0
3964,6,6,0,111,1,6,0,110,2,8,0,0.16,0.0719782,0.967435,4.59251,1
3965,8,8,7,111,1,8,0,110,1,2,0,0.16,0.0471766,0.979485,1.36644,0
3966,58,36,25,109,1,36,0,110,1,1,0,0.16,0,1,1.82297,0
3967,41,36,9,110,1,36,0,110,0,1,0,0.16,0,1,1.71584,0
3968,16,16,4,110,1,16,0,110,0,0,0,0.162201,0.0569392,0.973248,1.79778,0
3969,19,19,10,109,1,19,0,110,1,0,0,0.16,0.0499025,0.977989,1.73361,0
3970,13,13,10,110,1,13,0,110,1,1,0,0.16,0.0461077,0.980644,1.98091,0
3971,38,36,3,111,1,36,0,110,1,3,0,0.16,0.0659667,0.972018,1.45664,0
3972,27,27,7,112,1,27,0,110,2,3,0,0.16,0.0762353,0.969611,1.83328,0
3973,8,8,6,108,1,8,0,110,2,3,0,0.16,0.0688757,0.969719,1.76799,0
3974,24,24,9,110,1,24,0,110,0,0,0,0.16,0.0533686,0.974998,1.81876,0
3975,57,36,37,110,1,36,0,110,2,1,0,0.16,0,1,1.31272,0
3976,16,16,11,107,1,16,0,110,3,0,0,0.16,0.0658521,0.971635,2.10352,0
3977,51,36,14,109,1,36,0,110,1,1,0,0.16,0,1,1.53473,0
3978,12,12,0,108,1,12,0,110,2,2,0,0.16,0.0712236,0.970207,1.37926,0
3979,66,36,6,110,1,36,0,110,0,1,0,0.16,0,1,1.6176,0
3980,18,18,7,109,1,18,0,110,1,0,0,0.16,0.0705852,0.966616,1.72545,0
3981,37,36,15,110,1,36,0,110,0,0,0,0.16,0.0544756,0.974531,1.26905,0
3982,12,12,7,113,1,12,0,110,4,3,0,0.16,0.0817173,0.970045,1.68739,0
3983,28,28,18,111,1,28,0,110,1,2,0,0.16,0.0655684,0.970435,1.8506,0
3984,43,36,9,107,1,36,0,110,2,1,0,0.16,0,1,3.79065,1
3985,25,24,6,109,1,24,0,110,2,3,1,0.16,0.095237,0.960315,3.39668,1
3986,12,12,2,109,1,12,0,110,2,0,0,0.16,0.064152,0.97466,1.82033,0
3987,35,35,3,108,1,35,0,110,2,1,0,0.16,0.0670483,0.97306,1.7191,0
3988,30,30,3,109,1,30,0,110,1,0,0,0.16,0.0564089,0.975098,1.41012,0
3989,30,30,3,110,1,30,0,110,4,4,0,0.16,0.0873176,0.964762,1.77556,0
3990,35,35,22,110,1,35,0,110,0,0,0,0.16,0.0499435,0.976648,1.31576,0
3991,16,16,7,111,1,16,0,110,0,1,0,0.16,0.0592787,0.974888,2.25207,1
3992,20,20,9,110,1,20,0,110,0,1,0,0.16,0.0588896,0.972716,1.43442,0
3993,8,8,4,111,1,8,0,110,2,2,0,0.16,0.0643595,0.974443,4.26432,1
3994,19,19,0,109,1,19,0,110,3,1,0,0.16,0.0688083,0.969816,1.83757,0
3995,21,21,19,108,1,21,0,110,2,1,0,0.16,0.0674889,0.974195,1.69992,0
3996,54,36,48,110,1,36,0,110,0,1,0,0.16,0,1,1.82571,0
3997,17,17,2,111,1,17,0,110,1,1,0,0.16,0.0605386,0.975571,1.55696,0
3998,76,36,29,110,1,36,0,110,0,1,0,0.16,0,1,1.4394,0
3999,20,20,13,109,1,20,0,110,1,1,0,0.16,0.059423,0.974521,1.82048,0
4000,26,26,16,109,1,26,0,110,2,0,0,0.16,0.063457,0.97513,1.77158,0
4001,37,36,31,110,1,36,0,110,0,0,0,0.16,0.0575476,0.972647,1.22813,0
4002,15,15,1,111,1,15,0,110,1,4,0,0.16,0.0682819,0.970824,1.43725,0
4003,22,22,8,109,1,22,0,110,0,2,0,0.168113,0.072303,0.967705,2.22526,1
4004,12,12,1,110,1,12,0,110,4,2,0,0.16,0.0761751,0.970745,1.48785,0
4005,56,36,53,110,1,36,0,110,2,1,0,0.160688,0,1,1.62867,0
4006,28,28,12,111,1,28,0,110,1,2,0,0.16,0.066669,0.971713,1.30552,0
4007,11,11,8,110,1,11,0,110,0,0,0,0.16,0.0554186,0.973017,1.89026,0
4008,14,14,3,109,1,14,0,110,3,7,0,0.16,0.0783833,0.965566,1.66693,0
4009,12,12,8,110,1,12,0,110,0,3,0,0.16,0.0552894,0.972258,1.82518,0
4010,8,8,7,106,1,8,0,110,0,2,0,0.175926,0.087836,0.959768,2.34161,1
4011,25,25,11,111,1,25,0,110,1,1,0,0.16,0.0735217,0.967784,1.80985,0
4012,50,36,29,110,1,36,0,110,0,1,0,0.16,0,1,1.4669,0
4013,22,22,6,109,1,22,0,110,3,1,0,0.16,0.0663554,0.974349,1.41421,0
4014,20,20,13,109,1,20,0,110,1,1,0,0.16,0.0586662,0.974751,1.25212,0
4015,13,13,10,110,1,13,0,110,0,0,0,0.16,0.0370521,0.980993,1.38063,0
4016,13,13,3,109,1,13,0,110,1,0,0,0.16,0.0627717,0.973451,1.7845,0
4017,17,17,4,111,1,17,0,110,1,3,0,0.16,0.0579932,0.973993,1.67456,0
4018,15,15,8,108,1,15,0,110,2,0,0,0.16,0.0665873,0.971863,1.8276,0
4019,22,22,17,110,1,22,0,110,2,2,0,0.16,0.0752975,0.968821,1.59979,0
4020,20,20,19,110,1,20,0,110,0,1,0,0.16,0.0695529,0.969547,1.75504,0
4021,32,32,26,110,1,32,0,110,0,0,0,0.16,0.0589433,0.972056,1.66111,0
4022,10,10,2,110,1,10,0,110,1,2,0,0.16,0.0551623,0.973947,1.52298,0
4023,38,36,34,110,1,36,0,110,4,3,1,0.16,0.0801125,0.966866,2.10651,0
4024,53,36,28,110,1,36,0,110,0,1,0,0.16,0,1,1.25133,0
4025,17,17,14,109,1,17,0,110,0,1,0,0.16,0.0675906,0.968145,3.54457,1
4026,36,36,8,108,1,36,0,110,2,0,0,0.16,0.0573965,0.9788,1.56969,0
4027,92,36,88,110,1,36,0,110,0,1,0,0.16,0,1,1.36554,0
4028,14,14,6,110,1,14,0,110,0,2,0,0.16,0.06041,0.972983,1.44186,0
4029,15,15,10,110,1,15,0,110,0,0,0,0.16,0.0379758,0.98172,1.09289,0
4030,37,36,25,109,1,36,0,110,1,1,0,0.16,0.0612986,0.970113,4.47246,1
4031,18,18,6,111,1,18,0,110,1,1,0,0.16,0.0564598,0.976927,1.89927,0
4032,14,14,8,106,1,14,0,110,4,2,0,0.16,0.0750162,0.965266,1.81304,0
4033,10,10,6,110,1,10,0,110,0,2,0,0.172727,0.0550167,0.973489,1.47429,0
4034,17,17,3,110,1,17,0,110,1,0,0,0.16,0.0529027,0.978547,1.37137,0
4035,63,36,30,109,1,36,0,110,1,1,0,0.16,0,1,1.64905,0
4036,20,20,18,110,1,20,0,110,0,0,0,0.16,0.0369061,0.983575,1.84671,0
4037,13,13,8,111,1,13,0,110,2,4,0,0.16,0.0578283,0.974958,1.59147,0
4038,12,12,8,110,1,12,0,110,0,2,0,0.16,0.0669461,0.968481,1.7256,0
4039,40,36,6,110,1,36,0,110,0,1,0,0.16,0,1,1.45719,0
4040,13,13,8,110,1,13,0,110,4,3,0,0.16,0.0900406,0.965335,1.55848,0
4041,18,18,16,111,1,18,0,110,1,1,0,0.16,0.0528167,0.976932,1.5014,0
4042,13,13,1,111,1,13,0,110,1,3,0,0.16,0.0525454,0.976339,1.91091,0
4043,23,23,15,110,1,23,0,110,0,1,0,0.16,0.0516438,0.975094,1.49371,0
4044,18,18,14,111,1,18,0,110,1,1,0,0.16,0.0474939,0.978925,1.55118,0
4045,17,17,13,110,1,17,0,110,0,1,0,0.16,0.0525839,0.975351,1.76286,0
4046,16,16,7,110,1,16,0,110,0,2,0,0.16,0.0572239,0.972401,1.83954,0
4047,15,15,5,110,1,15,0,110,0,0,0,0.16,0.0524076,0.975385,1.3847,0
4048,39,36,0,109,1,36,0,110,2,2,0,0.16,0.0821185,0.965295,1.95441,0
4049,31,31,9,111,1,31,0,110,3,2,0,0.16,0.0711899,0.973728,1.19857,0
4050,16,16,6,108,1,16,0,110,2,1,0,0.16,0.0569284,0.971318,3.34591,1
4051,15,15,12,110,1,15,0,110,0,1,0,0.16,0.0413931,0.979909,1.66884,0
4052,27,27,13,110,1,27,0,110,0,0,0,0.16,0.0451041,0.979284,1.7374,0
4053,11,11,1,110,1,11,0,110,1,0,0,0.16,0.0505288,0.977953,1.53513,0
4054,31,31,4,110,1,31,0,110,0,0,0,0.16,0.0495666,0.976701,1.94736,0
4055,11,11,10,109,1,11,0,110,1,0,0,0.16,0.0560387,0.973188,1.42214,0
4056,13,13,12,111,1,13,0,110,1,2,0,0.16,0.0463201,0.980821,1.4589,0
4057,30,30,23,110,1,30,0,110,0,1,0,0.16,0.0532407,0.974866,1.48952,0
4058,25,25,20,113,1,25,0,110,3,3,0,0.16,0.0788826,0.971346,1.51696,0
4059,79,36,49,110,1,36,0,110,0,1,0,0.16,0,1,1.49705,0
4060,31,31,19,109,1,31,0,110,2,1,0,0.16,0.0690309,0.970892,1.58955,0
4061,18,18,12,108,1,18,0,110,2,1,0,0.16,0.0746685,0.969385,1.09276,0
4062,26,26,2,108,1,26,0,110,2,0,0,0.16,0.066515,0.974191,1.75553,0
4063,32,32,20,110,1,32,0,110,0,2,0,0.16,0.0654805,0.969229,1.27901,0
4064,15,15,0,110,1,15,0,110,1,0,0,0.16,0.0685299,0.971163,1.8096,0
4065,10,10,6,110,1,10,0,110,0,3,0,0.16,0.0587672,0.971684,3.16456,1
4066,27,27,0,111,1,27,0,110,5,3,0,0.16,0.099128,0.966347,1.56374,0
4067,11,11,8,110,1,11,0,110,4,4,0,0.16,0.0914585,0.959855,2.04156,0
4068,69,36,19,110,1,36,0,110,0,1,0,0.16,0,1,1.56098,0
4069,31,31,19,110,1,31,0,110,1,0,0,0.16,0.0601466,0.973199,1.63019,0
4070,20,20,5,109,1,20,0,110,3,4,0,0.16,0.0685701,0.972696,1.58291,0
4071,13,13,9,111,1,13,0,110,1,1,0,0.162162,0.0737706,0.968752,1.7267,0
4072,19,19,8,111,1,19,0,110,1,1,0,0.16,0.0621822,0.972477,1.29722,0
4073,19,19,5,110,1,19,0,110,0,1,0,0.16,0.0501576,0.976518,1.37228,0
4074,26,26,15,110,1,26,0,110,0,1,0,0.16,0.0602854,0.971699,1.52782,0
4075,35,35,5,109,1,35,0,110,5,2,0,0.166828,0.0985387,0.964175,1.31004,0
4076,3,3,1,107,1,3,0,110,2,23,0,1,0.111573,0.951117,4.74114,1
4077,28,28,2,110,1,28,0,110,0,1,0,0.16,0.0629676,0.969358,1.66324,0
4078,57,36,49,110,1,36,0,110,0,1,0,0.16,0,1,1.54765,0
4079,21,21,17,111,1,21,0,110,2,2,0,0.16,0.0709496,0.972539,1.29218,0
4080,19,19,4,110,1,19,0,110,0,0,0,0.16,0.0426365,0.980564,1.65627,0
4081,40,36,14,108,1,36,0,110,2,1,0,0.16,0,1,1.8763,0
4082,39,36,4,110,1,36,0,110,0,0,0,0.16,0.0474745,0.976921,1.30187,0
4083,24,24,10,110,1,24,0,110,0,1,0,0.16,0.0519006,0.975752,1.38812,0
4084,11,11,3,110,1,11,0,110,3,2,0,0.16,0.0722098,0.970143,1.83059,0
4085,13,13,11,110,1,13,0,110,0,1,0,0.16166,0.0547846,0.975083,1.68313,0
4086,33,33,16,110,1,33,0,110,0,0,0,0.16,0.0497612,0.976192,1.36475,0
4087,21,21,8,108,1,21,0,110,2,0,0,0.16,0.0642096,0.973536,1.26409,0
4088,11,11,3,110,1,11,0,110,2,3,0,0.16,0.0701741,0.970965,1.50092,0
4089,34,34,18,109,1,34,0,110,1,0,0,0.16,0.0589028,0.974938,1.2628,0
4090,82,36,31,110,1,36,0,110,0,1,1,0.16,0,1,1.6032,0
4091,16,16,7,110,1,16,0,110,2,0,0,0.16,0.0654466,0.976357,1.52041,0
4092,27,27,15,112,1,27,0,110,2,2,0,0.16,0.0719381,0.971421,1.34606,0
4093,31,31,14,110,1,31,0,110,0,2,0,0.16,0.0674838,0.967944,1.85786,0
4094,67,36,11,110,1,36,0,110,0,1,0,0.16,0,1,1.48072,0
4095,18,18,15,110,1,18,0,110,0,0,0,0.16,0.04692,0.977727,1.84687,0
4096,28,28,10,109,1,28,0,110,1,2,0,0.16,0.065698,0.968751,1.58254,0
4097,14,14,2,110,1,14,0,110,0,2,0,0.16,0.0620461,0.970718,1.83872,0
4098,22,22,5,108,1,22,0,110,4,1,0,0.16,0.082095,0.968873,1.86307,0
4099,10,10,0,110,1,10,0,110,0,0,0,0.16,0.0601752,0.970772,1.35816,0
4100,8,8,4,110,1,8,0,110,2,1,0,0.170354,0.0609071,0.974214,1.6405,0
4101,16,16,15,108,1,16,0,110,2,2,0,0.166639,0.0787879,0.963543,1.57663,0
4102,50,36,48,108,1,36,0,110,2,1,0,0.16,0,1,1.36872,0
4103,19,19,2,110,1,19,0,110,0,0,0,0.16,0.0416444,0.980087,1.5098,0
4104,83,36,2,110,1,36,0,110,0,1,0,0.16,0,1,1.26989,0
4105,11,11,2,110,1,11,0,110,1,0,0,0.16,0.0612778,0.973428,1.84173,0
4106,38,36,28,110,1,36,0,110,0,0,0,0.16,0.0551557,0.973276,1.49698,0
4107,28,27,1,108,1,27,0,110,0,2,1,0.16,0.0845321,0.972587,2.30171,1
4108,24,24,23,111,1,24,0,110,1,2,0,0.16,0.0655154,0.972422,1.45718,0
4109,32,32,31,107,1,32,0,110,3,1,0,0.16,0.0788969,0.966484,1.55579,0
4110,26,26,20,108,1,26,0,110,2,0,0,0.16,0.0666264,0.971356,1.64436,0
4111,16,16,5,109,1,16,0,110,2,2,0,0.16,0.0694525,0.967582,1.54109,0
4112,30,30,1,109,1,30,0,110,1,0,0,0.16,0.066868,0.969922,1.74826,0
4113,16,16,9,110,1,16,0,110,4,2,0,0.16,0.0938325,0.962503,1.75554,0
4114,60,36,54,111,1,36,0,110,1,1,0,0.16,0,1,1.58409,0
4115,21,21,3,110,1,21,0,110,0,0,0,0.16,0.042667,0.97897,1.57673,0
4116,30,30,5,110,1,30,0,110,2,3,0,0.16,0.0694326,0.969139,1.60479,0
4117,20,20,17,111,1,20,0,110,2,4,0,0.16,0.0720721,0.971614,1.60537,0
4118,13,13,12,110,1,13,0,110,3,3,0,0.16,0.088072,0.962903,1.24165,0
4119,31,31,3,110,1,31,0,110,0,1,0,0.16,0.0481604,0.977578,1.514,0
4120,80,36,66,109,1,36,0,110,1,1,0,0.16,0,1,1.486,0
4121,4,4,3,109,1,4,0,110,1,2,0,1,0.065838,0.97081,4.57382,1
4122,10,10,7,109,1,10,0,110,1,3,0,0.16,0.0694086,0.967318,4.18003,1
4123,16,15,4,109,1,15,0,110,2,0,1,0.16,0.0755318,0.967858,1.83931,0
4124,24,24,18,110,1,24,0,110,2,1,0,0.16,0.0698646,0.972924,1.50317,0
4125,18,18,4,109,1,18,0,110,1,0,0,0.16,0.0500493,0.976511,1.41414,0
4126,25,25,18,110,1,25,0,110,1,1,0,0.16,0.0585623,0.973285,1.98215,0
4127,11,11,8,109,1,11,0,110,1,1,0,0.162135,0.0668603,0.969456,1.54514,0
4128,44,36,2,110,1,36,0,110,0,1,0,0.16,0,1,1.51973,0
4129,11,11,1,109,1,11,0,110,1,1,0,0.16,0.0560839,0.974022,1.15417,0
4130,43,36,30,109,1,36,0,110,1,1,0,0.16,0,1,1.7158,0
4131,53,36,21,110,1,36,0,110,0,1,0,0.16,0,1,1.1264,0
4132,31,31,23,110,1,31,0,110,0,1,0,0.16,0.0497835,0.97641,1.47674,0
4133,68,36,32,110,1,36,0,110,0,1,0,0.16,0,1,1.53942,0
4134,53,36,41,109,1,36,0,110,0,1,0,0.16,0,1,2.61972,1
4135,21,21,7,109,1,21,0,110,1,1,0,0.16,0.0692089,0.969433,1.76188,0
4136,66,36,3,110,1,36,0,110,0,1,0,0.16,0,1,1.39355,0
4137,6,6,5,110,1,6,0,110,2,3,0,0.16,0.0563619,0.977684,1.97256,0
4138,25,25,9,110,1,25,0,110,2,2,0,0.16,0.0792536,0.966766,1.48015,0
4139,14,14,4,110,1,14,0,110,1,3,0,0.16,0.0465442,0.97783,2.00792,0
4140,12,12,10,111,1,12,0,110,3,2,0,0.16,0.065543,0.974743,1.62837,0
4141,25,25,12,110,1,25,0,110,0,0,0,0.16,0.0655196,0.969663,1.34316,0
4142,74,36,14,110,1,36,0,110,1,1,0,0.16,0,1,1.55275,0
4143,37,36,2,110,1,36,0,110,0,0,0,0.16,0.0506465,0.975162,1.17371,0
4144,49,36,4,109,1,36,0,110,1,1,0,0.16,0,1,1.84973,0
4145,36,36,12,109,1,36,0,110,1,0,0,0.16,0.064223,0.972144,1.70778,0
4146,40,36,18,110,1,36,0,110,0,1,0,0.16,0,1,1.79947,0
4147,16,16,12,110,1,16,0,110,2,3,0,0.16,0.0875799,0.96024,1.51077,0
4148,12,12,5,108,1,12,0,110,2,0,0,0.16,0.0624265,0.971743,1.43682,0
4149,81,36,13,110,1,36,0,110,0,1,0,0.16,0,1,1.2556,0
4150,29,29,19,110,1,29,0,110,0,0,0,0.16,0.047553,0.976189,1.7058,0
4151,34,34,13,110,1,34,0,110,0,0,0,0.16,0.0602227,0.970642,1.92646,0
4152,6,6,0,110,1,6,0,110,2,4,0,0.16,0.0609247,0.971654,1.85585,0
4153,33,33,9,110,1,33,0,110,2,2,0,0.163636,0.074363,0.963991,3.58404,1
4154,26,26,13,110,1,26,0,110,4,4,0,0.163636,0.082286,0.968048,1.89391,0
4155,28,28,24,110,1,28,0,110,0,2,0,0.16,0.0564001,0.974529,1.51389,0
4156,19,19,11,110,1,19,0,110,0,0,0,0.16,0.0523848,0.976038,1.38486,0
4157,20,20,11,108,1,20,0,110,2,0,0,0.16,0.0687811,0.97083,1.89549,0
4158,54,36,24,109,1,36,0,110,3,1,0,0.16,0,1,1.46037,0
4159,13,13,7,110,1,13,0,110,0,0,0,0.16,0.0526413,0.974035,1.73522,0
4160,52,36,17,110,1,36,0,110,1,1,0,0.16,0,1,1.05068,0
4161,10,10,6,110,1,10,0,110,0,3,0,0.16,0.063893,0.968964,1.67552,0
4162,38,36,14,111,1,36,0,110,1,3,0,0.16,0.0674214,0.970277,1.46341,0
4163,28,28,18,109,1,28,0,110,1,0,0,0.16,0.0526063,0.977068,1.76493,0
4164,19,19,6,110,1,19,0,110,0,0,0,0.16,0.0498509,0.977229,1.87467,0
4165,15,15,7,110,1,15,0,110,1,2,0,0.16,0.0663375,0.972672,1.00313,0
4166,81,36,16,110,1,36,0,110,1,1,0,0.16,0,1,1.3604,0
4167,6,6,3,107,1,6,0,110,2,1,0,0.16,0.0704152,0.96778,4.29302,1
4168,7,7,5,110,1,7,0,110,6,7,0,0.16,0.0947766,0.969889,1.87385,0
4169,35,35,3,109,1,35,0,110,1,0,0,0.16,0.0566119,0.976434,1.7349,0
4170,13,13,9,111,1,13,0,110,1,2,0,0.18018,0.0609841,0.973582,1.6667,0
4171,25,25,18,110,1,25,0,110,0,0,0,0.16,0.0539268,0.973466,1.52724,0
4172,13,13,8,110,1,13,0,110,0,0,0,0.16,0.0445005,0.978563,1.82008,0
4173,19,19,9,111,1,19,0,110,1,1,0,0.16,0.0579283,0.973895,1.20053,0
4174,29,29,1,109,1,29,0,110,1,0,0,0.16,0.059666,0.973451,1.43936,0
4175,16,16,13,110,1,16,0,110,0,0,0,0.16,0.0526587,0.97664,1.58635,0
4176,21,21,16,110,1,21,0,110,1,0,0,0.16,0.0665052,0.972074,1.72248,0
4177,20,20,12,110,1,20,0,110,0,0,0,0.16,0.0573779,0.976786,2.69823,1
4178,18,18,4,110,1,18,0,110,0,1,0,0.16,0.0538527,0.974209,1.42942,0
4179,9,9,5,109,1,9,0,110,1,0,0,0.16,0.0578655,0.973833,1.84983,0
4180,8,8,0,110,1,8,0,110,2,3,0,0.16,0.0792739,0.964611,4.42862,1
4181,20,20,2,110,1,20,0,110,2,2,0,0.16,0.0731676,0.969096,1.49776,0
4182,23,23,1,110,1,23,0,110,1,2,0,0.16,0.0639359,0.97096,4.40655,1
4183,8,8,2,109,1,8,0,110,0,0,0,0.16,0.0481204,0.979114,2.33456,1
4184,22,22,13,110,1,22,0,110,0,0,0,0.16,0.0571659,0.973139,1.40439,0
4185,17,17,12,110,1,17,0,110,0,3,0,0.16,0.0624675,0.971627,1.88244,0
4186,30,30,5,110,1,30,0,110,0,1,0,0.16,0.054994,0.973363,1.31142,0
4187,56,36,8,109,1,36,0,110,1,1,0,0.16,0,1,1.41602,0
4188,33,33,13,109,1,33,0,110,1,0,0,0.16,0.069533,0.96809,1.38358,0
4189,23,23,3,109,1,23,0,110,3,2,0,0.16,0.0687742,0.973477,1.37905,0
4190,29,29,2,108,1,29,0,110,2,0,0,0.16,0.0735458,0.967963,1.5101,0
4191,8,8,2,110,1,8,0,110,3,2,0,0.172727,0.0875338,0.970258,1.7252,0
4192,11,11,10,108,1,11,0,110,2,0,0,0.16,0.0652114,0.975038,1.94573,0
4193,69,36,6,109,1,36,0,110,1,1,0,0.16,0,1,1.72342,0
4194,20,20,16,110,1,20,0,110,0,1,0,0.16,0.0433128,0.979954,1.70475,0
4195,62,36,14,110,1,36,0,110,0,1,0,0.16,0,1,1.61395,0
4196,16,16,10,110,1,16,0,110,1,1,0,0.16,0.0583445,0.975228,1.21859,0
4197,23,23,3,112,1,23,0,110,4,4,0,0.16,0.0872628,0.964134,1.60154,0
4198,14,14,1,110,1,14,0,110,2,4,0,0.16,0.065351,0.971689,1.40697,0
4199,21,21,2,110,1,21,0,110,1,0,0,0.16,0.0691381,0.972719,1.44197,0
4200,14,14,4,111,1,14,0,110,2,6,0,0.198198,0.11059,0.953047,4.35241,1
4201,18,17,9,111,1,17,0,110,1,3,1,0.16,0.0569181,0.975837,1.48635,0
4202,39,36,17,110,1,36,0,110,0,2,0,0.16,0.056944,0.972523,1.46757,0
4203,9,9,1,112,1,9,0,110,1,6,0,0.16,0.0733431,0.969092,3.47123,1
4204,53,36,45,110,1,36,0,110,0,1,0,0.16,0,1,1.39711,0
4205,17,17,11,110,1,17,0,110,0,1,0,0.16,0.0668825,0.967899,1.69083,0
4206,14,14,12,111,1,14,0,110,1,1,0,0.16,0.0666272,0.971944,1.5352,0
4207,25,25,10,110,1,25,0,110,2,1,0,0.16,0.0645742,0.971293,1.3203,0
4208,11,11,10,111,1,11,0,110,1,2,0,0.16,0.047502,0.980188,1.48358,0
4209,21,21,18,110,1,21,0,110,0,0,0,0.16,0.0557347,0.972936,1.37002,0
4210,79,36,55,110,1,36,0,110,0,1,0,0.16,0,1,1.70091,0
4211,66,36,59,110,1,36,0,110,0,1,0,0.16,0,1,1.2584,0
4212,22,22,12,109,1,22,0,110,1,0,0,0.16,0.0658291,0.970816,1.62031,0
4213,61,36,19,110,1,36,0,110,0,1,0,0.16,0,1,1.67579,0
4214,38,36,2,109,1,36,0,110,1,1,0,0.16,0.0644508,0.971256,1.54557,0
4215,13,13,8,111,1,13,0,110,1,1,0,0.16,0.0621861,0.973234,1.89358,0
4216,12,12,6,110,1,12,0,110,0,0,0,0.16,0.0451575,0.978286,1.80064,0
4217,10,10,7,109,1,10,0,110,4,2,0,0.16,0.0744039,0.972335,1.56729,0
4218,39,36,30,110,1,36,0,110,0,0,0,0.16,0.0578212,0.973024,1.59599,0
4219,21,21,16,110,1,21,0,110,2,2,0,0.163636,0.0814812,0.968413,1.36027,0
4220,16,16,8,110,1,16,0,110,0,1,0,0.16,0.0656875,0.96929,1.319,0
4221,16,16,0,106,1,16,0,110,2,0,0,0.16,0.0729914,0.967551,2.25727,1
4222,26,26,24,109,1,26,0,110,3,2,0,0.16,0.0816772,0.969514,2.1266,0
4223,3,3,2,110,1,3,0,110,2,16,0,1,0.0575758,0.973508,2.0906,0
4224,14,14,5,110,1,14,0,110,0,1,0,0.16,0.0342432,0.983,1.60196,0
4225,53,36,10,110,1,36,0,110,0,1,0,0.16,0,1,1.37379,0
4226,54,36,32,110,1,36,0,110,0,1,0,0.16,0,1,1.57757,0
4227,15,15,12,109,1,15,0,110,1,0,0,0.16,0.063686,0.97212,1.70184,0
4228,3,3,0,108,1,3,0,110,2,13,0,1,0.0847809,0.96535,4.16968,1
4229,10,10,6,110,1,10,0,110,4,3,0,0.162137,0.0802057,0.970324,1.84229,0
4230,17,17,9,110,1,17,0,110,0,0,0,0.16,0.0499567,0.975089,1.83615,0
4231,76,36,71,108,1,36,0,110,2,1,0,0.16,0,1,1.40524,0
4232,29,29,8,110,1,29,0,110,0,0,0,0.16,0.0453739,0.978683,1.42872,0
4233,29,29,21,109,1,29,0,110,4,2,0,0.162135,0.0800726,0.967154,1.38477,0
4234,16,16,0,110,1,16,0,110,0,0,0,0.16,0.0480433,0.976078,1.59432,0
4235,13,13,11,109,1,13,0,110,3,1,0,0.16,0.0652047,0.973798,1.19166,0
4236,27,27,12,108,1,27,0,110,2,0,0,0.16,0.058917,0.978219,1.37049,0
4237,14,14,4,110,1,14,0,110,1,1,0,0.16,0.0664355,0.970722,1.5739,0
4238,38,36,34,111,1,36,0,110,1,1,0,0.16,0.0673922,0.970399,1.74272,0
4239,46,36,30,111,1,36,0,110,1,1,0,0.16,0,1,1.7231,0
4240,36,36,26,109,1,36,0,110,1,0,0,0.16,0.0610434,0.970748,1.07857,0
4241,14,14,7,110,1,14,0,110,2,4,0,0.16,0.0698102,0.96943,1.4339,0
4242,15,15,6,107,1,15,0,110,3,0,0,0.16,0.078027,0.970984,1.55723,0
4243,16,16,7,110,1,16,0,110,0,0,0,0.16,0.057499,0.972683,1.14014,0
4244,29,29,4,110,1,29,0,110,0,0,0,0.16,0.0512585,0.976653,1.50037,0
4245,22,22,0,110,1,22,0,110,0,3,0,0.16,0.0486639,0.976429,1.66625,0
4246,21,21,12,109,1,21,0,110,1,2,0,0.16,0.0518342,0.973344,1.84179,0
4247,26,26,13,109,1,26,0,110,1,0,0,0.16,0.0487629,0.978288,1.94666,0
4248,38,36,1,110,1,36,0,110,0,1,0,0.16,0.0535024,0.974156,1.68409,0
4249,34,34,8,109,1,34,0,110,1,2,0,0.16,0.0636979,0.971981,1.20481,0
4250,34,34,9,109,1,34,0,110,2,0,0,0.16,0.066182,0.973593,1.86412,0
4251,26,26,12,107,1,26,0,110,3,1,0,0.162051,0.0799214,0.965189,1.69772,0
4252,15,15,9,110,1,15,0,110,1,1,0,0.16,0.056086,0.975085,1.82209,0
4253,92,36,9,110,1,36,0,110,0,1,0,0.16,0,1,1.99698,0
4254,34,34,11,110,1,34,0,110,0,1,0,0.16,0.0543159,0.975162,1.78922,0
4255,7,7,0,109,1,7,0,110,4,2,0,0.16361,0.0803519,0.973534,1.55972,0
4256,31,31,7,112,1,31,0,110,2,2,0,0.16,0.0633908,0.976683,1.79828,0
4257,19,19,15,110,1,19,0,110,1,1,0,0.16,0.04979,0.977709,1.8218,0
4258,37,36,36,109,1,36,0,110,1,0,0,0.16,0.0579785,0.971128,1.17156,0
4259,10,10,1,106,1,10,0,110,2,0,0,0.16,0.0630084,0.972027,3.5382,1
4260,18,18,15,109,1,18,0,110,1,0,0,0.167431,0.0554594,0.973973,1.93074,0
4261,16,16,8,109,1,16,0,110,2,2,0,0.16,0.0919076,0.965583,3.06273,1
4262,20,20,14,110,1,20,0,110,1,1,0,0.16,0.053474,0.976109,1.23051,0
4263,33,33,7,110,1,33,0,110,0,0,0,0.16,0.0435243,0.979208,1.37821,0
4264,50,36,3,111,1,36,0,110,1,1,0,0.16,0,1,1.62374,0
4265,25,25,14,111,1,25,0,110,1,2,0,0.16,0.0643129,0.972804,2.02237,0
4266,20,20,7,110,1,20,0,110,2,2,0,0.16,0.0583888,0.976789,1.21424,0
4267,10,10,3,108,1,10,0,110,2,1,0,0.193694,0.0832848,0.964711,3.76543,1
4268,62,36,0,110,1,36,0,110,0,1,0,0.16,0,1,1.52826,0
4269,11,11,8,110,1,11,0,110,0,0,0,0.16,0.0603475,0.970549,1.5134,0
4270,31,31,26,110,1,31,0,110,0,1,0,0.16,0.0601478,0.972175,1.33738,0
4271,43,36,22,110,1,36,0,110,0,1,0,0.16,0,1,1.69051,0
4272,103,36,15,110,1,36,0,110,0,1,0,0.16,0,1,1.85363,0
4273,18,18,16,110,1,18,0,110,2,2,0,0.16,0.0647298,0.971193,1.99926,0
4274,38,36,0,109,1,36,0,110,1,3,0,0.16,0.0606846,0.970368,1.64863,0
4275,37,36,5,110,1,36,0,110,1,0,0,0.16,0.0599375,0.974406,1.58734,0
4276,12,12,6,110,1,12,0,110,0,1,0,0.16,0.0619421,0.973759,2.26041,1
4277,20,20,6,110,1,20,0,110,0,0,0,0.16,0.0443983,0.978596,1.43341,0
4278,18,18,9,110,1,18,0,110,3,1,0,0.16,0.0768578,0.971946,1.26646,0
4279,29,28,13,107,1,28,0,110,3,0,1,0.16,0.0813655,0.965347,1.8131,0
4280,22,22,10,110,1,22,0,110,1,2,0,0.16,0.0573679,0.974782,1.68147,0
4281,12,12,9,109,1,12,0,110,2,1,0,0.164482,0.0785005,0.966678,1.67111,0
4282,76,36,23,110,1,36,0,110,0,1,0,0.16,0,1,1.64392,0
4283,17,17,3,109,1,17,0,110,1,1,0,0.16,0.0522612,0.977008,1.81323,0
4284,24,24,6,109,1,24,0,110,1,0,0,0.16,0.0614304,0.970204,1.34279,0
4285,18,18,7,110,1,18,0,110,0,0,0,0.16,0.0441486,0.979486,1.68534,0
4286,53,36,12,110,1,36,0,110,0,1,0,0.16,0,1,1.46251,0
4287,25,25,4,109,1,25,0,110,2,4,0,0.16,0.0680942,0.967379,4.64721,1
4288,64,36,30,110,1,36,0,110,0,1,0,0.16,0,1,1.61093,0
4289,12,12,2,111,1,12,0,110,1,1,0,0.16,0.0696455,0.968766,1.86977,0
4290,39,36,7,110,1,36,0,110,0,0,0,0.16,0.0611066,0.971138,1.53122,0
4291,17,17,5,110,1,17,0,110,1,1,0,0.16,0.0581107,0.973492,1.45225,0
4292,10,10,9,111,1,10,0,110,1,3,0,0.16,0.0611496,0.972834,1.80457,0
4293,72,36,2,110,1,36,0,110,0,1,0,0.16,0,1,1.52812,0
4294,22,21,21,109,1,21,0,110,5,5,1,0.168887,0.101065,0.958341,1.30602,0
4295,56,36,37,110,1,36,0,110,0,1,0,0.16,0,1,1.76341,0
4296,30,30,13,111,1,30,0,110,3,3,0,0.162162,0.0782913,0.969861,1.63035,0
4297,3,3,2,109,1,3,0,110,0,13,0,1,0.0611621,0.974787,3.49592,1
4298,19,19,4,108,1,19,0,110,3,2,0,0.16,0.0671813,0.967844,4.25226,1
4299,17,17,9,111,1,17,0,110,1,1,0,0.16,0.0676074,0.9703,1.7832,0
4300,21,21,0,110,1,21,0,110,1,3,0,0.16,0.0662793,0.970998,1.39092,0
4301,19,19,14,110,1,19,0,110,0,0,0,0.16,0.0561061,0.973897,1.50581,0
4302,11,11,10,108,1,11,0,110,2,3,0,0.16,0.0641188,0.975043,1.75358,0
4303,21,21,4,110,1,21,0,110,2,2,0,0.16,0.0733033,0.969059,1.68868,0
4304,30,30,17,110,1,30,0,110,0,1,0,0.16,0.0507302,0.975924,1.35077,0
4305,6,6,1,109,1,6,0,110,1,1,0,0.16,0.0463292,0.979005,1.80965,0
4306,74,36,12,110,1,36,0,110,0,1,0,0.16,0,1,1.87129,0
4307,26,26,15,109,1,26,0,110,1,0,0,0.16,0.0523511,0.977413,1.25588,0
4308,17,17,2,111,1,17,0,110,1,1,0,0.16,0.0549826,0.975312,1.45365,0
4309,17,17,5,110,1,17,0,110,0,3,0,0.16,0.0616126,0.970562,1.77308,0
4310,26,26,14,109,1,26,0,110,1,0,0,0.16,0.0584827,0.974427,1.43636,0
4311,21,21,5,108,1,21,0,110,2,2,0,0.16,0.0746948,0.969808,1.45849,0
4312,51,36,2,110,1,36,0,110,0,1,0,0.16,0,1,1.43919,0
4313,18,18,3,108,1,18,0,110,2,1,0,0.16,0.0594174,0.970919,1.45107,0
4314,59,36,15,110,1,36,0,110,4,1,1,0.16,0,1,1.92063,0
4315,11,11,6,110,1,11,0,110,0,2,0,0.16,0.0492968,0.977133,1.51125,0
4316,11,11,6,110,1,11,0,110,1,2,0,0.16,0.0658558,0.967679,1.53155,0
4317,19,19,7,110,1,19,0,110,0,0,0,0.16,0.0514225,0.976041,1.33813,0
4318,104,36,32,110,1,36,0,110,0,1,0,0.16,0,1,1.39796,0
4319,47,36,19,109,1,36,0,110,1,1,0,0.16,0,1,1.69932,0
4320,20,20,4,112,1,20,0,110,2,2,0,0.16,0.0653439,0.974752,1.39446,0
4321,19,19,3,110,1,19,0,110,1,0,0,0.16,0.054091,0.978183,1.69453,0
4322,12,12,0,111,1,12,0,110,3,1,0,0.200191,0.0917848,0.965028,1.70029,0
4323,18,18,17,110,1,18,0,110,1,2,0,0.163636,0.0774265,0.966166,1.87305,0
4324,26,26,17,110,1,26,0,110,1,0,0,0.16,0.0694706,0.969784,1.33068,0
4325,12,12,11,112,1,12,0,110,2,4,0,0.178571,0.0661873,0.972743,1.76278,0
4326,43,36,13,109,1,36,0,110,1,1,0,0.16,0,1,1.61365,0
4327,8,8,7,107,1,8,0,110,3,1,0,0.16,0.0593568,0.975828,1.55958,0
4328,6,6,2,109,1,6,0,110,2,2,0,0.16,0.04236,0.977487,4.80017,1
4329,30,30,4,110,1,30,0,110,0,0,0,0.16,0.0521159,0.975624,1.39584,0
4330,92,36,28,110,1,36,0,110,2,1,0,0.16,0,1,1.79993,0
4331,24,24,12,110,1,24,0,110,3,4,0,0.163636,0.0786157,0.966894,1.6996,0
4332,40,36,2,110,1,36,0,110,0,1,0,0.16,0,1,1.54307,0
4333,6,6,5,112,1,6,0,110,2,4,0,0.16,0.0740106,0.966233,1.6857,0
4334,15,15,2,109,1,15,0,110,1,2,0,0.16,0.0622111,0.972728,1.76456,0
4335,51,36,12,109,1,36,0,110,5,1,3,0.16,0,1,1.59612,0
4336,11,11,2,112,1,11,0,110,3,5,0,0.16,0.0738636,0.970269,1.48038,0
4337,51,36,39,110,1,36,0,110,0,1,0,0.16,0,1,1.26426,0
4338,12,12,10,110,1,12,0,110,2,1,0,0.16,0.0693316,0.97074,1.54695,0
4339,20,20,3,111,1,20,0,110,1,2,0,0.16,0.0687267,0.969821,1.92003,0
4340,30,30,5,110,1,30,0,110,0,3,0,0.16,0.0671216,0.967629,1.77345,0
4341,50,36,11,110,1,36,0,110,0,1,0,0.16,0,1,1.71552,0
4342,12,12,11,111,1,12,0,110,1,2,0,0.16,0.0604246,0.974367,1.66983,0
4343,28,27,14,109,1,27,0,110,1,0,1,0.16,0.0705371,0.967765,1.10458,0
4344,22,22,0,110,1,22,0,110,0,0,0,0.16,0.0530015,0.975401,2.03126,0
4345,7,7,1,113,1,7,0,110,2,12,0,0.16,0.0922882,0.96062,5.37084,1
4346,19,19,13,110,1,19,0,110,0,1,0,0.16,0.0480276,0.976757,1.39759,0
4347,63,36,14,110,1,36,0,110,0,1,0,0.16,0,1,1.63576,0
4348,21,21,18,110,1,21,0,110,3,4,0,0.16,0.0823496,0.962597,1.31502,0
4349,14,14,13,109,1,14,0,110,1,3,0,0.16,0.0597965,0.971761,1.53587,0
4350,12,12,7,109,1,12,0,110,1,0,0,0.16,0.057625,0.974658,2.03009,0
4351,20,20,4,109,1,20,0,110,1,1,0,0.16,0.0653665,0.969726,1.92831,0
4352,9,9,8,111,1,9,0,110,1,4,0,0.16,0.0764226,0.966825,1.4882,0
4353,65,36,9,110,1,36,0,110,0,1,0,0.16,0,1,1.57254,0
4354,69,36,29,110,1,36,0,110,1,1,0,0.16,0,1,1.74364,0
4355,17,17,0,110,1,17,0,110,0,1,0,0.16,0.0563824,0.972158,1.51997,0
4356,15,15,1,108,1,15,0,110,2,0,0,0.16,0.0710196,0.969099,1.27311,0
4357,10,10,3,109,1,10,0,110,1,1,0,0.16,0.0560483,0.97462,2.03981,0
4358,20,20,0,110,1,20,0,110,1,1,0,0.16,0.0642571,0.972037,1.88856,0
4359,39,36,15,110,1,36,0,110,0,0,0,0.16,0.0534984,0.973905,1.36954,0
4360,62,36,29,110,1,36,0,110,0,1,0,0.16,0,1,1.24801,0
4361,8,8,3,112,1,8,0,110,5,4,0,0.16,0.0953787,0.966893,1.71607,0
4362,20,20,2,110,1,20,0,110,1,4,0,0.16,0.0720417,0.969776,1.44977,0
4363,14,14,8,108,1,14,0,110,2,2,0,0.16,0.0650448,0.971502,1.87911,0
4364,18,18,15,110,1,18,0,110,4,4,0,0.181818,0.089858,0.966168,1.69891,0
4365,21,21,18,109,1,21,0,110,1,1,0,0.16,0.067551,0.967469,1.71843,0
4366,21,21,11,111,1,21,0,110,3,4,0,0.16,0.0656371,0.973178,1.73618,0
4367,7,7,5,112,1,7,0,110,2,2,0,0.16,0.0509075,0.976769,2.038,0
4368,18,18,4,109,1,18,0,110,2,0,0,0.16,0.0694406,0.971947,1.65937,0
4369,38,36,14,110,1,36,0,110,0,2,0,0.16,0.0622793,0.969884,1.27386,0
4370,11,11,1,109,1,11,0,110,1,2,0,0.16,0.0777424,0.965307,4.15519,1
4371,9,9,4,108,1,9,0,110,3,5,0,0.166667,0.0814981,0.966938,1.77298,0
4372,15,15,1,109,1,15,0,110,1,0,0,0.16,0.0514423,0.977902,1.49676,0
4373,30,30,21,111,1,30,0,110,1,2,0,0.16,0.0577719,0.975095,1.02107,0
4374,33,33,23,109,1,33,0,110,2,1,0,0.16,0.0674539,0.965874,3.91424,1
4375,18,18,3,110,1,18,0,110,0,0,0,0.16,0.059446,0.972197,1.78175,0
4376,18,18,15,111,1,18,0,110,1,4,0,0.16,0.0660661,0.970457,1.71528,0
4377,30,30,19,106,1,30,0,110,6,2,0,0.16,0.0995456,0.967511,1.57437,0
4378,37,36,8,108,1,36,0,110,2,1,0,0.16,0.0651299,0.975726,1.78338,0
4379,37,36,15,106,1,36,0,110,4,0,0,0.16,0.0866843,0.965491,1.69471,0
4380,16,16,0,109,1,16,0,110,2,0,0,0.16,0.0559439,0.969582,4.12989,1
4381,12,12,1,110,1,12,0,110,1,1,0,0.163636,0.052759,0.974516,4.05186,1
4382,16,16,5,109,1,16,0,110,3,1,0,0.16,0.0682722,0.973,1.68363,0
4383,14,14,3,112,1,14,0,110,2,5,0,0.16,0.068568,0.971556,1.63265,0
4384,14,14,10,110,1,14,0,110,1,1,0,0.16,0.0550312,0.97815,1.91068,0
4385,21,21,14,108,1,21,0,110,2,1,0,0.16,0.0537695,0.972876,3.81025,1
4386,24,24,18,110,1,24,0,110,0,0,0,0.16,0.0498445,0.977261,1.81832,0
4387,43,36,8,110,1,36,0,110,0,1,0,0.16,0,1,1.39164,0
4388,31,31,27,113,1,31,0,110,3,4,0,0.16,0.0735864,0.973906,2.12024,0
4389,74,36,3,110,1,36,0,110,0,1,0,0.16,0,1,1.34638,0
4390,16,16,4,109,1,16,0,110,2,1,0,0.16,0.0615189,0.972721,1.51437,0
4391,33,33,17,110,1,33,0,110,0,0,0,0.16,0.0584995,0.972902,1.44379,0
4392,16,16,10,111,1,16,0,110,2,3,0,0.16,0.0730196,0.971527,1.43572,0
4393,28,28,11,111,1,28,0,110,1,2,0,0.16,0.0604818,0.974275,1.81633,0
4394,74,36,31,110,1,36,0,110,0,1,0,0.16,0,1,1.39978,0
4395,14,14,1,110,1,14,0,110,4,2,0,0.196724,0.0795019,0.966844,1.37198,0
4396,7,7,4,108,1,7,0,110,4,3,0,0.16,0.0531196,0.9746,4.47206,1
4397,13,13,11,110,1,13,0,110,0,7,0,0.16,0.0847161,0.965338,2.18692,1
4398,41,36,40,112,1,36,0,110,2,1,0,0.16,0,1,1.1877,0
4399,3,3,2,108,1,3,0,110,4,18,0,1,0.0916386,0.954609,4.58358,1
4400,42,36,13,110,1,36,0,110,0,1,0,0.16,0,1,1.81992,0
4401,27,27,17,111,1,27,0,110,1,2,0,0.16,0.0602814,0.973658,1.46483,0
4402,16,16,9,110,1,16,0,110,2,1,0,0.16,0.0703759,0.972682,1.84802,0
4403,18,18,0,111,1,18,0,110,2,2,0,0.16,0.0729554,0.97319,1.34349,0
4404,38,36,3,111,1,36,0,110,1,2,0,0.16,0.0675745,0.969778,1.33261,0
4405,41,36,9,110,1,36,0,110,4,1,0,0.16,0,1,1.66737,0
4406,16,16,13,110,1,16,0,110,0,1,0,0.16,0.0591349,0.972682,1.14042,0
4407,20,20,17,110,1,20,0,110,3,1,0,0.160287,0.0827357,0.967734,1.25172,0
4408,20,20,10,110,1,20,0,110,2,1,0,0.16,0.0731766,0.971356,1.78307,0
4409,31,30,24,108,1,30,0,110,3,1,1,0.16,0.0686174,0.97364,1.36507,0
4410,36,35,1,111,1,35,0,110,1,4,1,0.16,0.0774417,0.964941,2.01281,0
4411,14,14,4,110,1,14,0,110,0,0,0,0.16,0.0612582,0.970396,1.73723,0
4412,45,36,10,109,1,36,0,110,1,1,0,0.16,0,1,1.64096,0
4413,16,16,0,112,1,16,0,110,3,3,0,0.16,0.0849846,0.967056,1.67321,0
4414,16,16,10,110,1,16,0,110,2,2,0,0.16,0.0706715,0.967309,2.03663,0
4415,19,19,10,110,1,19,0,110,0,1,0,0.16,0.0487272,0.976044,1.61301,0
4416,19,19,2,110,1,19,0,110,0,2,0,0.16,0.059567,0.971994,1.41639,0
4417,8,8,1,109,1,8,0,110,1,1,0,0.16,0.0564512,0.975125,1.09337,0
4418,15,15,5,111,1,15,0,110,1,2,0,0.16,0.0826409,0.967235,2.74529,1
4419,31,31,22,110,1,31,0,110,0,1,0,0.16,0.0540439,0.973928,1.91965,0
4420,29,29,16,110,1,29,0,110,4,2,0,0.163636,0.0866131,0.966048,1.40952,0
4421,20,20,11,110,1,20,0,110,0,1,0,0.16,0.0474392,0.976561,1.36729,0
4422,10,10,8,109,1,10,0,110,4,5,0,0.17251,0.0958739,0.963663,1.96588,0
4423,27,27,4,108,1,27,0,110,2,0,0,0.16,0.0703663,0.972416,1.49025,0
4424,71,36,1,110,1,36,0,110,0,1,0,0.16,0,1,1.43781,0
4425,49,36,15,110,1,36,0,110,0,1,0,0.16,0,1,1.48214,0
4426,8,8,2,110,1,8,0,110,0,0,0,0.16,0.0404961,0.982135,1.17232,0
4427,10,10,3,113,1,10,0,110,3,5,0,0.16,0.0804689,0.968022,1.24106,0
4428,47,36,3,110,1,36,0,110,0,1,0,0.16,0,1,1.09443,0
4429,85,36,3,110,1,36,0,110,0,1,0,0.16,0,1,1.9487,0
4430,70,36,49,110,1,36,0,110,0,1,0,0.16,0,1,1.3683,0
4431,13,13,2,110,1,13,0,110,0,1,0,0.16,0.0467775,0.977519,1.1541,0
4432,51,36,7,110,1,36,0,110,0,1,0,0.16,0,1,1.93313,0
4433,13,13,6,110,1,13,0,110,0,2,0,0.16,0.0563551,0.974386,1.51864,0
4434,9,9,1,109,1,9,0,110,1,0,0,0.16,0.0606423,0.972309,2.03718,0
4435,26,26,1,110,1,26,0,110,2,3,0,0.16,0.0700981,0.967176,2.01609,0
4436,22,22,9,110,1,22,0,110,0,0,0,0.16,0.0553827,0.973138,1.76103,0
4437,24,24,0,110,1,24,0,110,0,0,0,0.16,0.0594404,0.97217,1.41658,0
4438,48,36,35,110,1,36,0,110,0,1,0,0.16,0,1,1.33953,0
4439,15,15,6,110,1,15,0,110,0,0,0,0.16,0.0586824,0.973274,1.47388,0
4440,36,36,30,110,1,36,0,110,0,0,0,0.16,0.0490563,0.978051,1.86898,0
4441,21,21,19,110,1,21,0,110,0,1,0,0.16,0.0535053,0.97466,1.45222,0
4442,26,26,7,110,1,26,0,110,0,0,0,0.16,0.0529135,0.975702,1.54159,0
4443,53,36,36,110,1,36,0,110,0,1,0,0.16,0,1,1.35507,0
4444,19,19,11,110,1,19,0,110,0,0,0,0.16,0.0515762,0.975327,1.76104,0
4445,4,4,2,110,1,4,0,110,0,0,0,1,0.0136364,0.992542,1.3582,0
4446,17,17,5,111,1,17,0,110,1,2,0,0.207207,0.0680734,0.969771,2.10031,0
4447,14,14,10,110,1,14,0,110,0,3,0,0.16,0.0517615,0.975566,1.39035,0
4448,17,17,2,110,1,17,0,110,2,2,0,0.16,0.055434,0.977218,1.90269,0
4449,9,9,0,111,1,9,0,110,2,4,0,0.16,0.0776975,0.967818,1.56593,0
4450,14,14,0,109,1,14,0,110,3,4,0,0.16,0.0710464,0.966868,4.32278,1
4451,19,19,5,107,1,19,0,110,3,2,0,0.169697,0.0732617,0.962648,1.69037,0
4452,13,12,8,108,1,12,0,110,4,0,1,0.16,0.0709831,0.973277,1.98188,0
4453,51,36,17,110,1,36,0,110,0,1,0,0.16,0,1,1.42241,0
4454,8,8,6,109,1,8,0,110,1,0,0,0.16,0.0484366,0.978547,1.69935,0
4455,31,31,29,110,1,31,0,110,0,0,0,0.16,0.0480902,0.977578,1.63247,0
4456,12,12,0,109,1,12,0,110,1,0,0,0.16,0.0512859,0.975422,1.56218,0
4457,7,7,4,113,1,7,0,110,3,13,0,0.16,0.0783818,0.963771,1.89741,0
4458,38,36,12,110,1,36,0,110,2,2,0,0.16,0.068742,0.971516,1.42369,0
4459,40,36,35,109,1,36,0,110,1,1,0,0.16,0,1,1.3662,0
4460,19,19,18,110,1,19,0,110,1,3,0,0.16,0.0722191,0.968184,1.82103,0
4461,36,36,7,110,1,36,0,110,0,0,0,0.16,0.0568063,0.974155,1.66386,0
4462,118,36,31,110,1,36,0,110,0,1,0,0.16,0,1,1.55043,0
4463,83,36,12,110,1,36,0,110,0,1,0,0.16,0,1,1.68851,0
4464,14,14,0,109,1,14,0,110,3,2,0,0.16,0.0696743,0.97143,1.43671,0
4465,13,13,9,108,1,13,0,110,1,3,0,0.16,0.0647745,0.971434,4.65542,1
4466,23,23,17,109,1,23,0,110,1,2,0,0.16,0.0601183,0.97427,1.8279,0
4467,26,26,4,110,1,26,0,110,0,0,0,0.16,0.0519926,0.975876,1.30072,0
4468,59,36,15,110,1,36,0,110,0,1,0,0.16,0,1,1.76951,0
4469,23,23,10,110,1,23,0,110,0,2,0,0.16,0.0619801,0.971158,1.55213,0
4470,41,36,34,110,1,36,0,110,0,1,0,0.16,0,1,1.76019,0
4471,69,36,6,108,1,36,0,110,2,1,0,0.16,0,1,1.39319,0
4472,17,17,11,110,1,17,0,110,2,2,0,0.16,0.0738284,0.967635,1.6763,0
4473,62,36,51,110,1,36,0,110,0,1,0,0.16,0,1,1.58795,0
4474,28,28,9,110,1,28,0,110,0,0,0,0.16,0.0454713,0.979698,1.44646,0
4475,22,22,16,109,1,22,0,110,1,0,0,0.16,0.0615903,0.971857,1.36938,0
4476,35,35,5,111,1,35,0,110,1,2,0,0.16,0.0731537,0.967504,1.52952,0
4477,21,21,4,111,1,21,0,110,1,2,0,0.16,0.059981,0.973179,1.36565,0
4478,70,36,37,110,1,36,0,110,0,1,0,0.16,0,1,1.62347,0
4479,17,17,5,110,1,17,0,110,0,0,0,0.16,0.0491548,0.975623,1.63572,0
4480,25,25,9,111,1,25,0,110,1,1,0,0.16,0.0628936,0.972448,1.61465,0
4481,11,11,5,109,1,11,0,110,2,1,0,0.16,0.0626402,0.972774,1.3815,0
4482,19,19,8,109,1,19,0,110,1,1,0,0.16,0.0669301,0.967413,1.63444,0
4483,81,36,31,111,1,36,0,110,1,1,0,0.16,0,1,1.43031,0
4484,24,24,21,110,1,24,0,110,0,1,0,0.16,0.0638074,0.970662,1.50583,0
4485,7,7,3,110,1,7,0,110,2,2,0,0.16,0.0588039,0.977641,1.58626,0
4486,20,20,2,109,1,20,0,110,1,0,0,0.16,0.0615193,0.971097,1.35075,0
4487,28,28,8,110,1,28,0,110,0,1,0,0.16,0.0689113,0.969035,1.94371,0
4488,14,14,4,110,1,14,0,110,0,1,0,0.188142,0.0619727,0.971046,1.38687,0
4489,36,36,33,109,1,36,0,110,1,1,0,0.16,0.065561,0.969352,1.45374,0
4490,12,12,4,107,1,12,0,110,2,1,0,0.169782,0.0749568,0.965281,3.65088,1
4491,16,15,11,109,1,15,0,110,2,1,1,0.16,0.0793651,0.965118,2.08609,0
4492,32,32,11,110,1,32,0,110,0,0,0,0.16,0.0475169,0.977995,1.60944,0
4493,11,11,2,110,1,11,0,110,0,1,0,0.16,0.0655803,0.9685,1.59821,0
4494,1,1,0,106,1,1,0,110,5,0,0,1,0,0,4.8075,1
4495,15,15,0,108,1,15,0,110,2,1,0,0.183486,0.0695162,0.969405,1.63018,0
4496,45,36,22,111,1,36,0,110,1,1,0,0.16,0,1,1.32072,0
4497,69,36,6,110,1,36,0,110,0,1,0,0.16,0,1,1.1669,0
4498,18,18,2,109,1,18,0,110,1,4,0,0.16,0.0733895,0.963831,1.63386,0
4499,64,36,10,110,1,36,0,110,0,1,0,0.16,0,1,1.46806,0
4500,19,19,8,111,1,19,0,110,1,2,0,0.16,0.0601678,0.975779,1.34079,0
4501,16,16,9,110,1,16,0,110,0,1,0,0.16,0.0468392,0.97777,1.41776,0
4502,15,15,9,111,1,15,0,110,2,3,0,0.16,0.0797887,0.968137,1.22911,0
4503,20,20,19,110,1,20,0,110,0,0,0,0.16,0.0479971,0.97701,1.58096,0
4504,28,28,10,110,1,28,0,110,0,0,0,0.16,0.0581749,0.975337,2.22671,1
4505,24,24,10,109,1,24,0,110,1,1,0,0.16,0.0616008,0.971728,1.18331,0
4506,17,17,16,108,1,17,0,110,2,0,0,0.16,0.0734474,0.968935,1.65636,0
4507,18,18,7,108,1,18,0,110,2,1,0,0.16,0.0731849,0.970664,1.47669,0
4508,29,29,25,110,1,29,0,110,4,4,0,0.166396,0.0902098,0.966046,2.08471,0
4509,11,11,5,107,1,11,0,110,5,1,0,0.16,0.0968564,0.968042,1.73365,0
4510,69,36,41,110,1,36,0,110,0,1,0,0.16,0,1,1.64288,0
4511,6,6,0,110,1,6,0,110,3,9,0,0.163636,0.0916268,0.958848,4.39715,1
4512,15,15,8,108,1,15,0,110,2,0,0,0.16,0.0693239,0.968177,1.97656,0
4513,14,14,11,110,1,14,0,110,2,2,0,0.16,0.0666771,0.974595,1.90934,0
4514,13,13,11,108,1,13,0,110,2,1,0,0.16,0.0607016,0.971432,1.86983,0
4515,33,33,13,110,1,33,0,110,0,0,0,0.16,0.0384276,0.981132,1.20761,0
4516,28,28,27,110,1,28,0,110,0,1,0,0.16,0.0612567,0.970651,1.57818,0
4517,19,19,10,111,1,19,0,110,1,1,0,0.16,0.0623869,0.972245,1.59135,0
4518,36,36,21,111,1,36,0,110,1,2,0,0.16,0.0618269,0.974511,1.40956,0
4519,22,22,4,110,1,22,0,110,0,0,0,0.16,0.0371438,0.982803,2.04939,0
4520,36,36,8,111,1,36,0,110,1,4,0,0.16,0.0693362,0.968781,1.65079,0
4521,15,15,4,112,1,15,0,110,3,4,0,0.16,0.0814633,0.969005,1.76219,0
4522,30,30,1,110,1,30,0,110,0,1,0,0.16,0.0552437,0.975773,1.52849,0
4523,18,18,5,110,1,18,0,110,1,0,0,0.16,0.0674206,0.971194,1.29613,0
4524,24,24,23,110,1,24,0,110,1,3,0,0.16,0.0604031,0.97123,1.50426,0
4525,44,36,22,110,1,36,0,110,0,1,0,0.16,0,1,1.83729,0
4526,15,15,6,109,1,15,0,110,2,1,0,0.16,0.0712032,0.970901,1.34926,0
4527,17,17,9,109,1,17,0,110,1,2,0,0.16,0.0623196,0.970027,1.54583,0
4528,55,36,22,110,1,36,0,110,0,1,0,0.16,0,1,1.50598,0
4529,14,14,3,113,1,14,0,110,3,5,0,0.16,0.0676359,0.971806,1.46391,0
4530,15,15,10,108,1,15,0,110,2,2,0,0.16,0.0756455,0.969095,2.01445,0
4531,18,18,1,110,1,18,0,110,3,1,0,0.163636,0.0753629,0.970438,1.44733,0
4532,26,26,13,110,1,26,0,110,0,1,0,0.16,0.0511046,0.975355,1.1667,0
4533,19,19,6,109,1,19,0,110,1,0,0,0.16,0.0596097,0.974143,1.64831,0
4534,18,18,0,112,1,18,0,110,3,3,0,0.169643,0.091393,0.964545,1.77674,0
4535,32,32,21,109,1,32,0,110,1,0,0,0.16,0.0608723,0.973515,1.94984,0
4536,62,36,27,110,1,36,0,110,0,1,0,0.16,0,1,1.35672,0
4537,95,36,20,110,1,36,0,110,2,1,0,0.16,0,1,1.80031,0
4538,6,6,0,110,1,6,0,110,2,3,0,0.172727,0.0641337,0.968647,4.47624,1
4539,32,32,17,110,1,32,0,110,0,0,0,0.16,0.0553178,0.973186,1.3192,0
4540,61,36,47,110,1,36,0,110,0,1,0,0.16,0,1,1.8249,0
4541,10,10,7,108,1,10,0,110,3,3,0,0.178571,0.0876021,0.96379,1.4617,0
4542,11,11,0,109,1,11,0,110,5,1,0,0.16,0.0800103,0.966137,1.94011,0
4543,21,21,12,109,1,21,0,110,1,0,0,0.16,0.0592098,0.971167,1.75923,0
4544,26,26,21,109,1,26,0,110,1,0,0,0.16,0.0590088,0.971442,1.83028,0
4545,20,20,8,110,1,20,0,110,2,1,0,0.16,0.0717349,0.972038,1.70538,0
4546,27,27,0,108,1,27,0,110,2,0,0,0.16,0.0602716,0.975488,1.585,0
4547,7,7,1,111,1,7,0,110,4,5,0,0.16361,0.0830454,0.967596,1.76458,0
4548,36,36,17,110,1,36,0,110,0,1,0,0.16,0.0566716,0.972773,1.4803,0
4549,11,11,4,111,1,11,0,110,1,1,0,0.16,0.0554626,0.976115,1.05396,0
4550,21,21,4,109,1,21,0,110,3,2,0,0.17668,0.0712083,0.972686,1.23042,0
4551,27,27,22,109,1,27,0,110,1,1,0,0.16,0.0528201,0.974531,1.69853,0
4552,41,36,4,110,1,36,0,110,4,1,0,0.16,0,1,1.60992,0
4553,62,36,20,108,1,36,0,110,2,1,0,0.16,0,1,1.48421,0
4554,26,26,1,110,1,26,0,110,0,0,0,0.16,0.0486062,0.976747,1.49323,0
4555,13,13,5,110,1,13,0,110,0,0,0,0.16,0.0533065,0.974734,1.58592,0
4556,49,36,23,110,1,36,0,110,0,1,0,0.16,0,1,1.39207,0
4557,32,32,6,109,1,32,0,110,3,3,0,0.16,0.0634362,0.976654,1.57101,0
4558,45,36,39,108,1,36,0,110,2,1,0,0.16,0,1,1.92944,0
4559,23,21,14,108,1,21,0,110,0,8,2,0.16,0.0944037,0.957738,2.92428,1
4560,54,36,10,110,1,36,0,110,0,1,0,0.16,0,1,1.49692,0
4561,48,36,7,110,1,36,0,110,0,1,0,0.16,0,1,1.62928,0
4562,17,17,15,111,1,17,0,110,2,2,0,0.16,0.0652181,0.975309,1.51232,0
4563,15,15,12,111,1,15,0,110,1,3,0,0.16,0.0644521,0.972316,1.7362,0
4564,42,36,13,110,1,36,0,110,0,1,0,0.16,0,1,2.16727,1
4565,20,20,10,109,1,20,0,110,2,1,0,0.174365,0.0893937,0.963794,1.94041,0
4566,23,23,19,107,1,23,0,110,3,0,0,0.16,0.0690847,0.970151,1.15876,0
4567,41,36,12,108,1,36,0,110,2,1,0,0.16,0,1,1.9203,0
4568,29,29,21,107,1,29,0,110,3,0,0,0.16,0.0779323,0.969431,1.74062,0
4569,23,23,13,112,1,23,0,110,2,4,0,0.160714,0.0795807,0.968968,1.51775,0
4570,23,23,0,108,1,23,0,110,2,0,0,0.16,0.0608726,0.972233,1.45706,0
4571,22,22,7,110,1,22,0,110,0,1,0,0.16,0.0682951,0.967174,1.82952,0
4572,18,18,5,109,1,18,0,110,1,0,0,0.16,0.0605141,0.971945,1.55254,0
4573,15,15,8,107,1,15,0,110,3,4,0,0.16,0.0749565,0.963538,3.86321,1
4574,18,18,0,108,1,18,0,110,2,1,0,0.16,0.0642509,0.969896,4.04855,1
4575,19,19,14,109,1,19,0,110,1,0,0,0.16,0.057271,0.973181,1.97843,0
4576,41,36,37,110,1,36,0,110,1,1,0,0.16,0,1,1.2745,0
4577,12,12,3,109,1,12,0,110,2,0,0,0.16,0.0680595,0.97466,1.39808,0
4578,22,22,15,110,1,22,0,110,0,0,0,0.16,0.0482466,0.977868,1.55416,0
4579,32,32,3,110,1,32,0,110,1,0,0,0.16,0.0680879,0.9705,1.63568,0
4580,31,31,25,110,1,31,0,110,1,0,0,0.16,0.0602052,0.974658,1.71477,0
4581,17,17,14,110,1,17,0,110,0,0,0,0.16,0.0606515,0.970828,1.59639,0
4582,33,33,3,111,1,33,0,110,1,2,0,0.16,0.0627805,0.973418,1.12823,0
4583,7,7,0,108,1,7,0,110,2,4,0,0.16,0.0576504,0.968023,4.71574,1
4584,39,36,11,108,1,36,0,110,2,1,0,0.16,0.0583183,0.972016,4.11965,1
4585,18,18,14,109,1,18,0,110,1,0,0,0.16,0.0641862,0.971436,1.56098,0
4586,77,36,3,110,1,36,0,110,1,1,0,0.16,0,1,1.41564,0
4587,22,22,10,110,1,22,0,110,0,0,0,0.16,0.0574282,0.973135,1.77068,0
4588,25,25,17,111,1,25,0,110,1,1,0,0.16,0.0727928,0.968681,1.32929,0
4589,19,19,18,110,1,19,0,110,0,1,0,0.16,0.0540926,0.973186,1.53383,0
4590,18,18,12,106,1,18,0,110,4,0,0,0.16,0.0689536,0.966981,1.6407,0
4591,13,13,1,111,1,13,0,110,2,1,0,0.16,0.0677242,0.973925,1.48216,0
4592,30,30,2,109,1,30,0,110,3,1,0,0.16,0.0667551,0.970532,1.81681,0
4593,18,18,1,109,1,18,0,110,1,0,0,0.16,0.0602265,0.97144,1.51077,0
4594,24,24,17,108,1,24,0,110,2,1,0,0.16,0.0572932,0.975498,1.50063,0
4595,30,30,21,108,1,30,0,110,2,1,0,0.16,0.0696292,0.974253,1.73423,0
4596,51,36,28,109,1,36,0,110,1,1,0,0.16,0,1,1.76782,0
4597,71,36,31,110,1,36,0,110,0,1,0,0.16,0,1,1.75856,0
4598,4,4,2,109,1,4,0,110,0,1,0,1,0.0547134,0.974232,2.37899,1
4599,19,19,15,110,1,19,0,110,0,1,0,0.16,0.0521094,0.975803,1.5392,0
4600,16,16,2,107,1,16,0,110,1,2,0,0.16,0.0738475,0.966694,4.055,1
4601,24,24,11,109,1,24,0,110,3,2,0,0.16,0.0656031,0.978006,1.75534,0
4602,23,23,4,109,1,23,0,110,1,1,0,0.16,0.0701933,0.968514,1.50929,0
4603,22,22,7,110,1,22,0,110,0,2,0,0.16,0.0530827,0.974372,1.77537,0
4604,18,18,17,111,1,18,0,110,1,3,0,0.16,0.0648708,0.971449,1.32039,0
4605,16,16,5,110,1,16,0,110,0,0,0,0.18568,0.0600153,0.972116,1.85369,0
4606,79,36,45,109,1,36,0,110,0,1,0,0.176544,0,1,2.23055,1
4607,20,20,7,110,1,20,0,110,1,1,0,0.16,0.0571015,0.972037,3.96585,1
4608,8,8,3,109,1,8,0,110,3,3,0,0.16,0.076196,0.969421,1.67207,0
4609,68,36,20,110,1,36,0,110,0,1,0,0.16,0,1,1.91418,0
4610,33,33,14,109,1,33,0,110,2,2,0,0.16,0.0688596,0.968505,1.65827,0
4611,83,36,0,110,1,36,0,110,0,1,0,0.16,0,1,1.58493,0
4612,22,22,1,109,1,22,0,110,1,0,0,0.16,0.0602023,0.970402,1.79359,0
4613,11,11,3,110,1,11,0,110,1,2,0,0.16,0.0608236,0.970555,3.96296,1
4614,14,14,12,110,1,14,0,110,2,4,0,0.16,0.0678882,0.967812,1.80575,0
4615,17,17,3,110,1,17,0,110,0,1,0,0.16,0.0459064,0.978013,1.47458,0
4616,27,27,15,110,1,27,0,110,0,1,0,0.16,0.0476336,0.977944,1.26669,0
4617,52,36,5,110,1,36,0,110,0,1,0,0.16,0,1,1.12772,0
4618,81,36,65,110,1,36,0,110,0,1,0,0.16,0,1,1.42944,0
4619,22,22,12,108,1,22,0,110,2,0,0,0.16,0.0621628,0.972644,1.29358,0
4620,21,21,17,108,1,21,0,110,2,4,0,0.181448,0.0954856,0.965199,4.48716,1
4621,85,36,14,110,1,36,0,110,0,1,0,0.16,0,1,1.35895,0
4622,22,22,9,110,1,22,0,110,3,2,0,0.198471,0.0805221,0.966968,1.67664,0
4623,17,17,0,110,1,17,0,110,2,1,0,0.16,0.0627203,0.97482,1.48452,0
4624,17,17,10,110,1,17,0,110,2,0,0,0.16,0.0720246,0.973221,1.5839,0
4625,15,15,0,110,1,15,0,110,0,0,0,0.16,0.0489592,0.976596,1.59178,0
4626,11,11,9,109,1,11,0,110,0,0,0,0.16,0.0390266,0.979,2.73922,1
4627,11,11,9,110,1,11,0,110,2,1,0,0.16,0.0654006,0.972198,1.61885,0
4628,6,6,5,110,1,6,0,110,2,3,0,0.16,0.0492573,0.98221,1.79149,0
4629,6,6,5,110,1,6,0,110,0,2,0,0.16,0.0513258,0.980705,2.3077,1
4630,23,23,13,110,1,23,0,110,1,2,0,0.16,0.0565188,0.975289,1.42546,0
4631,22,22,21,110,1,22,0,110,2,1,0,0.16,0.0631016,0.97211,1.66664,0
4632,17,17,13,110,1,17,0,110,2,1,0,0.16,0.0579964,0.973223,1.65014,0
4633,44,36,2,110,1,36,0,110,1,1,0,0.16,0,1,1.41003,0
4634,11,11,4,110,1,11,0,110,5,2,0,0.16,0.0975929,0.965207,1.86163,0
4635,37,36,11,109,1,36,0,110,1,0,0,0.16,0.0467786,0.978866,1.5047,0
4636,15,15,1,111,1,15,0,110,1,1,0,0.16,0.063193,0.973809,1.63625,0
4637,19,19,4,111,1,19,0,110,1,1,0,0.16,0.0607838,0.973894,1.51011,0
4638,25,25,4,110,1,25,0,110,0,2,0,0.16,0.0582012,0.972379,1.33695,0
4639,26,26,0,110,1,26,0,110,3,3,0,0.16,0.0857033,0.969089,1.79816,0
4640,29,29,7,112,1,29,0,110,2,2,0,0.16,0.067781,0.974003,1.53495,0
4641,49,36,41,111,1,36,0,110,1,1,0,0.16,0,1,1.40534,0
4642,12,12,5,110,1,12,0,110,3,3,0,0.16,0.0568773,0.97602,1.73772,0
4643,3,3,0,108,1,3,0,110,3,12,0,1,0.0693967,0.969956,4.91251,1
4644,9,9,2,109,1,9,0,110,0,4,0,0.16,0.0897168,0.964192,3.0154,1
4645,14,14,8,108,1,14,0,110,2,2,0,0.16,0.0659574,0.968866,1.35735,0
4646,36,34,1,109,1,34,0,110,1,5,2,0.162135,0.0820142,0.963927,1.34347,0
4647,41,36,37,110,1,36,0,110,2,1,0,0.16,0,1,1.23342,0
4648,49,36,7,110,1,36,0,110,0,1,0,0.16,0,1,1.32785,0
4649,46,36,8,109,1,36,0,110,1,1,0,0.16,0,1,1.87919,0
4650,10,10,9,110,1,10,0,110,1,6,0,0.200191,0.0875211,0.962634,1.83272,0
4651,21,21,19,111,1,21,0,110,1,1,0,0.16,0.069357,0.968907,1.44684,0
4652,41,36,21,110,1,36,0,110,0,1,0,0.16,0,1,1.29096,0
4653,46,36,24,110,1,36,0,110,0,1,0,0.16,0,1,1.39467,0
4654,13,13,10,110,1,13,0,110,3,1,0,0.16,0.0769373,0.969164,1.55231,0
4655,17,17,2,109,1,17,0,110,1,0,0,0.16,0.0499199,0.978083,1.62494,0
4656,23,23,14,110,1,23,0,110,0,0,0,0.16,0.0533941,0.975682,1.83157,0
4657,27,27,10,108,1,27,0,110,2,1,0,0.16,0.0683079,0.970196,1.37273,0
4658,12,12,6,110,1,12,0,110,2,6,0,0.16,0.0758915,0.964715,4.69485,1
4659,12,12,8,112,1,12,0,110,2,4,0,0.16,0.0614226,0.972742,1.1844,0
4660,23,23,2,110,1,23,0,110,1,2,0,0.16,0.0670104,0.969978,1.57638,0
4661,7,7,4,109,1,7,0,110,1,3,0,0.16,0.048168,0.979398,1.58134,0
4662,44,36,43,110,1,36,0,110,1,1,1,0.16,0,1,1.60311,0
4663,71,36,54,110,1,36,0,110,0,1,0,0.16,0,1,1.65855,0
4664,24,24,22,110,1,24,0,110,0,0,0,0.16,0.0488975,0.976885,1.25359,0
4665,9,9,4,110,1,9,0,110,3,7,0,0.176948,0.0977453,0.960001,1.83802,0
4666,4,4,2,112,1,4,0,110,2,4,0,1,0.0793059,0.971569,5.19385,1
4667,12,12,5,110,1,12,0,110,2,3,0,0.162162,0.0739662,0.969235,1.68182,0
4668,36,36,27,108,1,36,0,110,2,0,0,0.16,0.0705493,0.971247,1.53591,0
4669,21,21,4,111,1,21,0,110,3,2,0,0.16,0.0831947,0.967628,1.66783,0
4670,50,36,44,110,1,36,0,110,0,1,0,0.16,0,1,1.45697,0
4671,38,36,13,110,1,36,0,110,0,1,0,0.16,0.0496548,0.976043,1.42261,0
4672,19,19,4,110,1,19,0,110,0,1,0,0.16,0.0606161,0.969852,1.29088,0
4673,31,31,30,109,1,31,0,110,1,1,0,0.16,0.0534405,0.975163,1.53158,0
4674,86,36,58,110,1,36,0,110,2,1,0,0.16,0,1,1.30085,0
4675,32,32,16,108,1,32,0,110,2,0,0,0.16,0.0628997,0.974709,1.28875,0
4676,43,36,11,110,1,36,0,110,0,1,0,0.16,0,1,1.39077,0
4677,17,17,2,111,1,17,0,110,2,1,0,0.16,0.0701269,0.972671,1.21796,0
4678,9,9,7,109,1,9,0,110,2,2,0,0.16,0.0816534,0.96622,1.82013,0
4679,14,14,1,110,1,14,0,110,0,1,0,0.16,0.0567948,0.973631,1.36295,0
4680,26,26,20,112,1,26,0,110,2,3,0,0.169643,0.0813512,0.965537,1.32084,0
4681,17,17,6,108,1,17,0,110,2,1,0,0.16,0.0724612,0.966496,1.08898,0
4682,19,19,11,110,1,19,0,110,2,2,0,0.16,0.0564162,0.973187,3.02722,1
4683,16,16,10,110,1,16,0,110,2,2,0,0.16,0.079674,0.963636,1.56998,0
4684,48,36,29,111,1,36,0,110,3,1,1,0.16,0,1,1.81676,0
4685,21,21,7,111,1,21,0,110,1,1,0,0.16,0.0548614,0.976808,1.92411,0
4686,25,25,5,110,1,25,0,110,0,0,0,0.16,0.0534434,0.975637,1.24509,0
4687,30,30,28,108,1,30,0,110,0,0,0,0.16,0.0601701,0.969494,2.71733,1
4688,12,12,4,110,1,12,0,110,4,3,0,0.16,0.0835054,0.963581,1.46437,0
4689,46,36,4,110,1,36,0,110,0,1,0,0.16,0,1,1.39773,0
4690,105,36,49,110,1,36,0,110,0,1,0,0.16,0,1,1.37719,0
4691,53,36,47,109,1,36,0,110,1,1,0,0.16,0,1,1.6348,0
4692,23,23,19,110,1,23,0,110,0,1,0,0.16,0.050214,0.976861,1.52385,0
4693,19,19,15,110,1,19,0,110,2,1,0,0.16,0.0721007,0.969135,1.70021,0
4694,24,24,13,108,1,24,0,110,2,1,0,0.16,0.06728,0.974347,1.79117,0
4695,20,20,13,110,1,20,0,110,0,0,0,0.16,0.0613337,0.970677,1.26152,0
4696,15,15,9,110,1,15,0,110,2,1,0,0.16,0.0721396,0.969352,1.90833,0
4697,44,36,39,109,1,36,0,110,1,1,0,0.16,0,1,1.23956,0
4698,35,35,10,110,1,35,0,110,0,0,0,0.16,0.0497077,0.977035,1.64238,0
4699,23,23,2,109,1,23,0,110,1,1,0,0.16,0.0592091,0.971888,1.491,0
4700,11,11,3,108,1,11,0,110,2,0,0,0.16,0.0541205,0.972522,1.82507,0
4701,13,13,11,109,1,13,0,110,3,1,0,0.16,0.0825473,0.966428,1.36337,0
4702,24,24,10,108,1,24,0,110,2,0,0,0.16,0.0675402,0.969547,1.59155,0
4703,47,36,1,110,1,36,0,110,0,1,0,0.16,0,1,1.48493,0
4704,17,17,6,109,1,17,0,110,1,0,0,0.16,0.0563807,0.97244,1.20274,0
4705,10,10,0,109,1,10,0,110,1,0,0,0.178197,0.069988,0.965948,1.6887,0
4706,11,11,6,111,1,11,0,110,1,2,0,0.16,0.05789,0.976114,1.55103,0
4707,59,36,29,110,1,36,0,110,0,1,0,0.16,0,1,1.59487,0
4708,15,14,9,110,1,14,0,110,4,7,1,0.16,0.0895343,0.96071,2.01666,0
4709,42,36,19,110,1,36,0,110,0,1,0,0.16,0,1,1.6818,0
4710,11,11,7,108,1,11,0,110,3,1,0,0.16,0.0729663,0.971267,1.28609,0
4711,44,36,8,110,1,36,0,110,0,1,0,0.16,0,1,1.32043,0
4712,33,33,15,110,1,33,0,110,0,1,0,0.170434,0.0561052,0.97359,1.13045,0
4713,21,21,0,110,1,21,0,110,0,1,0,0.16,0.0565832,0.97272,1.74583,0
4714,20,20,13,110,1,20,0,110,1,2,0,0.16,0.0785673,0.965477,1.43553,0
4715,33,33,3,110,1,33,0,110,0,1,0,0.16,0.0678254,0.968103,1.41797,0
4716,48,36,4,110,1,36,0,110,0,1,0,0.16,0,1,1.40502,0
4717,20,20,1,109,1,20,0,110,1,0,0,0.16,0.056576,0.971096,1.83718,0
4718,84,36,40,110,1,36,0,110,0,1,0,0.16,0,1,1.39225,0
4719,14,14,0,109,1,14,0,110,1,2,0,0.16,0.0592631,0.973389,1.28029,0
4720,12,12,10,109,1,12,0,110,1,2,0,0.16,0.0671458,0.972002,4.00075,1
4721,59,36,18,110,1,36,0,110,0,1,0,0.16,0,1,1.17125,0
4722,7,7,0,108,1,7,0,110,3,6,0,0.16,0.0668675,0.966713,2.01465,0
4723,12,12,10,109,1,12,0,110,1,1,0,0.16,0.0618272,0.972379,1.86417,0
4724,49,36,8,109,1,36,0,110,3,1,0,0.16,0,1,1.69948,0
4725,71,36,14,110,1,36,0,110,0,1,0,0.16,0,1,1.39913,0
4726,18,18,9,110,1,18,0,110,0,0,0,0.16,0.0565576,0.972953,1.37367,0
4727,20,20,17,113,1,20,0,110,4,3,0,0.16,0.080531,0.97035,1.51447,0
4728,13,13,5,110,1,13,0,110,2,2,0,0.16,0.0665964,0.972645,1.47252,0
4729,60,36,2,110,1,36,0,110,0,1,0,0.16,0,1,1.34711,0
4730,10,10,0,111,1,10,0,110,2,3,0,0.16,0.0617652,0.971934,1.43772,0
4731,61,36,5,108,1,36,0,110,2,1,0,0.16,0,1,1.48921,0
4732,21,21,10,109,1,21,0,110,1,0,0,0.16,0.0557959,0.973124,1.91981,0
4733,14,14,0,109,1,14,0,110,1,3,0,0.16,0.0729968,0.968821,1.76381,0
4734,14,14,1,110,1,14,0,110,0,1,0,0.16,0.0509597,0.977507,1.50968,0
4735,46,36,36,108,1,36,0,110,2,1,0,0.16,0,1,3.51114,1
4736,16,16,0,111,1,16,0,110,1,3,0,0.16,0.0601177,0.974608,1.19013,0
4737,13,13,4,110,1,13,0,110,2,2,0,0.16,0.073848,0.968121,1.50584,0
4738,19,19,15,109,1,19,0,110,4,2,0,0.16,0.0885446,0.96645,2.00163,0
4739,17,17,13,110,1,17,0,110,0,3,0,0.16,0.0628729,0.969232,1.98852,0
4740,16,16,2,110,1,16,0,110,0,0,0,0.16,0.0590816,0.971266,1.59951,0
4741,7,7,3,110,1,7,0,110,1,5,0,0.16,0.0454194,0.98023,1.41276,0
4742,22,22,16,110,1,22,0,110,0,1,0,0.16,0.0529439,0.976632,1.49957,0
4743,16,16,4,109,1,16,0,110,2,1,0,0.16,0.0566195,0.976716,1.34196,0
4744,12,12,3,110,1,12,0,110,0,2,0,0.16,0.0634891,0.969991,1.86979,0
4745,80,36,2,110,1,36,0,110,0,1,0,0.16,0,1,1.66072,0
4746,16,16,4,110,1,16,0,110,2,1,0,0.16,0.0678987,0.971269,1.70191,0
4747,19,19,5,111,1,19,0,110,1,3,0,0.180654,0.0693648,0.970828,1.34404,0
4748,73,36,5,110,1,36,0,110,0,1,0,0.16,0,1,1.50985,0
4749,36,36,28,110,1,36,0,110,0,0,0,0.16,0.0522967,0.975915,1.39682,0
4750,19,19,10,110,1,19,0,110,4,2,0,0.16,0.0756135,0.969612,1.82898,0
4751,20,20,19,110,1,20,0,110,0,1,0,0.16,0.0472736,0.978369,1.54923,0
4752,16,16,1,111,1,16,0,110,2,3,0,0.16,0.0706016,0.970686,1.33631,0
4753,30,29,8,109,1,29,0,110,3,1,1,0.16,0.079734,0.972034,1.14503,0
4754,20,20,6,110,1,20,0,110,0,0,0,0.16,0.053435,0.973622,1.86154,0
4755,38,36,24,108,1,36,0,110,2,1,0,0.16,0.0743636,0.967918,1.54444,0
4756,4,4,0,111,1,4,0,110,2,4,0,1,0.0878378,0.960133,4.49148,1
4757,6,6,1,110,1,6,0,110,0,6,0,0.16,0.0514196,0.974678,2.17591,1
4758,34,34,22,110,1,34,0,110,1,0,0,0.16,0.0583771,0.975295,1.57233,0
4759,14,14,10,108,1,14,0,110,2,2,0,0.16,0.0683791,0.971168,1.30457,0
4760,15,15,2,110,1,15,0,110,0,1,0,0.16,0.0642795,0.969047,1.51263,0
4761,31,31,8,110,1,31,0,110,2,3,0,0.16,0.070438,0.970571,1.55792,0
4762,49,36,11,110,1,36,0,110,0,1,0,0.16,0,1,1.49553,0
4763,8,8,4,107,1,8,0,110,3,0,0,0.16,0.0680885,0.971174,2.02073,0
4764,59,36,12,110,1,36,0,110,0,1,0,0.16,0,1,1.99582,0
4765,8,8,1,110,1,8,0,110,2,4,0,0.16,0.0748377,0.969133,1.4113,0
4766,45,36,23,110,1,36,0,110,0,1,0,0.16,0,1,1.33384,0
4767,28,28,18,112,1,28,0,110,2,2,0,0.16,0.0629396,0.973869,1.83227,0
4768,63,36,9,110,1,36,0,110,0,1,0,0.16,0,1,1.93656,0
4769,21,21,11,109,1,21,0,110,1,1,0,0.16,0.071708,0.968993,1.37463,0
4770,22,22,7,110,1,22,0,110,1,0,0,0.16,0.0687503,0.970464,1.58658,0
4771,12,12,10,110,1,12,0,110,1,3,0,0.16,0.056709,0.974517,1.51587,0
4772,23,23,3,110,1,23,0,110,0,0,0,0.16,0.0500014,0.97647,1.23254,0
4773,47,36,2,109,1,36,0,110,2,1,0,0.16,0,1,1.39879,0
4774,13,13,5,109,1,13,0,110,1,2,0,0.16,0.0696285,0.967831,1.69986,0
4775,9,9,7,110,1,9,0,110,0,1,0,0.16,0.0461249,0.977081,1.6431,0
4776,44,36,2,110,1,36,0,110,0,1,0,0.16,0,1,1.36609,0
4777,80,36,20,110,1,36,0,110,0,1,0,0.16,0,1,1.5486,0
4778,36,36,18,110,1,36,0,110,4,2,0,0.16,0.0840902,0.969252,1.55368,0
4779,18,18,12,110,1,18,0,110,1,2,0,0.16,0.0713123,0.968175,1.38077,0
4780,5,5,1,113,1,5,0,110,5,6,0,0.176991,0.106195,0.959848,1.90756,0
4781,27,27,18,107,1,27,0,110,3,0,0,0.16,0.0689759,0.973368,1.24148,0
4782,49,36,8,109,1,36,0,110,1,1,0,0.16,0,1,1.37011,0
4783,31,31,28,110,1,31,0,110,0,2,0,0.16,0.0546529,0.97393,1.7627,0
4784,11,11,1,109,1,11,0,110,1,3,0,0.16,0.058701,0.973604,1.41487,0
4785,17,17,15,110,1,17,0,110,0,3,0,0.170025,0.0628458,0.968702,1.5117,0
4786,101,36,6,110,1,36,0,110,0,1,0,0.16,0,1,1.84713,0
4787,33,33,7,110,1,33,0,110,0,0,0,0.16,0.0582989,0.972902,1.30613,0
4788,37,36,13,110,1,36,0,110,0,0,0,0.16,0.0530627,0.974156,1.55517,0
4789,15,15,11,106,1,15,0,110,5,2,0,0.16,0.0787491,0.961637,4.56893,1
4790,39,36,21,110,1,36,0,110,0,0,0,0.16,0.0490295,0.976669,1.16657,0
4791,7,7,4,108,1,7,0,110,3,6,0,0.16,0.0705803,0.970662,1.72796,0
4792,47,36,0,111,1,36,0,110,1,1,0,0.16,0,1,1.73041,0
4793,35,35,12,110,1,35,0,110,2,0,0,0.16,0.0815541,0.967988,1.03156,0
4794,39,36,20,110,1,36,0,110,0,0,0,0.16,0.0502568,0.976166,1.48346,0
4795,9,9,8,109,1,9,0,110,1,1,0,0.16,0.0507568,0.974342,1.44277,0
4796,20,20,6,110,1,20,0,110,0,2,0,0.16,0.0609649,0.969999,1.43329,0
4797,11,11,6,109,1,11,0,110,2,4,0,0.16,0.0743759,0.967796,4.60561,1
4798,19,19,9,109,1,19,0,110,2,0,0,0.16,0.0569947,0.975101,1.93668,0
4799,33,33,22,106,1,33,0,110,4,1,0,0.16,0.0773413,0.968613,1.75854,0
4800,21,21,19,110,1,21,0,110,0,0,0,0.16,0.0523872,0.974659,1.19688,0
4801,7,7,5,110,1,7,0,110,2,4,0,0.16,0.056819,0.973768,1.46374,0
4802,10,10,7,111,1,10,0,110,3,2,0,0.16,0.0583987,0.974625,1.36822,0
4803,14,14,1,111,1,14,0,110,1,2,0,0.16,0.0551694,0.978026,1.51535,0
4804,39,36,14,110,1,36,0,110,0,0,0,0.16,0.0572711,0.97315,1.31802,0
4805,11,11,4,110,1,11,0,110,2,3,0,0.16,0.0709653,0.968905,1.9723,0
4806,31,30,16,110,1,30,0,110,1,3,1,0.16,0.0920114,0.962051,2.88609,1
4807,98,36,2,109,1,36,0,110,2,1,0,0.16,0,1,1.57981,0
4808,19,19,5,110,1,19,0,110,2,2,0,0.16,0.0654875,0.969373,1.44156,0
4809,11,11,6,112,1,11,0,110,2,3,0,0.160714,0.0801578,0.968651,1.3378,0
4810,9,9,5,109,1,9,0,110,2,2,0,0.170976,0.0823742,0.96014,4.82034,1
4811,24,24,10,110,1,24,0,110,0,2,0,0.16,0.0621575,0.970661,1.58938,0
4812,18,18,3,108,1,18,0,110,2,2,0,0.16,0.0700555,0.968104,1.93213,0
4813,34,34,6,108,1,34,0,110,2,0,0,0.16,0.0673979,0.970641,1.48222,0
4814,11,11,3,109,1,11,0,110,1,0,0,0.16,0.04406,0.979003,1.38156,0
4815,23,23,8,111,1,23,0,110,1,1,0,0.16,0.0664262,0.972778,1.98384,0
4816,20,20,14,111,1,20,0,110,2,2,0,0.16,0.0659546,0.971389,1.46031,0
4817,23,23,14,110,1,23,0,110,0,1,0,0.16,0.0515212,0.976075,1.84464,0
4818,23,23,0,109,1,23,0,110,1,4,0,0.16,0.0666712,0.966926,2.03429,0
4819,25,25,11,110,1,25,0,110,0,2,0,0.16,0.0479361,0.977447,1.53616,0
4820,15,15,3,108,1,15,0,110,3,0,0,0.171302,0.0830468,0.963877,1.3056,0
4821,7,7,5,110,1,7,0,110,1,4,0,0.16,0.0453375,0.980233,1.8712,0
4822,111,36,15,109,1,36,0,110,3,1,0,0.16,0,1,1.2935,0
4823,18,18,10,109,1,18,0,110,2,1,0,0.16,0.069973,0.970425,1.24626,0
4824,18,18,3,110,1,18,0,110,0,0,0,0.16,0.0608407,0.971694,1.28917,0
4825,48,36,41,111,1,36,0,110,6,1,1,0.16,0,1,1.60859,0
4826,21,21,4,110,1,21,0,110,1,1,0,0.160689,0.0684132,0.972073,1.4526,0
4827,27,27,6,109,1,27,0,110,2,0,0,0.16,0.0603962,0.969792,4.46654,1
4828,95,36,30,110,1,36,0,110,0,1,0,0.16,0,1,1.38636,0
4829,55,36,0,110,1,36,0,110,1,1,0,0.16,0,1,3.89404,1
4830,65,36,46,110,1,36,0,110,0,1,0,0.16,0,1,1.58844,0
4831,38,36,8,110,1,36,0,110,0,1,0,0.16,0.0441198,0.97868,1.91994,0
4832,22,22,4,110,1,22,0,110,0,1,0,0.16,0.0534906,0.974784,1.6721,0
4833,55,36,31,110,1,36,0,110,0,1,0,0.16,0,1,2.07519,0
4834,13,13,3,109,1,13,0,110,3,4,0,0.16,0.0818631,0.969241,1.43557,0
4835,26,26,22,110,1,26,0,110,0,0,0,0.16,0.0498535,0.976225,1.21563,0
4836,27,27,26,111,1,27,0,110,1,3,0,0.16,0.0654178,0.97183,1.34929,0
4837,41,36,17,110,1,36,0,110,0,1,0,0.16,0,1,1.77876,0
4838,12,12,10,109,1,12,0,110,1,0,0,0.16,0.0640312,0.971619,1.70821,0
4839,6,6,2,111,1,6,0,110,5,6,0,0.227218,0.0805608,0.968172,1.57608,0
4840,11,11,7,110,1,11,0,110,2,3,0,0.16,0.0667666,0.968499,3.57625,1
4841,46,36,25,106,1,36,0,110,4,1,0,0.16,0,1,1.48538,0
4842,22,22,17,110,1,22,0,110,0,2,0,0.16,0.0442825,0.978894,1.94384,0
4843,56,36,17,110,1,36,0,110,0,1,0,0.16,0,1,1.86306,0
4844,10,10,7,107,1,10,0,110,3,2,0,0.16,0.0554438,0.971827,1.29649,0
4845,3,3,0,111,1,3,0,110,2,9,0,1,0.0448305,0.975208,4.73283,1
4846,32,32,14,109,1,32,0,110,2,0,0,0.16,0.0709429,0.97009,1.1975,0
4847,70,36,2,110,1,36,0,110,0,1,0,0.16,0,1,1.13341,0
4848,8,8,0,110,1,8,0,110,4,4,0,0.16,0.0733962,0.970261,1.28966,0
4849,25,25,5,110,1,25,0,110,3,1,0,0.16,0.0725551,0.973646,1.88375,0
4850,30,30,18,110,1,30,0,110,1,2,0,0.16,0.061593,0.972154,1.30225,0
4851,23,23,5,109,1,23,0,110,3,2,0,0.16,0.0826473,0.968116,1.62842,0
4852,58,36,52,109,1,36,0,110,1,1,0,0.16,0,1,1.34258,0
4853,16,16,0,110,1,16,0,110,0,1,0,0.16,0.0459514,0.97749,1.81267,0
4854,36,36,17,110,1,36,0,110,0,1,0,0.16,0.0631439,0.970008,1.49666,0
4855,27,27,9,111,1,27,0,110,1,1,0,0.16,0.0588231,0.974818,1.29342,0
4856,39,36,23,110,1,36,0,110,0,2,0,0.16,0.0619697,0.970385,1.66033,0
4857,69,36,65,110,1,36,0,110,0,1,0,0.16,0,1,1.81302,0
4858,12,12,7,109,1,12,0,110,2,2,0,0.17286,0.0729952,0.967817,1.99768,0
4859,16,16,11,108,1,16,0,110,2,0,0,0.16,0.0593154,0.978801,1.87899,0
4860,53,36,42,109,1,36,0,110,1,1,0,0.16,0,1,1.86013,0
4861,20,20,0,108,1,20,0,110,3,2,0,0.16,0.066973,0.96991,1.71377,0
4862,15,15,5,108,1,15,0,110,2,0,0,0.16,0.0633039,0.972169,1.41939,0
4863,61,36,33,110,1,36,0,110,0,1,0,0.16,0,1,1.17971,0
4864,28,28,7,110,1,28,0,110,0,0,0,0.16,0.0562772,0.973561,1.09528,0
4865,27,27,25,112,1,27,0,110,2,2,0,0.16,0.0789612,0.970435,1.50612,0
4866,30,30,20,109,1,30,0,110,1,1,0,0.16,0.0617504,0.9719,1.27874,0
4867,9,9,4,111,1,9,0,110,2,2,0,0.16,0.0625639,0.974793,2.06954,0
4868,12,12,10,110,1,12,0,110,2,0,0,0.16,0.072331,0.97112,1.35863,0
4869,53,36,9,110,1,36,0,110,0,1,0,0.16,0,1,1.45443,0
4870,21,21,18,112,1,21,0,110,2,2,0,0.16,0.063197,0.974053,1.75657,0
4871,41,36,3,109,1,36,0,110,1,1,0,0.16,0,1,1.65469,0
4872,14,14,11,110,1,14,0,110,0,2,0,0.16,0.0510579,0.976536,1.61101,0
4873,12,12,6,110,1,12,0,110,1,0,0,0.16,0.0616488,0.974884,1.32297,0
4874,49,36,13,111,1,36,0,110,0,1,0,0.16,0,1,2.13712,1
4875,25,25,0,109,1,25,0,110,1,0,0,0.16,0.0692121,0.970116,1.51677,0
4876,20,20,18,108,1,20,0,110,4,2,0,0.16,0.0895,0.960924,1.61153,0
4877,9,9,1,109,1,9,0,110,0,3,0,0.16,0.0592843,0.972309,3.16515,1
4878,22,22,2,109,1,22,0,110,2,2,0,0.16,0.0707508,0.968536,1.44623,0
4879,16,16,0,111,1,16,0,110,1,3,0,0.16,0.0762429,0.963955,1.95206,0
4880,77,36,11,111,1,36,0,110,1,1,0,0.16,0,1,1.05689,0
4881,24,24,8,109,1,24,0,110,1,0,0,0.16,0.0580133,0.97515,1.58484,0
4882,15,15,4,109,1,15,0,110,2,1,0,0.16,0.0392774,0.977597,4.30882,1
4883,31,31,17,109,1,31,0,110,1,1,0,0.16,0.0538099,0.97428,1.53751,0
4884,21,21,8,110,1,21,0,110,0,1,0,0.16,0.0367344,0.981985,1.51185,0
4885,4,4,0,110,1,4,0,110,2,3,0,1,0.0708779,0.974457,4.03211,1
4886,11,11,2,106,1,11,0,110,4,0,0,0.16,0.060144,0.969881,1.79087,0
4887,7,7,4,108,1,7,0,110,2,6,0,0.16,0.0665728,0.968029,4.3862,1
4888,12,12,3,109,1,12,0,110,1,0,0,0.16,0.0695687,0.967815,1.88868,0
4889,17,17,3,109,1,17,0,110,1,2,0,0.16,0.0607011,0.973518,1.88594,0
4890,22,22,17,113,1,22,0,110,3,3,0,0.16,0.0819196,0.97024,1.69104,0
4891,78,36,40,110,1,36,0,110,0,1,0,0.16,0,1,1.66688,0
4892,57,36,29,110,1,36,0,110,0,1,0,0.16,0,1,1.90955,0
4893,14,14,1,109,1,14,0,110,1,1,0,0.16,0.0555665,0.974365,1.92902,0
4894,15,15,8,108,1,15,0,110,2,1,0,0.16,0.0701074,0.970021,1.89147,0
4895,4,4,3,111,1,4,0,110,1,1,0,1,0.0495495,0.978048,3.14908,1
4896,34,34,12,108,1,34,0,110,3,2,0,0.16,0.069246,0.970912,1.7405,0
4897,13,13,0,109,1,13,0,110,1,0,0,0.16,0.0668596,0.969586,1.3214,0
4898,34,34,24,111,1,34,0,110,1,2,0,0.16,0.0718464,0.968264,2.06626,0
4899,40,36,0,108,1,36,0,110,2,1,0,0.16,0,1,1.22462,0
4900,51,36,0,108,1,36,0,110,2,1,0,0.16,0,1,1.74249,0
4901,21,21,9,110,1,21,0,110,1,1,0,0.16,0.0632568,0.972076,1.65626,0
4902,9,9,1,110,1,9,0,110,0,1,0,0.16,0.0504238,0.975574,1.51323,0
4903,35,35,2,110,1,35,0,110,0,2,0,0.16,0.0511137,0.976004,1.59637,0
4904,22,22,2,110,1,22,0,110,0,1,0,0.16,0.055384,0.972931,1.81708,0
4905,16,16,14,110,1,16,0,110,0,2,0,0.16,0.0770991,0.96957,2.22845,1
4906,34,34,12,110,1,34,0,110,1,1,0,0.16,0.064412,0.9733,1.91798,0
4907,36,36,7,110,1,36,0,110,0,0,0,0.16,0.0511005,0.976165,1.34376,0
4908,32,32,20,108,1,32,0,110,2,0,0,0.16,0.0709039,0.973558,1.60824,0
4909,19,19,15,110,1,19,0,110,2,2,0,0.16,0.0776636,0.96485,1.23272,0
4910,17,17,16,110,1,17,0,110,2,1,0,0.16,0.0645757,0.971095,1.32124,0
4911,37,36,26,111,1,36,0,110,1,1,0,0.16,0.0569747,0.976006,1.34172,0
4912,16,16,4,110,1,16,0,110,0,1,0,0.16,0.0422888,0.979185,1.90195,0
4913,14,14,9,111,1,14,0,110,2,2,0,0.162162,0.0751529,0.97194,1.25314,0
4914,23,23,15,110,1,23,0,110,0,1,0,0.16,0.0546049,0.973914,1.51553,0
4915,11,11,4,110,1,11,0,110,2,1,0,0.16,0.0599203,0.976713,1.63017,0
4916,10,10,0,111,1,10,0,110,1,3,0,0.16,0.0612613,0.974178,1.38512,0
4917,19,19,4,109,1,19,0,110,1,2,0,0.16,0.0658484,0.969096,1.48498,0
4918,30,30,21,110,1,30,0,110,0,0,0,0.16,0.0549638,0.973512,1.35832,0
4919,34,34,1,110,1,34,0,110,0,0,0,0.16,0.0486346,0.976361,1.56663,0
4920,12,12,0,108,1,12,0,110,3,1,0,0.194444,0.0750266,0.967139,1.75369,0
4921,7,7,1,109,1,7,0,110,1,10,0,0.16,0.0611532,0.968314,1.60718,0
4922,7,7,0,107,1,7,0,110,2,6,0,0.174889,0.121017,0.955111,4.61599,1
4923,16,16,2,109,1,16,0,110,1,1,0,0.16,0.0627622,0.967867,1.41629,0
4924,23,23,4,109,1,23,0,110,3,2,0,0.16,0.0792335,0.96494,1.51257,0
4925,44,36,22,110,1,36,0,110,0,1,0,0.16,0,1,1.1115,0
4926,16,16,12,109,1,16,0,110,2,1,0,0.16,0.069092,0.971008,1.38984,0
4927,27,27,11,108,1,27,0,110,2,0,0,0.16,0.0680766,0.971394,1.26136,0
4928,41,36,21,109,1,36,0,110,1,1,0,0.16,0,1,1.8053,0
4929,23,23,0,109,1,23,0,110,1,2,0,0.16,0.0621983,0.97169,1.89972,0
4930,23,23,13,110,1,23,0,110,0,1,0,0.16,0.0665988,0.968799,2.08382,0
4931,44,36,37,110,1,36,0,110,2,1,0,0.16,0,1,1.37633,0
4932,28,28,26,110,1,28,0,110,0,2,0,0.16,0.0687513,0.967096,1.56356,0
4933,6,6,2,109,1,6,0,110,1,0,0,0.16,0.0255694,0.98661,1.83665,0
4934,10,10,6,106,1,10,0,110,4,6,0,0.203106,0.0984812,0.959361,2.04333,0
4935,38,36,37,109,1,36,0,110,1,1,0,0.16,0.0667804,0.968084,1.77568,0
4936,18,18,7,110,1,18,0,110,0,0,0,0.16,0.0474854,0.978229,1.40948,0
4937,11,11,4,110,1,11,0,110,0,0,0,0.16,0.0392719,0.981247,1.4857,0
4938,17,17,2,110,1,17,0,110,0,1,0,0.16,0.057439,0.973487,1.61888,0
4939,68,36,63,109,1,36,0,110,1,1,0,0.16,0,1,1.92957,0
4940,9,9,4,113,1,9,0,110,4,6,0,0.16,0.0766962,0.969362,1.79591,0
4941,78,36,44,110,1,36,0,110,0,1,0,0.16,0,1,1.26866,0
4942,66,36,58,110,1,36,0,110,0,1,0,0.16,0,1,1.64799,0
4943,42,36,3,109,1,36,0,110,1,1,0,0.16,0,1,1.28634,0
4944,25,25,5,109,1,25,0,110,1,0,0,0.16,0.0575722,0.97231,1.73286,0
4945,23,23,17,110,1,23,0,110,2,1,0,0.16,0.0603865,0.974305,1.30816,0
4946,31,31,18,109,1,31,0,110,3,2,0,0.16,0.0793674,0.967947,1.47722,0
4947,23,23,8,107,1,23,0,110,3,1,0,0.16,0.0788516,0.968941,1.93887,0
4948,10,10,8,109,1,10,0,110,3,2,0,0.16,0.0758519,0.96869,1.94001,0
4949,46,36,23,110,1,36,0,110,0,1,0,0.16,0,1,1.63442,0
4950,27,25,23,110,1,25,0,110,7,4,2,0.160503,0.113025,0.961156,1.71544,0
4951,17,17,12,109,1,17,0,110,1,1,0,0.16,0.0631172,0.972981,1.4807,0
4952,17,17,10,110,1,17,0,110,0,2,0,0.16,0.0544539,0.974025,1.27742,0
4953,15,15,14,111,1,15,0,110,2,3,0,0.16,0.0753894,0.96754,1.52495,0
4954,78,36,7,110,1,36,0,110,0,1,0,0.16,0,1,1.67763,0
4955,4,4,2,112,1,4,0,110,2,4,0,1,0.0736607,0.967132,4.67877,1
4956,21,21,16,110,1,21,0,110,1,0,0,0.16,0.055768,0.977675,1.77108,0
4957,59,36,15,110,1,36,0,110,0,1,0,0.16,0,1,1.1689,0
4958,32,32,2,110,1,32,0,110,0,1,0,0.16,0.0552184,0.973185,1.57696,0
4959,16,16,6,108,1,16,0,110,2,0,0,0.16,0.0740898,0.967862,2.00102,0
4960,21,21,11,109,1,21,0,110,5,2,0,0.16,0.0829289,0.97008,1.6327,0
4961,54,36,30,110,1,36,0,110,0,1,0,0.16,0,1,1.20803,0
4962,13,13,5,110,1,13,0,110,1,3,0,0.16,0.0600643,0.971607,1.41461,0
4963,9,9,7,111,1,9,0,110,1,4,0,0.16,0.044673,0.981266,1.60985,0
4964,87,36,5,109,1,36,0,110,1,1,0,0.16,0,1,1.31101,0
4965,49,36,18,110,1,36,0,110,0,1,0,0.16,0,1,1.78641,0
4966,24,24,17,110,1,24,0,110,0,0,0,0.16,0.0453337,0.978016,1.83554,0
4967,18,18,10,109,1,18,0,110,1,2,0,0.17464,0.068801,0.968902,1.91465,0
4968,5,5,4,107,1,5,0,110,1,5,0,0.16,0.0866998,0.962281,4.20773,1
4969,37,36,31,110,1,36,0,110,0,0,0,0.16,0.0426773,0.980064,1.34577,0
4970,55,36,21,109,1,36,0,110,1,1,0,0.16,0,1,1.5988,0
4971,48,36,28,110,1,36,0,110,0,1,0,0.16,0,1,1.52224,0
4972,18,18,0,109,1,18,0,110,1,0,0,0.16,0.0568503,0.975751,1.86815,0
4973,14,14,6,109,1,14,0,110,4,5,0,0.16,0.0825929,0.962625,1.93197,0
4974,23,23,15,110,1,23,0,110,0,1,0,0.16,0.0541611,0.974501,1.29873,0
4975,28,28,8,110,1,28,0,110,0,3,0,0.16,0.0606594,0.971136,1.72727,0
4976,15,15,1,112,1,15,0,110,2,2,0,0.16,0.0634863,0.974043,2.03717,0
4977,42,36,31,109,1,36,0,110,1,1,0,0.16,0,1,1.45184,0
4978,23,23,3,109,1,23,0,110,1,0,0,0.16,0.0564241,0.972683,1.65766,0
4979,39,36,18,111,1,36,0,110,1,2,0,0.16,0.0671053,0.971271,1.54012,0
4980,68,36,7,110,1,36,0,110,0,1,0,0.16,0,1,1.35505,0
4981,19,19,7,107,1,19,0,110,3,1,0,0.16,0.0681824,0.97415,1.57995,0
4982,29,29,9,110,1,29,0,110,0,0,0,0.16,0.0567146,0.973066,1.70894,0
4983,10,10,5,109,1,10,0,110,2,1,0,0.16,0.0764613,0.969137,1.81952,0
4984,101,36,90,110,1,36,0,110,2,1,0,0.16,0,1,1.60188,0
4985,19,19,11,110,1,19,0,110,0,0,0,0.16,0.0474235,0.977469,1.68389,0
4986,11,11,3,107,1,11,0,110,5,1,0,0.169782,0.0914374,0.965511,1.71851,0
4987,74,36,47,110,1,36,0,110,0,1,0,0.16,0,1,1.53765,0
4988,31,31,12,110,1,31,0,110,0,0,0,0.16,0.0379702,0.982393,2.04785,0
4989,29,29,2,109,1,29,0,110,1,2,0,0.16,0.0699574,0.968728,1.95426,0
4990,40,36,16,109,1,36,0,110,1,1,0,0.16,0,1,1.5029,0
4991,26,26,25,109,1,26,0,110,0,0,0,0.16,0.0733955,0.967228,2.27972,1
4992,8,8,1,109,1,8,0,110,1,2,0,0.207756,0.0684688,0.968282,1.48421,0
4993,30,30,14,110,1,30,0,110,0,0,0,0.16,0.0453058,0.978038,1.51741,0
4994,30,30,13,110,1,30,0,110,2,1,0,0.16,0.0759617,0.966875,1.64624,0
4995,19,19,8,108,1,19,0,110,2,1,0,0.16,0.0656811,0.966387,1.62081,0
4996,58,36,6,110,1,36,0,110,0,1,0,0.16,0,1,1.77084,0
4997,9,9,1,111,1,9,0,110,2,4,0,0.16,0.0630631,0.973304,2.0121,0
4998,79,36,31,110,1,36,0,110,1,1,0,0.16,0,1,1.70463,0
4999,65,36,16,110,1,36,0,110,0,1,0,0.16,0,1,1.23176,0
5000,36,36,19,110,1,36,0,110,0,0,0,0.16,0.0472798,0.977801,1.60225,0
5001,15,15,5,109,1,15,0,110,1,0,0,0.16,0.0619514,0.971206,1.57177,0
5002,16,16,10,109,1,16,0,110,1,2,0,0.201835,0.0690842,0.969297,1.67334,0
5003,36,36,8,110,1,36,0,110,1,0,0,0.16,0.0573673,0.976668,1.40281,0
5004,75,36,16,109,1,36,0,110,1,1,0,0.16,0,1,1.54664,0
5005,12,12,3,109,1,12,0,110,1,2,0,0.181861,0.0629665,0.970478,1.74458,0
5006,101,36,3,110,1,36,0,110,0,1,0,0.16,0,1,1.8011,0
5007,11,11,3,110,1,11,0,110,0,0,0,0.16,0.0607356,0.971375,1.50335,0
5008,21,21,3,110,1,21,0,110,0,0,0,0.16,0.049069,0.977459,1.4727,0
5009,115,36,71,110,1,36,0,110,0,1,0,0.16,0,1,1.19905,0
5010,25,25,22,111,1,25,0,110,1,1,0,0.16,0.0595728,0.974419,1.9037,0
5011,9,9,2,110,1,9,0,110,0,2,0,0.16,0.0645828,0.967538,1.41119,0
5012,41,36,36,110,1,36,0,110,5,1,0,0.16,0,1,1.82251,0
5013,21,21,14,108,1,21,0,110,2,0,0,0.16,0.0576241,0.978363,1.83016,0
5014,49,36,43,110,1,36,0,110,0,1,0,0.16,0,1,1.74281,0
5015,13,13,9,110,1,13,0,110,2,4,0,0.163636,0.0725824,0.96673,1.96561,0
5016,15,15,6,111,1,15,0,110,2,2,0,0.16,0.0698674,0.973216,1.71362,0
5017,52,36,38,110,1,36,0,110,0,1,2,0.16,0,1,1.49271,0
5018,18,18,1,111,1,18,0,110,1,3,0,0.16,0.0714121,0.969707,1.68858,0
5019,10,10,0,110,1,10,0,110,2,5,0,0.16,0.0757068,0.96761,1.84934,0
5020,24,24,14,109,1,24,0,110,1,0,0,0.16,0.0688753,0.965449,1.51012,0
5021,24,24,3,110,1,24,0,110,0,0,0,0.16,0.0589647,0.972359,1.5648,0
5022,11,10,10,110,1,10,0,110,2,4,1,0.16,0.0736206,0.969419,4.32265,1
5023,19,19,3,109,1,19,0,110,1,0,0,0.16,0.061271,0.973182,1.27833,0
5024,10,10,1,109,1,10,0,110,1,2,0,0.16,0.056196,0.975072,1.4837,0
5025,14,14,1,110,1,14,0,110,0,7,0,0.16,0.0680678,0.969752,1.21617,0
5026,13,13,11,110,1,13,0,110,1,2,0,0.16,0.0665597,0.971947,1.41612,0
5027,39,36,27,110,1,36,0,110,0,1,0,0.16,0.0559452,0.972647,1.37983,0
5028,20,20,14,110,1,20,0,110,0,1,0,0.16,0.0627767,0.971808,1.40888,0
5029,23,23,18,110,1,23,0,110,0,2,0,0.16,0.0607331,0.969979,1.66901,0
5030,39,36,1,111,1,36,0,110,1,1,0,0.16,0.0579647,0.976254,1.3641,0
5031,22,22,20,110,1,22,0,110,0,1,0,0.195302,0.0570916,0.97252,1.4082,0
5032,75,36,68,108,1,36,0,110,2,1,0,0.16,0,1,3.77292,1
5033,67,36,1,110,1,36,0,110,0,1,0,0.16,0,1,1.53319,0
5034,8,8,6,111,1,8,0,110,2,2,0,0.16,0.0672797,0.972203,1.23759,0
5035,70,36,14,110,1,36,0,110,0,1,0,0.16,0,1,1.40953,0
5036,26,26,14,110,1,26,0,110,0,2,0,0.16,0.0572561,0.973787,2.13185,1
5037,11,11,1,109,1,11,0,110,1,0,0,0.16,0.0610822,0.971112,1.92007,0
5038,40,36,8,111,1,36,0,110,1,1,0,0.16,0,1,1.46799,0
5039,15,15,9,111,1,15,0,110,1,2,0,0.16,0.0694194,0.970224,1.99974,0
5040,17,17,8,111,1,17,0,110,1,1,0,0.16,0.0606064,0.975307,1.58459,0
5041,15,15,11,108,1,15,0,110,2,0,0,0.16,0.0541141,0.975856,1.47176,0
5042,18,18,7,110,1,18,0,110,0,1,0,0.16,0.0507076,0.975716,1.516,0
5043,21,21,18,109,1,21,0,110,2,4,0,0.16,0.0788785,0.965735,1.38621,0
5044,37,36,22,112,1,36,0,110,2,2,0,0.16,0.0621414,0.977948,1.50066,0
5045,27,27,10,106,1,27,0,110,4,1,0,0.16,0.0781015,0.976073,1.36064,0
5046,50,36,10,110,1,36,0,110,0,1,0,0.16,0,1,2.25433,1
5047,26,26,5,110,1,26,0,110,2,1,0,0.16,0.0598505,0.974835,1.84699,0
5048,14,14,9,110,1,14,0,110,0,0,0,0.165969,0.0579115,0.97266,1.57772,0
5049,21,21,9,110,1,21,0,110,0,0,0,0.16,0.0511676,0.975093,1.61829,0
5050,39,36,19,110,1,36,0,110,0,0,0,0.16,0.0500775,0.975915,1.52733,0
5051,28,28,13,111,1,28,0,110,1,1,0,0.162162,0.066672,0.971073,1.62876,0
5052,22,22,15,110,1,22,0,110,0,0,0,0.16,0.0537736,0.974986,1.7829,0
5053,25,25,18,110,1,25,0,110,0,1,0,0.16,0.0533248,0.974914,1.41378,0
5054,64,36,21,110,1,36,0,110,0,1,0,0.16,0,1,1.5379,0
5055,51,36,11,109,1,36,0,110,1,1,0,0.16,0,1,1.61372,0
5056,10,10,1,106,1,10,0,110,1,7,0,0.174004,0.0995356,0.952322,4.51235,1
5057,9,9,2,110,1,9,0,110,1,3,0,0.16,0.0538946,0.974566,1.73827,0
5058,33,33,14,109,1,33,0,110,1,0,0,0.16,0.0547846,0.97653,1.4495,0
5059,22,22,21,106,1,22,0,110,4,0,0,0.16,0.0678352,0.973413,2.11379,0
5060,20,20,2,110,1,20,0,110,1,1,0,0.16,0.0673195,0.971133,1.19157,0
5061,7,7,6,108,1,7,0,110,1,9,0,0.16,0.0696989,0.964737,4.22483,1
5062,18,18,13,110,1,18,0,110,1,0,0,0.16,0.0632273,0.973455,1.42665,0
5063,16,16,6,112,1,16,0,110,2,4,0,0.16,0.0678027,0.975387,1.94742,0
5064,35,34,32,110,1,34,0,110,2,1,1,0.16,0.0699606,0.971704,1.54435,0
5065,43,36,29,110,1,36,0,110,0,1,0,0.16,0,1,1.89607,0
5066,9,9,0,111,1,9,0,110,2,6,0,0.162162,0.0810811,0.964835,4.30189,1
5067,25,25,10,108,1,25,0,110,2,1,0,0.16,0.0703737,0.966894,1.40509,0
5068,23,23,13,110,1,23,0,110,1,0,0,0.16,0.0530418,0.97824,1.84465,0
5069,14,14,1,110,1,14,0,110,3,3,0,0.16,0.0804638,0.96458,1.46135,0
5070,11,11,5,112,1,11,0,110,2,2,0,0.16,0.0607337,0.977536,1.9328,0
5071,18,18,7,110,1,18,0,110,0,0,0,0.16,0.0445695,0.978732,1.74078,0
5072,125,36,49,110,1,36,0,110,0,1,0,0.16,0,1,1.45728,0
5073,47,36,4,109,1,36,0,110,1,1,0,0.16,0,1,1.31815,0
5074,25,25,14,109,1,25,0,110,2,1,0,0.16,0.0751507,0.964458,1.8427,0
5075,27,27,5,109,1,27,0,110,1,1,0,0.16,0.0607873,0.970472,1.3747,0
5076,36,36,22,111,1,36,0,110,1,2,0,0.16,0.063388,0.972519,2.12429,0
5077,26,26,13,110,1,26,0,110,0,1,0,0.16,0.0581321,0.97257,1.62149,0
5078,28,28,26,110,1,28,0,110,0,0,0,0.16,0.0593141,0.972913,1.56288,0
5079,11,11,8,113,1,11,0,110,3,4,0,0.16,0.0683829,0.974531,1.51871,0
5080,84,36,13,109,1,36,0,110,3,1,0,0.16,0,1,1.45712,0
5081,19,19,8,110,1,19,0,110,0,1,0,0.16,0.0442086,0.979136,1.50435,0
5082,8,8,7,111,1,8,0,110,3,4,0,0.16,0.0717921,0.966607,1.5086,0
5083,38,36,3,110,1,36,0,110,0,1,0,0.16,0.0622365,0.97051,1.58039,0
5084,22,22,4,110,1,22,0,110,0,0,0,0.16,0.0621563,0.970669,1.91677,0
5085,13,13,0,109,1,13,0,110,1,2,0,0.16,0.0704338,0.965371,1.81642,0
5086,4,4,1,110,1,4,0,110,1,3,0,1,0.0612203,0.971078,4.43539,1
5087,77,36,16,110,1,36,0,110,0,1,0,0.16,0,1,1.46675,0
5088,26,26,18,110,1,26,0,110,0,0,0,0.16,0.0493831,0.976398,1.55747,0
5089,25,25,17,111,1,25,0,110,1,1,0,0.16,0.0685776,0.969578,1.66016,0
5090,38,36,24,110,1,36,0,110,1,0,0,0.16,0.0612844,0.973149,1.35798,0
5091,44,36,3,110,1,36,0,110,0,1,0,0.16,0,1,1.72401,0
5092,7,7,4,110,1,7,0,110,0,4,0,0.16,0.0556921,0.973771,1.49818,0
5093,36,36,7,109,1,36,0,110,4,1,0,0.16,0.0780373,0.972525,1.61279,0
5094,20,20,11,110,1,20,0,110,0,0,0,0.16,0.0576617,0.972712,1.53839,0
5095,13,13,8,111,1,13,0,110,1,3,0,0.16,0.0627732,0.974267,1.71981,0
5096,32,32,15,111,1,32,0,110,2,2,0,0.16,0.068523,0.97497,1.25268,0
5097,14,14,5,111,1,14,0,110,0,2,0,0.16,0.0648455,0.970986,2.25949,1
5098,6,6,4,111,1,6,0,110,2,6,0,0.16,0.0524855,0.978638,1.956,0
5099,55,36,49,109,1,36,0,110,1,1,1,0.16,0,1,1.51612,0
5100,16,16,7,109,1,16,0,110,1,1,0,0.168113,0.0737102,0.965584,1.77903,0
5101,8,8,4,110,1,8,0,110,3,2,0,0.16,0.0733741,0.971393,1.89165,0
5102,8,8,4,107,1,8,0,110,2,1,0,0.16,0.0596935,0.967107,4.106,1
5103,15,15,2,109,1,15,0,110,1,2,0,0.16,0.0665679,0.969077,1.6024,0
5104,14,14,2,110,1,14,0,110,0,1,0,0.16,0.0537213,0.973307,1.71803,0
5105,41,36,0,111,1,36,0,110,1,1,0,0.16,0,1,1.67648,0
5106,21,21,9,110,1,21,0,110,3,4,0,0.163636,0.0734416,0.965614,1.46874,0
5107,56,36,45,109,1,36,0,110,1,1,0,0.16,0,1,1.26568,0
5108,19,19,12,110,1,19,0,110,2,1,0,0.16,0.0760167,0.96366,1.66262,0
5109,33,33,5,110,1,33,0,110,2,4,0,0.16,0.0730555,0.967558,1.55496,0
5110,19,19,2,110,1,19,0,110,0,0,0,0.16,0.0447863,0.978899,1.78627,0
5111,10,10,5,107,1,10,0,110,6,5,0,0.16,0.10487,0.964849,1.95079,0
5112,32,32,26,111,1,32,0,110,1,1,0,0.16,0.0557735,0.97539,1.62527,0
5113,21,21,7,110,1,21,0,110,0,1,0,0.16,0.0571826,0.97272,1.23572,0
5114,96,36,62,110,1,36,0,110,0,1,0,0.16,0,1,1.60959,0
5115,58,36,55,110,1,36,0,110,0,1,0,0.16,0,1,1.2357,0
5116,11,11,9,110,1,11,0,110,4,4,0,0.174675,0.0873144,0.958633,1.61965,0
5117,22,22,19,107,1,22,0,110,3,1,0,0.16,0.0725522,0.966896,1.34677,0
5118,8,8,4,111,1,8,0,110,1,2,0,0.16,0.0630631,0.97277,1.5012,0
5119,29,29,19,108,1,29,0,110,2,0,0,0.16,0.0655673,0.969552,1.41588,0
5120,30,30,28,111,1,30,0,110,1,3,0,0.16,0.0636316,0.973002,1.43258,0
5121,55,36,33,111,1,36,0,110,1,1,0,0.16,0,1,1.34211,0
5122,25,25,18,110,1,25,0,110,2,1,0,0.16,0.0713012,0.969846,1.75052,0
5123,26,26,1,110,1,26,0,110,0,0,0,0.16,0.0548756,0.974138,1.34394,0
5124,27,27,4,110,1,27,0,110,0,1,0,0.16,0.0616937,0.971073,1.72908,0
5125,30,30,23,110,1,30,0,110,1,2,0,0.163636,0.0779628,0.966422,1.33017,0
5126,67,36,42,110,1,36,0,110,0,1,0,0.16,0,1,1.32235,0
5127,23,23,6,110,1,23,0,110,0,0,0,0.16,0.0535306,0.97411,1.35725,0
5128,34,34,12,110,1,34,0,110,0,1,0,0.16,0.0483846,0.977294,1.72613,0
5129,38,36,22,110,1,36,0,110,0,1,0,0.16,0.0534404,0.975034,0.974857,0
5130,14,14,6,108,1,14,0,110,3,1,0,0.16,0.0735515,0.969196,1.921,0
5131,23,23,6,109,1,23,0,110,1,0,0,0.16,0.0491379,0.974072,1.78671,0
5132,68,36,0,110,1,36,0,110,0,1,0,0.16,0,1,2.43068,1
5133,17,17,11,110,1,17,0,110,0,4,0,0.16,0.0596694,0.971893,1.39288,0
5134,20,20,11,110,1,20,0,110,1,0,0,0.16,0.0594888,0.975202,1.83301,0
5135,26,26,0,110,1,26,0,110,0,1,0,0.16,0.0559251,0.973094,1.73073,0
5136,28,28,15,110,1,28,0,110,1,3,0,0.16,0.0588489,0.9734,1.81894,0
5137,20,20,19,111,1,20,0,110,2,3,0,0.16,0.0688791,0.970718,1.60939,0
5138,14,14,2,108,1,14,0,110,2,0,0,0.16,0.0628719,0.971167,1.45189,0
5139,2,2,1,108,1,2,0,110,13,9,0,1,0.0752212,0.96876,4.82344,1
5140,15,15,12,109,1,15,0,110,1,0,0,0.16,0.0617932,0.969381,4.15753,1
5141,25,25,8,109,1,25,0,110,1,0,0,0.16,0.064416,0.971211,1.87947,0
5142,9,9,4,109,1,9,0,110,1,1,0,0.16,0.059802,0.971801,1.53839,0
5143,46,36,23,110,1,36,0,110,0,1,0,0.16,0,1,1.89781,0
5144,28,28,7,106,1,28,0,110,4,1,0,0.16,0.0750006,0.97257,1.56282,0
5145,28,28,18,108,1,28,0,110,2,0,0,0.161161,0.0685082,0.9683,1.20071,0
5146,28,28,9,110,1,28,0,110,0,2,0,0.16,0.0567687,0.97243,1.65031,0
5147,35,35,14,108,1,35,0,110,0,3,0,0.165989,0.0974615,0.968186,2.25388,1
5148,13,13,7,110,1,13,0,110,1,2,0,0.16,0.0619101,0.975079,1.68283,0
5149,21,21,20,110,1,21,0,110,1,4,0,0.16,0.0755593,0.966474,1.36407,0
5150,7,7,0,109,1,7,0,110,1,2,0,0.16,0.0482822,0.976141,1.31627,0
5151,13,13,4,109,1,13,0,110,2,0,0,0.16,0.0735184,0.969586,1.45532,0
5152,19,19,6,110,1,19,0,110,1,1,0,0.16,0.0590773,0.975327,1.71834,0
5153,32,32,29,110,1,32,0,110,0,2,0,0.16,0.0503936,0.976581,1.66083,0
5154,31,31,27,107,1,31,0,110,2,2,0,0.16,0.0766007,0.96825,3.27698,1
5155,20,20,12,110,1,20,0,110,0,4,0,0.16,0.0577698,0.972261,1.66995,0
5156,69,36,26,108,1,36,0,110,2,1,0,0.16,0,1,3.37268,1
5157,23,23,22,109,1,23,0,110,1,0,0,0.16,0.0513904,0.97864,1.8537,0
5158,25,25,13,110,1,25,0,110,0,1,0,0.16,0.0544412,0.974549,1.68024,0
5159,28,28,3,110,1,28,0,110,0,0,0,0.16,0.0600526,0.972266,1.43082,0
5160,26,26,3,110,1,26,0,110,0,0,0,0.16,0.0504044,0.975876,1.85154,0
5161,38,36,24,109,1,36,0,110,3,1,0,0.16,0.0781525,0.970874,1.56121,0
5162,39,36,9,107,1,36,0,110,2,0,0,0.16,0.0725645,0.964133,4.9673,1
5163,39,36,14,110,1,36,0,110,0,1,0,0.16,0.0598329,0.971515,1.57358,0
5164,27,27,26,110,1,27,0,110,0,0,0,0.16,0.0527366,0.975431,1.62616,0
5165,19,19,2,111,1,19,0,110,1,3,0,0.177284,0.0685867,0.970591,1.5526,0
5166,37,36,7,110,1,36,0,110,0,1,0,0.16,0.054985,0.973904,1.30239,0
5167,29,29,13,110,1,29,0,110,0,0,0,0.16,0.0435864,0.979775,1.60952,0
5168,34,34,9,107,1,34,0,110,2,0,0,0.16,0.0772158,0.964075,3.23464,1
5169,16,16,4,110,1,16,0,110,0,0,0,0.16,0.0495476,0.976642,1.52799,0
5170,8,8,4,109,1,8,0,110,1,1,0,0.216216,0.0618201,0.973984,1.95622,0
5171,26,26,15,110,1,26,0,110,0,0,0,0.16,0.0482714,0.97727,1.25563,0
5172,14,14,11,110,1,14,0,110,0,4,0,0.16,0.0720779,0.964907,2.99183,1
5173,6,6,3,108,1,6,0,110,2,5,0,0.16,0.0709877,0.967311,2.03016,0
5174,60,36,11,110,1,36,0,110,0,1,0,0.16,0,1,1.69473,0
5175,15,15,3,111,1,15,0,110,1,1,0,0.16,0.0526022,0.976803,1.65606,0
5176,13,13,8,111,1,13,0,110,1,3,0,0.16,0.0625872,0.974267,1.7412,0
5177,60,36,10,110,1,36,0,110,0,1,0,0.16,0,1,1.59637,0
5178,17,17,9,111,1,17,0,110,1,1,0,0.16,0.0442669,0.982955,1.84525,0
5179,22,22,14,110,1,22,0,110,0,2,0,0.16,0.0551666,0.973551,1.82412,0
5180,19,19,4,109,1,19,0,110,1,0,0,0.16,0.0488037,0.976787,1.54919,0
5181,37,36,0,112,1,36,0,110,2,2,0,0.16,0.0767755,0.970046,1.80316,0
5182,16,16,8,110,1,16,0,110,0,0,0,0.16,0.0412235,0.980319,1.8465,0
5183,10,10,3,110,1,10,0,110,0,3,0,0.172727,0.0655692,0.971228,3.47244,1
5184,28,28,13,110,1,28,0,110,0,0,0,0.16,0.0575214,0.972913,1.63698,0
5185,37,36,6,110,1,36,0,110,0,0,0,0.16,0.0455617,0.978302,1.8763,0
5186,10,10,2,109,1,10,0,110,1,4,0,0.16,0.0502621,0.977818,1.95386,0
5187,28,28,18,110,1,28,0,110,1,0,0,0.16,0.0685958,0.971135,1.99214,0
5188,52,36,17,110,1,36,0,110,0,1,0,0.16,0,1,1.41821,0
5189,46,36,10,110,1,36,0,110,0,1,0,0.16,0,1,1.6231,0
5190,9,9,6,110,1,9,0,110,0,2,0,0.16,0.0450074,0.978081,1.45798,0
5191,38,36,19,111,1,36,0,110,1,2,0,0.16,0.0622455,0.973515,1.75602,0
5192,52,36,44,110,1,36,0,110,0,1,0,0.16,0,1,1.54765,0
5193,20,20,12,109,1,20,0,110,1,0,0,0.16,0.0628965,0.970866,1.66907,0
5194,33,33,9,109,1,33,0,110,1,0,0,0.16,0.063136,0.972655,1.3609,0
5195,28,28,11,108,1,28,0,110,2,0,0,0.16,0.073559,0.969615,1.53039,0
5196,15,15,8,110,1,15,0,110,0,0,0,0.16,0.060395,0.97026,1.62758,0
5197,77,36,17,110,1,36,0,110,0,1,0,0.16,0,1,1.62229,0
5198,25,25,18,109,1,25,0,110,1,1,0,0.16,0.0645857,0.970849,1.52475,0
5199,19,19,11,110,1,19,0,110,0,0,0,0.16,0.0477914,0.97866,1.4793,0
5200,26,26,7,108,1,26,0,110,2,2,0,0.16,0.063551,0.975791,1.40236,0
5201,24,24,13,107,1,24,0,110,3,0,0,0.171311,0.0786525,0.961124,1.34708,0
5202,48,36,35,110,1,36,0,110,0,1,0,0.16,0,1,1.2758,0
5203,28,28,21,108,1,28,0,110,3,1,0,0.16,0.07306,0.967808,1.77409,0
5204,30,30,10,109,1,30,0,110,2,0,0,0.16,0.0655652,0.975402,1.45994,0
5205,20,20,5,110,1,20,0,110,0,1,0,0.163636,0.0589194,0.971359,1.67668,0
5206,19,19,7,108,1,19,0,110,4,2,0,0.16,0.0934294,0.96493,1.79741,0
5207,23,23,0,108,1,23,0,110,2,0,0,0.16,0.0728216,0.964215,4.17289,1
5208,37,36,27,110,1,36,0,110,0,0,0,0.16,0.0503542,0.975539,1.9463,0
5209,26,26,1,109,1,26,0,110,1,0,0,0.16,0.0577161,0.972494,1.84874,0
5210,30,30,6,110,1,30,0,110,1,1,0,0.16,0.0681653,0.969289,1.13651,0
5211,16,16,2,110,1,16,0,110,0,0,0,0.16,0.0515688,0.974665,2.14956,1
5212,35,35,3,109,1,35,0,110,3,3,0,0.160688,0.0807524,0.971478,1.60778,0
5213,20,20,7,109,1,20,0,110,1,4,0,0.174312,0.0835187,0.962191,4.40325,1
5214,31,31,16,110,1,31,0,110,0,0,0,0.16,0.0520718,0.975824,1.37081,0
5215,27,27,3,111,1,27,0,110,1,4,0,0.16,0.0758688,0.968177,1.33434,0
5216,24,24,18,109,1,24,0,110,1,0,0,0.16,0.0655535,0.968113,1.45329,0
5217,23,23,5,110,1,23,0,110,3,3,0,0.163636,0.0823657,0.965058,1.40075,0
5218,25,25,3,110,1,25,0,110,0,1,0,0.16,0.0504744,0.975997,1.89662,0
5219,31,31,17,110,1,31,0,110,4,2,0,0.16,0.0875843,0.966339,1.39158,0
5220,26,26,13,111,1,26,0,110,3,2,0,0.16,0.0722439,0.973851,1.77607,0
5221,29,29,15,109,1,29,0,110,1,1,0,0.16,0.0496627,0.97534,2.12092,0
5222,34,34,7,111,1,34,0,110,1,1,0,0.16,0.0611658,0.9742,1.88842,0
5223,8,8,6,108,1,8,0,110,2,4,0,0.16,0.0729167,0.963962,1.35362,0
5224,17,17,10,110,1,17,0,110,0,1,0,0.16,0.0554082,0.97482,1.44032,0
5225,19,19,3,110,1,19,0,110,0,1,0,0.16,0.0570082,0.97366,1.58881,0
5226,12,12,1,108,1,12,0,110,3,2,0,0.16,0.0771036,0.962909,1.79919,0
5227,27,27,23,110,1,27,0,110,1,0,0,0.16,0.0729908,0.96839,1.55791,0
5228,22,22,18,111,1,22,0,110,1,2,0,0.164793,0.0775945,0.966242,1.67337,0
5229,23,23,20,110,1,23,0,110,0,0,0,0.16,0.0512037,0.976074,1.58504,0
5230,21,21,13,110,1,21,0,110,1,1,0,0.16,0.0601615,0.973587,1.34535,0
5231,11,11,1,110,1,11,0,110,2,2,0,0.16,0.0677171,0.973431,1.53275,0
5232,22,22,11,109,1,22,0,110,1,0,0,0.16,0.0570516,0.976003,1.63508,0
5233,36,36,1,110,1,36,0,110,0,0,0,0.16,0.0440423,0.979433,1.3971,0
5234,19,19,8,111,1,19,0,110,1,1,0,0.16,0.0524807,0.9772,1.45853,0
5235,44,36,18,109,1,36,0,110,1,1,0,0.16,0,1,1.34872,0
5236,21,21,1,110,1,21,0,110,0,0,0,0.16,0.0493778,0.977461,1.64351,0
5237,75,36,65,109,1,36,0,110,2,1,1,0.16,0,1,1.33857,0
5238,27,27,18,109,1,27,0,110,1,3,0,0.16,0.0702467,0.967091,1.21321,0
5239,28,28,12,109,1,28,0,110,1,1,0,0.162401,0.0692562,0.967446,1.38078,0
5240,48,36,26,110,1,36,0,110,0,1,1,0.16,0,1,1.64752,0
5241,19,19,2,106,1,19,0,110,4,1,0,0.16,0.0825589,0.967482,1.60186,0
5242,28,28,0,111,1,28,0,110,2,4,0,0.162162,0.074916,0.965949,3.96255,1
5243,10,10,5,110,1,10,0,110,3,3,0,0.16,0.0716544,0.971686,1.49494,0
5244,14,14,7,109,1,14,0,110,2,1,0,0.16,0.0528024,0.970779,3.20075,1
5245,30,30,26,108,1,30,0,110,2,0,0,0.16,0.0777572,0.965499,3.61697,1
5246,19,19,8,110,1,19,0,110,0,2,0,0.16,0.0497673,0.976517,1.31752,0
5247,7,7,1,110,1,7,0,110,5,10,0,0.161563,0.0901611,0.966011,1.74509,0
5248,18,18,13,108,1,18,0,110,0,1,0,0.16,0.0608809,0.968872,2.47181,1
5249,46,36,11,110,1,36,0,110,1,1,0,0.16,0,1,1.59551,0
5250,61,36,6,110,1,36,0,110,0,1,0,0.16,0,1,1.1732,0
5251,38,36,31,109,1,36,0,110,1,0,0,0.16,0.0660645,0.968593,1.54515,0
5252,15,15,13,111,1,15,0,110,2,2,0,0.16,0.081379,0.966341,1.92535,0
5253,10,10,2,109,1,10,0,110,1,1,0,0.16,0.0737835,0.965032,1.64342,0
5254,28,28,20,110,1,28,0,110,0,1,0,0.16,0.0587673,0.972104,1.35162,0
5255,50,36,49,110,1,36,0,110,0,1,0,0.16,0,1,1.71339,0
5256,18,18,9,109,1,18,0,110,1,1,0,0.16,0.057757,0.973975,1.09593,0
5257,29,28,23,111,1,28,0,110,1,2,1,0.16,0.0623548,0.972996,1.74701,0
5258,60,36,19,110,1,36,0,110,0,1,0,0.16,0,1,1.16757,0
5259,24,24,5,110,1,24,0,110,0,0,0,0.16,0.0387858,0.981033,1.39542,0
5260,10,10,8,109,1,10,0,110,1,1,0,0.16,0.0506286,0.979186,1.61157,0
5261,14,14,5,110,1,14,0,110,1,1,0,0.16,0.0697813,0.969105,3.31498,1
5262,17,17,6,110,1,17,0,110,0,1,0,0.16,0.0539374,0.973755,1.61005,0
5263,17,17,5,110,1,17,0,110,0,0,0,0.16,0.0605507,0.971361,1.80838,0
5264,17,17,16,110,1,17,0,110,0,1,0,0.167589,0.071166,0.967368,2.02643,0
5265,25,25,4,110,1,25,0,110,0,1,0,0.171171,0.0530756,0.974006,1.28751,0
5266,29,29,2,110,1,29,0,110,0,0,0,0.16,0.0544252,0.974626,1.47444,0
5267,23,23,11,111,1,23,0,110,1,1,0,0.16,0.0592608,0.975508,1.59835,0
5268,45,36,34,110,1,36,0,110,2,1,0,0.16,0,1,1.54566,0
5269,44,36,14,110,1,36,0,110,0,1,0,0.16,0,1,1.48652,0
5270,87,36,32,110,1,36,0,110,0,1,0,0.16,0,1,1.73704,0
5271,18,18,17,109,1,18,0,110,2,2,0,0.16,0.0741695,0.966871,1.85645,0
5272,39,36,8,110,1,36,0,110,0,1,0,0.16,0.045756,0.977799,1.523,0
5273,62,36,1,110,1,36,0,110,0,1,0,0.16,0,1,1.64259,0
5274,8,8,2,110,1,8,0,110,2,3,0,0.160559,0.0737513,0.971389,4.30198,1
5275,7,6,1,108,1,6,0,110,4,1,1,0.16,0.0805914,0.968068,2.05704,0
5276,9,9,3,109,1,9,0,110,2,2,0,0.16,0.08661,0.963177,4.48782,1
5277,13,13,7,110,1,13,0,110,0,2,0,0.16,0.0651406,0.968467,1.99346,0
5278,10,10,1,108,1,10,0,110,2,1,0,0.16,0.0548512,0.972542,4.03661,1
5279,51,36,18,110,1,36,0,110,2,1,0,0.16,0,1,1.62743,0
5280,44,36,15,110,1,36,0,110,4,1,0,0.16,0,1,1.43355,0
5281,22,22,11,110,1,22,0,110,4,2,0,0.16,0.0707856,0.976633,1.73015,0
5282,15,15,5,110,1,15,0,110,2,2,0,0.16,0.0723863,0.966639,1.42758,0
5283,11,10,7,112,1,10,0,110,2,8,1,0.16,0.0758929,0.967741,1.93146,0
5284,9,9,4,109,1,9,0,110,1,3,0,0.16,0.0727399,0.965713,1.75824,0
5285,7,7,4,109,1,7,0,110,4,6,0,0.16,0.0741684,0.972883,1.70384,0
5286,15,15,12,108,1,15,0,110,2,1,0,0.16,0.0556308,0.978005,1.89924,0
5287,18,18,10,110,1,18,0,110,1,1,0,0.16,0.0578292,0.973456,1.44623,0
5288,58,36,36,110,1,36,0,110,1,1,0,0.16,0,1,1.01346,0
5289,32,32,29,110,1,32,0,110,0,3,0,0.16,0.0727733,0.96541,1.62794,0
5290,10,10,1,110,1,10,0,110,0,4,0,0.16,0.0554058,0.973492,1.8071,0
5291,46,36,38,110,1,36,0,110,0,1,0,0.16,0,1,1.54063,0
5292,56,36,28,110,1,36,0,110,0,1,0,0.16,0,1,1.40443,0
5293,18,18,0,108,1,18,0,110,2,0,0,0.16,0.0544553,0.973223,1.9785,0
5294,20,20,13,109,1,20,0,110,1,1,0,0.162135,0.0744215,0.964479,1.62136,0
5295,21,21,0,110,1,21,0,110,2,3,0,0.16,0.0744765,0.967548,1.56465,0
5296,36,35,10,110,1,35,0,110,0,1,1,0.16,0.0543179,0.97316,1.13187,0
5297,17,17,1,108,1,17,0,110,3,2,0,0.16,0.0649145,0.969209,1.14166,0
5298,16,16,4,110,1,16,0,110,2,1,0,0.16,0.0753575,0.968158,1.57399,0
5299,29,29,12,110,1,29,0,110,0,0,0,0.16,0.0516375,0.975876,1.22253,0
5300,13,13,0,109,1,13,0,110,4,2,0,0.16,0.0658026,0.968534,4.30902,1
5301,46,36,9,110,1,36,0,110,0,1,0,0.16,0,1,1.33112,0
5302,19,19,9,110,1,19,0,110,0,0,0,0.16,0.0689956,0.966757,1.90392,0
5303,21,21,1,110,1,21,0,110,0,2,0,0.16,0.0514335,0.975953,1.7547,0
5304,62,36,52,110,1,36,0,110,0,1,0,0.16,0,1,1.91407,0
5305,62,36,42,110,1,36,0,110,0,1,0,0.16,0,1,1.0829,0
5306,54,36,25,109,1,36,0,110,1,1,0,0.16,0,1,1.97676,0
5307,28,28,9,109,1,28,0,110,1,0,0,0.16,0.0525208,0.973478,1.71455,0
5308,15,15,5,111,1,15,0,110,1,1,0,0.16,0.0562803,0.975007,1.67198,0
5309,50,36,44,110,1,36,0,110,0,1,0,0.16,0,1,1.40497,0
5310,27,27,20,111,1,27,0,110,1,1,0,0.16,0.0536842,0.97731,1.37592,0
5311,52,36,4,109,1,36,0,110,1,1,0,0.16,0,1,1.88965,0
5312,16,16,1,109,1,16,0,110,2,0,0,0.16,0.0726135,0.968439,1.45798,0
5313,13,13,5,109,1,13,0,110,1,3,0,0.160835,0.065372,0.971343,1.72457,0
5314,23,23,3,109,1,23,0,110,1,1,0,0.16,0.0573491,0.97546,1.42087,0
5315,22,22,18,110,1,22,0,110,0,0,0,0.16,0.0494995,0.976633,1.4274,0
5316,2,2,1,110,1,2,0,110,1,7,0,1,0.0318182,0.98286,5.15451,1
5317,29,29,6,109,1,29,0,110,3,1,0,0.16,0.0713623,0.975969,1.29678,0
5318,27,27,19,110,1,27,0,110,0,1,0,0.16,0.047967,0.977442,1.16136,0
5319,25,25,7,110,1,25,0,110,0,0,0,0.16,0.0469168,0.977628,1.38,0
5320,12,12,3,110,1,12,0,110,0,0,0,0.16,0.0505411,0.97527,1.58377,0
5321,12,12,4,111,1,12,0,110,1,3,0,0.17278,0.0754011,0.966148,1.41382,0
5322,21,21,13,109,1,21,0,110,3,1,0,0.170983,0.0768568,0.967471,1.64493,0
5323,15,15,6,109,1,15,0,110,1,1,0,0.16,0.0698054,0.969378,1.42794,0
5324,5,5,2,108,1,5,0,110,3,2,0,0.16,0.0656047,0.969984,1.63525,0
5325,14,14,11,111,1,14,0,110,1,1,0,0.16,0.0643195,0.973222,1.72846,0
5326,16,16,15,110,1,16,0,110,0,1,0,0.16,0.0453121,0.978337,1.50785,0
5327,18,18,0,108,1,18,0,110,2,2,0,0.16,0.0677038,0.96836,1.25096,0
5328,4,4,0,110,1,4,0,110,2,1,0,1,0.0632305,0.968808,4.24938,1
5329,23,23,2,111,1,23,0,110,1,1,0,0.16,0.0623342,0.97375,1.41423,0
5330,16,16,6,108,1,16,0,110,2,0,0,0.16,0.0616294,0.974484,1.83166,0
5331,12,12,4,111,1,12,0,110,1,3,0,0.16,0.0716836,0.966896,1.26856,0
5332,18,18,1,110,1,18,0,110,0,0,0,0.16,0.044579,0.97823,1.86888,0
5333,9,9,6,112,1,9,0,110,5,7,0,0.16,0.0672167,0.967615,4.20274,1
5334,27,27,7,108,1,27,0,110,2,2,0,0.16,0.0677906,0.974809,1.88309,0
5335,42,36,35,110,1,36,0,110,0,1,0,0.16,0,1,1.41581,0
5336,21,21,17,109,1,21,0,110,1,1,0,0.16,0.0572368,0.972037,1.61042,0
5337,27,27,7,109,1,27,0,110,1,1,0,0.16,0.055233,0.973176,1.7319,0
5338,23,23,22,110,1,23,0,110,1,3,0,0.16,0.0745654,0.966435,1.85327,0
5339,20,20,15,109,1,20,0,110,1,1,0,0.16,0.0514898,0.976574,1.85733,0
5340,19,19,3,108,1,19,0,110,0,1,0,0.16,0.058883,0.971479,2.41469,1
5341,46,36,11,110,1,36,0,110,0,1,0,0.16,0,1,1.65392,0
5342,28,28,0,109,1,28,0,110,1,1,0,0.16,0.0582859,0.974623,1.77671,0
5343,22,22,20,109,1,22,0,110,2,1,0,0.16,0.0719822,0.970819,1.84236,0
5344,16,16,7,110,1,16,0,110,0,1,0,0.16,0.0473127,0.977488,1.75913,0
5345,10,10,3,109,1,10,0,110,0,1,0,0.16,0.0466736,0.97371,3.35542,1
5346,21,21,19,110,1,21,0,110,5,4,0,0.16,0.100756,0.962164,1.5555,0
5347,23,23,19,110,1,23,0,110,0,0,0,0.16,0.0606141,0.972728,1.25054,0
5348,28,28,5,109,1,28,0,110,1,2,0,0.16,0.0730757,0.966797,1.62437,0
5349,58,36,54,109,1,36,0,110,1,1,0,0.16,0,1,1.43967,0
5350,16,16,6,111,1,16,0,110,1,1,0,0.16,0.0617541,0.972929,1.40022,0
5351,11,11,3,110,1,11,0,110,0,1,0,0.16,0.0565984,0.973432,1.88079,0
5352,6,6,1,110,1,6,0,110,4,5,0,0.18539,0.0768523,0.967898,1.86128,0
5353,49,36,30,110,1,36,0,110,0,1,0,0.164763,0,1,1.10131,0
5354,15,15,3,110,1,15,0,110,0,2,0,0.172727,0.0752963,0.962418,1.93221,0
5355,9,9,0,109,1,9,0,110,2,2,0,0.16,0.062752,0.973326,4.40158,1
5356,10,10,6,111,1,10,0,110,1,4,0,0.16,0.0501229,0.979103,1.9347,0
5357,10,10,3,110,1,10,0,110,6,5,0,0.16,0.101785,0.958564,1.82327,0
5358,27,27,4,110,1,27,0,110,0,2,0,0.16,0.0611051,0.972412,1.19616,0
5359,27,27,21,109,1,27,0,110,1,0,0,0.16,0.0420849,0.981969,1.57357,0
5360,13,13,10,107,1,13,0,110,3,2,0,0.16,0.0789728,0.965089,1.66179,0
5361,70,36,11,110,1,36,0,110,0,1,0,0.16,0,1,1.67153,0
5362,56,36,40,110,1,36,0,110,0,1,0,0.16,0,1,1.56875,0
5363,19,19,10,111,1,19,0,110,3,1,0,0.16,0.0803352,0.969647,1.29301,0
5364,10,10,9,110,1,10,0,110,1,4,0,0.187715,0.0680753,0.969872,1.1642,0
5365,11,11,5,109,1,11,0,110,2,1,0,0.16,0.0593783,0.972774,4.29354,1
5366,29,29,5,110,1,29,0,110,0,0,0,0.16,0.0546957,0.974315,1.53712,0
5367,26,26,16,110,1,26,0,110,0,0,0,0.16,0.0423555,0.980404,1.43328,0
5368,16,16,0,111,1,16,0,110,2,3,0,0.171171,0.0804627,0.967884,1.90743,0
5369,36,36,31,108,1,36,0,110,6,0,0,0.186364,0.106558,0.968048,2.09939,0
5370,27,27,12,110,1,27,0,110,2,1,0,0.16,0.0656142,0.972916,1.60022,0
5371,27,27,13,110,1,27,0,110,0,1,0,0.16,0.0645824,0.968894,1.66953,0
5372,12,12,11,110,1,12,0,110,2,2,0,0.16,0.0603343,0.973384,1.63434,0
5373,13,13,2,110,1,13,0,110,0,0,0,0.16,0.038684,0.982385,1.53241,0
5374,18,18,13,108,1,18,0,110,2,0,0,0.16,0.0672143,0.967081,3.73985,1
5375,44,36,6,109,1,36,0,110,1,1,0,0.16,0,1,1.71742,0
5376,55,36,18,110,1,36,0,110,0,1,0,0.16,0,1,2.02356,0
5377,7,7,1,111,1,7,0,110,1,10,0,0.177606,0.0706931,0.967602,3.9686,1
5378,8,8,6,111,1,8,0,110,3,1,0,0.16,0.0724228,0.975562,1.54725,0
5379,13,13,5,112,1,13,0,110,2,3,0,0.16,0.0743518,0.97176,1.50929,0
5380,59,36,51,110,1,36,0,110,0,1,0,0.16,0,1,1.80356,0
5381,14,14,2,110,1,14,0,110,2,3,0,0.16,0.0651362,0.972981,1.74045,0
5382,76,36,31,110,1,36,0,110,2,1,0,0.16,0,1,2.00291,0
5383,37,36,16,111,1,36,0,110,1,1,0,0.16,0.0529908,0.978,1.84937,0
5384,8,8,2,107,1,8,0,110,3,2,0,0.16,0.0796179,0.967699,1.57263,0
5385,21,21,9,109,1,21,0,110,2,1,0,0.16,0.073502,0.972257,1.34508,0
5386,20,20,1,109,1,20,0,110,3,2,0,0.16,0.0681619,0.968815,1.67185,0
5387,9,9,7,110,1,9,0,110,3,6,0,0.16,0.0805456,0.964016,1.79207,0
5388,16,16,7,110,1,16,0,110,1,0,0,0.16,0.0713574,0.970699,1.55826,0
5389,26,26,24,110,1,26,0,110,2,1,0,0.16,0.0653237,0.973788,1.3212,0
5390,59,36,31,110,1,36,0,110,0,1,0,0.16,0,1,1.56418,0
5391,43,36,29,110,1,36,0,110,0,1,0,0.16,0,1,1.79456,0
5392,60,36,49,109,1,36,0,110,1,1,0,0.16,0,1,1.60713,0
5393,20,20,1,110,1,20,0,110,0,1,0,0.16,0.0598507,0.970681,1.64225,0
5394,12,12,9,108,1,12,0,110,2,2,0,0.16,0.0684712,0.970207,2.06195,0
5395,13,13,3,108,1,13,0,110,2,1,0,0.16,0.0614286,0.971789,1.36373,0
5396,15,15,11,111,1,15,0,110,1,2,0,0.16,0.0546118,0.977702,1.86899,0
5397,14,14,2,107,1,14,0,110,4,2,0,0.16,0.0739576,0.969907,1.73064,0
5398,16,16,7,111,1,16,0,110,1,2,0,0.16,0.0708463,0.970683,1.81963,0
5399,16,16,14,110,1,16,0,110,0,2,0,0.16,0.0571371,0.972681,1.80628,0
5400,32,32,29,107,1,32,0,110,3,0,0,0.16,0.075993,0.969532,1.19214,0
5401,4,4,0,111,1,4,0,110,3,5,0,1,0.0518018,0.974691,4.25745,1
5402,14,14,9,109,1,14,0,110,1,1,0,0.16,0.0567135,0.975343,1.76188,0
5403,29,29,21,110,1,29,0,110,4,2,0,0.16,0.0811996,0.969791,1.45366,0
5404,32,32,2,108,1,32,0,110,2,2,0,0.16,0.0718506,0.964776,4.5244,1
5405,7,7,1,110,1,7,0,110,2,7,0,0.191892,0.0656864,0.973768,1.63498,0
5406,68,36,43,109,1,36,0,110,3,1,0,0.16,0,1,1.33563,0
5407,5,5,3,111,1,5,0,110,1,1,0,0.16,0.0391932,0.982427,1.61134,0
5408,26,26,19,108,1,26,0,110,4,1,0,0.16,0.0825446,0.969583,1.85025,0
5409,6,6,1,111,1,6,0,110,1,4,0,0.18018,0.0585049,0.97565,1.69154,0
5410,15,15,10,110,1,15,0,110,2,2,0,0.16,0.0602622,0.975083,1.38583,0
5411,18,18,15,109,1,18,0,110,1,0,0,0.16,0.0488004,0.978286,1.61047,0
5412,6,6,3,109,1,6,0,110,1,1,0,0.16,0.0212288,0.990417,1.58346,0
5413,32,32,24,110,1,32,0,110,0,0,0,0.16,0.04933,0.976439,1.19729,0
5414,30,30,20,109,1,30,0,110,1,1,0,0.16,0.0630069,0.968704,1.65547,0
5415,11,11,3,109,1,11,0,110,1,1,0,0.16,0.0642919,0.971115,2.06521,0
5416,29,29,15,110,1,29,0,110,2,1,0,0.16,0.0626521,0.97447,1.97056,0
5417,22,22,14,110,1,22,0,110,2,2,0,0.163636,0.0749962,0.966764,3.40184,1
5418,5,5,0,112,1,5,0,110,1,3,0,0.1875,0.072993,0.970146,4.04363,1
5419,22,22,13,110,1,22,0,110,0,0,0,0.16,0.0457936,0.977665,1.68363,0
5420,36,36,26,111,1,36,0,110,1,2,0,0.16,0.0654306,0.972642,1.83614,0
5421,37,36,19,110,1,36,0,110,1,0,0,0.16,0.0615615,0.974155,1.31016,0
5422,18,18,9,110,1,18,0,110,0,0,0,0.16,0.0472355,0.977978,1.41133,0
5423,20,20,18,110,1,20,0,110,0,2,0,0.185065,0.0647058,0.969774,1.80402,0
5424,50,36,36,110,1,36,0,110,2,1,0,0.16,0,1,1.30902,0
5425,36,36,28,110,1,36,0,110,1,1,0,0.16,0.064843,0.971768,1.36923,0
5426,9,9,3,110,1,9,0,110,0,0,0,0.16,0.0369866,0.98311,1.71957,0
5427,16,16,7,111,1,16,0,110,1,1,0,0.16,0.0634866,0.970964,1.54999,0
5428,15,15,1,110,1,15,0,110,2,3,0,0.16,0.0638542,0.973275,1.64562,0
5429,57,36,7,110,1,36,0,110,0,1,0,0.16,0,1,1.04954,0
5430,40,36,24,109,1,36,0,110,1,1,0,0.16,0,1,1.73114,0
5431,26,26,14,110,1,26,0,110,0,1,0,0.16,0.0611085,0.97083,1.57999,0
5432,21,21,1,110,1,21,0,110,1,2,0,0.16,0.0557587,0.974227,3.86751,1
5433,72,36,62,110,1,36,0,110,0,1,0,0.16,0,1,1.60081,0
5434,14,14,13,109,1,14,0,110,2,1,0,0.176623,0.0661762,0.972085,1.80201,0
5435,7,7,1,110,1,7,0,110,0,6,0,0.16,0.0565031,0.973123,1.53659,0
5436,36,36,24,110,1,36,0,110,0,1,0,0.16,0.0531858,0.974406,1.45401,0
5437,53,36,14,109,1,36,0,110,2,1,0,0.165138,0,1,3.73998,1
5438,17,17,10,110,1,17,0,110,1,1,0,0.16,0.0617532,0.971093,1.45576,0
5439,29,29,4,110,1,29,0,110,2,2,0,0.16,0.0602574,0.972287,1.60615,0
5440,16,16,12,110,1,16,0,110,2,2,0,0.16,0.06903,0.97014,1.55038,0
5441,7,7,0,110,1,7,0,110,4,6,0,0.187715,0.0855622,0.964079,1.40819,0
5442,35,35,13,109,1,35,0,110,1,1,0,0.16,0.0578623,0.973434,1.56135,0
5443,6,6,4,108,1,6,0,110,4,6,0,0.172727,0.0853133,0.967308,1.80763,0
5444,19,19,6,110,1,19,0,110,0,1,0,0.16,0.0518541,0.974851,1.35852,0
5445,19,19,15,109,1,19,0,110,3,2,0,0.16,0.0668008,0.971261,1.53505,0
5446,38,36,4,110,1,36,0,110,0,0,0,0.16,0.0591152,0.972646,1.54779,0
5447,51,36,18,110,1,36,0,110,0,1,0,0.16,0,1,1.22087,0
5448,15,15,6,110,1,15,0,110,2,1,0,0.16,0.0774396,0.964527,1.50902,0
5449,12,12,4,111,1,12,0,110,4,3,0,0.16,0.0690691,0.972131,1.54675,0
5450,13,13,4,110,1,13,0,110,2,2,0,0.179197,0.0760795,0.967771,1.22345,0
5451,16,16,7,109,1,16,0,110,2,2,0,0.16,0.0592619,0.973002,1.89922,0
5452,7,7,2,108,1,7,0,110,2,6,0,0.160606,0.0784948,0.964736,1.93667,0
5453,38,36,8,110,1,36,0,110,0,1,0,0.16,0.0423179,0.979435,1.83319,0
5454,45,36,24,110,1,36,0,110,0,1,0,0.16,0,1,1.38573,0
5455,34,34,0,110,1,34,0,110,0,0,0,0.16,0.050819,0.976362,1.32317,0
5456,24,24,1,111,1,24,0,110,2,3,0,0.162162,0.0767622,0.968684,1.63481,0
5457,38,36,3,110,1,36,0,110,1,0,0,0.16,0.0625025,0.973024,1.57133,0
5458,14,14,7,109,1,14,0,110,2,2,0,0.16,0.0717539,0.970451,1.80785,0
5459,17,17,8,110,1,17,0,110,0,0,0,0.16,0.0500696,0.97509,1.70157,0
5460,68,36,1,110,1,36,0,110,1,1,0,0.16,0,1,1.30827,0
5461,74,36,13,110,1,36,0,110,0,1,0,0.16,0,1,1.81235,0
5462,34,34,19,109,1,34,0,110,1,0,0,0.16,0.058579,0.974535,1.60602,0
5463,17,17,4,111,1,17,0,110,2,2,0,0.16,0.0505982,0.979263,1.83895,0
5464,71,36,12,110,1,36,0,110,0,1,0,0.16,0,1,1.35637,0
5465,44,36,29,110,1,36,0,110,0,1,0,0.16,0,1,1.43119,0
5466,16,16,1,108,1,16,0,110,2,1,0,0.16,0.0771035,0.968723,1.48634,0
5467,16,16,1,110,1,16,0,110,5,5,0,0.16,0.0960601,0.962501,1.49544,0
5468,15,15,1,110,1,15,0,110,1,0,0,0.16,0.0604489,0.973579,2.12697,0
5469,38,36,18,109,1,36,0,110,1,0,0,0.16,0.0654598,0.970494,1.6791,0
5470,17,17,1,106,1,17,0,110,2,0,0,0.16,0.0737686,0.971117,2.33405,1
5471,70,36,49,109,1,36,0,110,0,1,0,0.16,0,1,2.24452,1
5472,38,36,1,109,1,36,0,110,1,0,0,0.16,0.0611082,0.973033,1.83103,0
5473,60,36,50,109,1,36,0,110,1,1,0,0.16,0,1,1.60695,0
5474,38,36,30,110,1,36,0,110,0,1,0,0.16,0.0619334,0.970637,1.3397,0
5475,20,20,7,108,1,20,0,110,2,0,0,0.16,0.0611795,0.974978,1.53404,0
5476,56,36,20,108,1,36,0,110,2,1,0,0.16,0,1,1.61465,0
5477,5,5,4,110,1,5,0,110,2,4,0,0.16,0.0690909,0.970525,4.41958,1
5478,31,31,16,112,1,31,0,110,2,3,0,0.16,0.0678366,0.972242,1.75215,0
5479,13,13,8,111,1,13,0,110,2,3,0,0.16,0.062599,0.973922,1.62251,0
5480,22,22,8,110,1,22,0,110,0,1,0,0.16,0.0507737,0.975604,1.47947,0
5481,6,6,4,111,1,6,0,110,4,12,0,0.18018,0.0840841,0.962212,1.50847,0
5482,38,36,20,110,1,36,0,110,0,0,0,0.16,0.051998,0.97604,1.61637,0
5483,9,9,4,110,1,9,0,110,0,0,0,0.16,0.0351732,0.982108,1.45815,0
5484,52,36,1,110,1,36,0,110,0,1,0,0.16,0,1,1.18444,0
5485,33,33,9,109,1,33,0,110,1,0,0,0.16,0.0552403,0.97487,1.85961,0
5486,26,26,13,110,1,26,0,110,0,0,0,0.16,0.0476561,0.977443,1.98662,0
5487,32,32,27,109,1,32,0,110,1,1,0,0.16,0.0661319,0.967664,2.06824,0
5488,24,24,20,109,1,24,0,110,1,1,0,0.16,0.0603306,0.971346,1.89234,0
5489,14,14,5,110,1,14,0,110,2,3,0,0.16,0.0622497,0.973305,1.87191,0
5490,11,11,6,108,1,11,0,110,2,0,0,0.16,0.0676081,0.971273,1.83109,0
5491,13,13,2,107,1,13,0,110,4,1,0,0.16,0.0776952,0.966517,1.44493,0
5492,37,36,33,110,1,36,0,110,0,1,0,0.16,0.0539853,0.974782,1.79725,0
5493,35,35,8,110,1,35,0,110,0,1,0,0.16,0.0578395,0.972511,1.68675,0
5494,24,24,9,110,1,24,0,110,0,1,0,0.170434,0.0589071,0.971981,1.61448,0
5495,9,9,5,109,1,9,0,110,3,1,0,0.16,0.0680543,0.974841,1.50076,0
5496,18,18,13,111,1,18,0,110,1,1,0,0.16,0.0567112,0.975186,1.59607,0
5497,59,36,1,109,1,36,0,110,1,1,0,0.16,0,1,1.86481,0
5498,56,36,0,109,1,36,0,110,1,1,0,0.16,0,1,1.31093,0
5499,18,18,2,109,1,18,0,110,2,1,0,0.16,0.0662836,0.96738,1.43275,0
5500,41,36,12,110,1,36,0,110,0,1,0,0.16,0,1,1.26077,0
5501,26,26,7,110,1,26,0,110,2,1,0,0.16,0.0638992,0.975181,1.52713,0
5502,4,4,1,108,1,4,0,110,6,5,0,1,0.0756919,0.963646,5.04927,1
5503,12,12,3,110,1,12,0,110,2,3,0,0.16,0.079165,0.966973,4.55529,1
5504,68,36,54,110,1,36,0,110,0,1,0,0.16,0,1,1.6304,0
5505,13,13,0,112,1,13,0,110,2,2,0,0.16,0.06711,0.97347,1.53075,0
5506,12,12,4,110,1,12,0,110,0,1,0,0.16,0.0422897,0.979039,1.12473,0
5507,20,20,5,110,1,20,0,110,0,0,0,0.16,0.0541218,0.974973,1.38193,0
5508,30,30,16,108,1,30,0,110,2,0,0,0.16,0.067832,0.971335,1.54043,0
5509,12,12,4,110,1,12,0,110,0,0,0,0.163636,0.059323,0.973007,1.70755,0
5510,49,36,2,110,1,36,0,110,0,1,0,0.16,0,1,1.44347,0
5511,6,6,1,109,1,6,0,110,1,4,0,0.161925,0.0746068,0.966839,1.87085,0
5512,17,17,4,110,1,17,0,110,0,1,0,0.16,0.0463425,0.97828,1.59017,0
5513,59,36,13,110,1,36,0,110,0,1,0,0.16,0,1,1.28799,0
5514,54,36,35,110,1,36,0,110,2,1,0,0.16,0,1,1.39806,0
5515,17,17,8,111,1,17,0,110,1,1,0,0.16,0.0654896,0.971353,1.70078,0
5516,28,28,26,109,1,28,0,110,3,1,0,0.16,0.0633881,0.970547,1.35012,0
5517,16,16,12,107,1,16,0,110,0,0,0,0.16,0.048231,0.976865,2.3575,1
5518,19,19,13,109,1,19,0,110,1,0,0,0.16,0.0634004,0.972698,1.57765,0
5519,50,36,2,110,1,36,0,110,0,1,0,0.16,0,1,1.88631,0
5520,24,24,1,111,1,24,0,110,1,3,0,0.16,0.0697531,0.969246,1.54974,0
5521,26,26,0,111,1,26,0,110,1,3,0,0.16,0.0643996,0.971439,1.39353,0
5522,39,36,34,110,1,36,0,110,1,1,0,0.16,0.0551945,0.97516,1.36807,0
5523,43,36,25,109,1,36,0,110,3,1,0,0.16,0,1,1.86572,0
5524,29,29,9,109,1,29,0,110,1,0,0,0.16,0.0457721,0.978018,1.37242,0
5525,16,16,14,110,1,16,0,110,2,2,0,0.16,0.0634648,0.969856,3.20516,1
5526,19,19,16,107,1,19,0,110,4,1,0,0.16,0.0800785,0.963135,1.49838,0
5527,13,13,6,108,1,13,0,110,2,0,0,0.16,0.0606402,0.973915,1.71947,0
5528,33,33,1,108,1,33,0,110,2,1,0,0.16,0.0783156,0.968356,1.68516,0
5529,8,8,1,113,1,8,0,110,4,4,0,0.16,0.082753,0.970489,1.71676,0
5530,49,36,4,110,1,36,0,110,0,1,0,0.16,0,1,1.53132,0
5531,30,30,9,111,1,30,0,110,1,3,0,0.16,0.0686411,0.970311,1.34507,0
5532,18,18,11,109,1,18,0,110,1,0,0,0.16,0.0672593,0.969408,1.67561,0
5533,33,33,22,110,1,33,0,110,0,0,0,0.16,0.0576629,0.972765,1.29032,0
5534,24,24,13,109,1,24,0,110,1,1,0,0.16,0.0696375,0.969445,1.62111,0
5535,17,17,2,110,1,17,0,110,0,1,0,0.16,0.0606613,0.970831,1.89985,0
5536,8,8,7,112,1,8,0,110,2,2,0,0.16,0.0601592,0.976892,1.73545,0
5537,29,29,19,111,1,29,0,110,1,1,0,0.16,0.064675,0.971915,1.73049,0
5538,68,36,64,110,1,36,0,110,0,1,0,0.16,0,1,1.05024,0
5539,34,34,1,109,1,34,0,110,1,1,0,0.16,0.063391,0.971848,1.35722,0
5540,114,36,25,110,1,36,0,110,0,1,0,0.16,0,1,1.79257,0
5541,29,29,1,109,1,29,0,110,3,2,0,0.16,0.0733492,0.973766,1.56452,0
5542,61,36,4,108,1,36,0,110,2,1,0,0.16,0,1,1.30525,0
5543,11,11,4,110,1,11,0,110,0,0,0,0.16,0.0511131,0.975076,2.17001,1
5544,17,17,15,111,1,17,0,110,1,4,0,0.16,0.0590539,0.973726,1.68397,0
5545,21,21,9,110,1,21,0,110,0,4,0,0.16,0.0605515,0.970786,1.35598,0
5546,15,15,10,110,1,15,0,110,2,1,0,0.16,0.0724347,0.968451,1.37228,0
5547,15,15,8,112,1,15,0,110,2,2,0,0.16,0.0589022,0.975231,1.84847,0
5548,18,18,2,110,1,18,0,110,1,0,0,0.16,0.0640207,0.971448,1.71716,0
5549,17,17,15,110,1,17,0,110,1,3,0,0.16,0.0777118,0.967632,4.31883,1
5550,41,36,15,110,1,36,0,110,2,1,0,0.16,0,1,3.83231,1
5551,60,36,25,110,1,36,0,110,0,1,0,0.16,0,1,1.72506,0
5552,16,16,9,110,1,16,0,110,0,0,0,0.16,0.0514506,0.976071,1.75067,0
5553,18,18,5,110,1,18,0,110,0,0,0,0.16,0.0583945,0.971442,1.90707,0
5554,77,36,10,110,1,36,0,110,0,1,0,0.16,0,1,1.66101,0
5555,46,36,18,109,1,36,0,110,1,1,0,0.16,0,1,1.80126,0
5556,12,12,5,110,1,12,0,110,3,2,0,0.16,0.0767967,0.968102,1.73229,0
5557,28,28,12,110,1,28,0,110,2,2,0,0.16,0.0778811,0.969357,3.28234,1
5558,11,11,10,106,1,11,0,110,4,2,0,0.16,0.0936853,0.963482,1.37844,0
5559,41,36,32,110,1,36,0,110,0,1,0,0.16,0,1,1.73734,0
5560,24,24,12,110,1,24,0,110,0,1,0,0.16,0.0527297,0.977449,1.7591,0
5561,23,23,18,110,1,23,0,110,0,0,0,0.16,0.051517,0.975881,1.33037,0
5562,10,10,1,110,1,10,0,110,2,4,0,0.16,0.0818958,0.963085,3.33453,1
5563,13,13,4,109,1,13,0,110,1,1,0,0.16,0.0453701,0.980123,1.5444,0
5564,20,20,19,110,1,20,0,110,1,0,0,0.16,0.0535777,0.978595,1.92335,0
5565,47,36,32,110,1,36,0,110,0,1,0,0.16,0,1,1.50308,0
5566,22,22,18,111,1,22,0,110,3,5,0,0.162162,0.0798087,0.968693,1.44653,0
5567,17,17,15,109,1,17,0,110,1,0,0,0.16,0.0575562,0.973249,2.02412,0
5568,18,18,2,110,1,18,0,110,2,1,0,0.16,0.0673292,0.972701,1.36496,0
5569,17,17,6,109,1,17,0,110,1,1,0,0.179197,0.0689659,0.970293,1.57986,0
5570,12,12,11,109,1,12,0,110,1,0,0,0.16,0.0620145,0.972378,1.8763,0
5571,67,36,32,111,1,36,0,110,1,1,0,0.16,0,1,1.54192,0
5572,52,36,28,110,1,36,0,110,0,1,0,0.16,0,1,1.7951,0
5573,14,14,8,110,1,14,0,110,0,3,0,0.16,0.0499473,0.976539,1.56615,0
5574,43,36,39,108,1,36,0,110,2,1,0,0.16,0,1,2.10744,0
5575,26,26,2,108,1,26,0,110,3,1,0,0.16,0.0755476,0.970295,1.91375,0
5576,9,9,8,110,1,9,0,110,4,3,0,0.16,0.0734473,0.971552,1.52812,0
5577,18,18,14,110,1,18,0,110,0,1,0,0.16,0.0587348,0.971444,1.27814,0
5578,5,5,4,110,1,5,0,110,1,1,0,0.16,0.0503806,0.977757,1.90181,0
5579,26,26,24,108,1,26,0,110,2,0,0,0.16,0.0664352,0.973131,1.43624,0
5580,15,15,12,110,1,15,0,110,0,2,0,0.16,0.0496587,0.975088,1.68435,0
5581,15,15,8,110,1,15,0,110,0,2,0,0.16,0.0540297,0.974783,1.7855,0
5582,42,36,29,110,1,36,0,110,1,1,0,0.16,0,1,1.60133,0
5583,24,24,11,106,1,24,0,110,4,0,0,0.16,0.0796319,0.970934,1.91386,0
5584,19,19,10,109,1,19,0,110,1,0,0,0.16,0.0533537,0.97294,2.10285,0
5585,21,21,3,112,1,21,0,110,2,4,0,0.16,0.0758524,0.966432,1.34786,0
5586,23,23,5,111,1,23,0,110,1,2,0,0.16,0.0741828,0.967517,1.64118,0
5587,30,30,3,108,1,30,0,110,0,0,0,0.16,0.0691998,0.973331,2.24933,1
5588,15,15,2,109,1,15,0,110,1,2,0,0.16,0.0604434,0.969987,1.85872,0
5589,38,36,3,109,1,36,0,110,3,1,0,0.16,0.0783252,0.967831,1.51367,0
5590,71,36,26,110,1,36,0,110,0,1,0,0.16,0,1,1.7951,0
5591,60,36,45,110,1,36,0,110,0,1,0,0.16,0,1,1.38344,0
5592,14,14,13,110,1,14,0,110,1,2,0,0.16,0.0577688,0.973311,1.4179,0
5593,44,36,42,110,1,36,0,110,0,1,0,0.16,0,1,1.48143,0
5594,5,5,1,110,1,5,0,110,2,2,0,0.16,0.0488297,0.977755,1.93816,0
5595,40,36,12,108,1,36,0,110,2,1,0,0.16,0,1,1.48277,0
5596,12,12,11,110,1,12,0,110,2,1,0,0.175974,0.063722,0.970366,1.72854,0
5597,23,23,10,109,1,23,0,110,1,0,0,0.16,0.0628836,0.969308,1.95868,0
5598,22,22,5,110,1,22,0,110,0,2,0,0.16,0.0559399,0.972729,1.60552,0
5599,41,36,34,110,1,36,0,110,0,1,0,0.16,0,1,1.72997,0
5600,9,9,0,108,1,9,0,110,2,1,0,0.168196,0.079288,0.959772,1.69214,0
5601,15,15,11,109,1,15,0,110,2,1,0,0.16,0.0635887,0.971204,1.69722,0
5602,33,33,4,109,1,33,0,110,2,0,0,0.16,0.0652897,0.971548,2.02252,0
5603,13,13,0,110,1,13,0,110,1,2,0,0.16,0.0662388,0.967774,4.09004,1
5604,23,23,7,110,1,23,0,110,4,2,0,0.177554,0.0847498,0.966239,2.01621,0
5605,69,36,8,109,1,36,0,110,1,1,0,0.16,0,1,2.06961,0
5606,78,36,25,110,1,36,0,110,0,1,0,0.16,0,1,1.47476,0
5607,49,36,4,110,1,36,0,110,0,1,0,0.16,0,1,1.28215,0
5608,12,12,7,109,1,12,0,110,3,0,0,0.16,0.0776533,0.970478,1.58755,0
5609,15,15,14,108,1,15,0,110,2,2,0,0.16,0.0699674,0.969711,1.87674,0
5610,12,12,2,108,1,12,0,110,5,2,0,0.166667,0.0761347,0.967521,1.48147,0
5611,22,22,3,111,1,22,0,110,1,3,0,0.16,0.0632992,0.972359,1.27608,0
5612,65,36,0,110,1,36,0,110,0,1,0,0.16,0,1,2.20068,1
5613,34,34,2,111,1,34,0,110,1,3,0,0.16,0.0593676,0.97433,1.73954,0
5614,24,24,22,109,1,24,0,110,1,0,0,0.16,0.0585328,0.973819,1.33492,0
5615,13,13,9,109,1,13,0,110,2,2,0,0.16,0.0529059,0.976609,1.63145,0
5616,27,27,19,113,1,27,0,110,3,5,0,0.16,0.0815925,0.968574,1.67042,0
5617,15,15,1,111,1,15,0,110,2,1,0,0.16,0.0739754,0.972317,1.90498,0
5618,19,19,14,110,1,19,0,110,0,1,0,0.16,0.0531021,0.974851,1.1692,0
5619,22,22,7,110,1,22,0,110,0,0,0,0.16,0.0451096,0.978486,1.96944,0
5620,28,28,11,110,1,28,0,110,0,0,0,0.16,0.0561663,0.973882,1.6923,0
5621,66,36,12,110,1,36,0,110,0,1,0,0.16,0,1,1.70832,0
5622,4,4,2,107,1,4,0,110,5,4,0,1,0.0682728,0.962141,5.37747,1
5623,14,14,7,110,1,14,0,110,0,1,0,0.168182,0.0548822,0.973626,1.88867,0
5624,49,36,10,110,1,36,0,110,0,1,0,0.16,0,1,2.01424,0
5625,26,26,11,110,1,26,0,110,0,0,0,0.16,0.0520591,0.97553,1.35266,0
5626,54,36,27,109,1,36,0,110,1,1,0,0.16,0,1,1.74547,0
5627,9,9,6,110,1,9,0,110,0,0,0,0.16,0.0380697,0.981603,2.30334,1
5628,18,18,14,110,1,18,0,110,2,2,0,0.16,0.0728408,0.969683,1.56497,0
5629,45,36,0,110,1,36,0,110,0,1,0,0.16,0,1,1.39572,0
5630,22,22,2,109,1,22,0,110,3,1,0,0.16,0.0666553,0.975176,1.5447,0
5631,50,36,1,110,1,36,0,110,0,1,0,0.16,0,1,1.1078,0
5632,6,6,0,110,1,6,0,110,3,6,0,0.16,0.0810277,0.966383,2.00404,0
5633,8,8,3,111,1,8,0,110,3,4,0,0.16,0.0663007,0.973327,1.46243,0
5634,41,36,4,110,1,36,0,110,0,1,0,0.16,0,1,1.59883,0
5635,18,18,12,110,1,18,0,110,2,2,0,0.16,0.0659767,0.975465,1.55638,0
5636,12,12,3,110,1,12,0,110,0,1,0,0.16,0.0529552,0.974895,1.34207,0
5637,14,14,0,110,1,14,0,110,2,3,0,0.16,0.0555981,0.979124,1.22452,0
5638,15,15,5,110,1,15,0,110,0,0,0,0.16,0.0545224,0.974482,2.0056,0
5639,42,36,32,109,1,36,0,110,0,1,0,0.16,0,1,2.33561,1
5640,29,29,11,110,1,29,0,110,0,1,0,0.16,0.0551808,0.973847,1.75925,0
5641,26,26,15,109,1,26,0,110,1,0,0,0.16,0.0469961,0.977765,1.64777,0
5642,12,12,4,111,1,12,0,110,2,1,0,0.16,0.0702111,0.970258,1.41791,0
5643,29,29,26,110,1,29,0,110,0,0,0,0.16,0.0507559,0.975097,1.24276,0
5644,43,36,42,110,1,36,0,110,0,1,0,0.16,0,1,1.43533,0
5645,27,27,9,108,1,27,0,110,2,0,0,0.16,0.0696441,0.97293,1.37175,0
5646,25,25,5,110,1,25,0,110,1,0,0,0.16,0.0618852,0.974189,1.74967,0
5647,21,21,16,110,1,21,0,110,0,0,0,0.16,0.0480886,0.97703,1.10375,0
5648,6,6,4,112,1,6,0,110,0,5,0,0.16,0.0782686,0.968456,2.55259,1
5649,93,36,6,110,1,36,0,110,0,1,0,0.16,0,1,1.83296,0
5650,16,16,15,109,1,16,0,110,2,1,0,0.16,0.0690564,0.970155,2.05201,0
5651,59,36,38,110,1,36,0,110,0,1,0,0.16,0,1,2.07016,0
5652,4,4,0,110,1,4,0,110,2,1,0,1,0.0545455,0.974465,4.46849,1
5653,19,19,16,109,1,19,0,110,3,2,0,0.16,0.0751066,0.970298,1.60014,0
5654,9,9,5,109,1,9,0,110,2,0,0,0.16,0.0536219,0.972817,3.82859,1
5655,11,11,2,110,1,11,0,110,0,0,0,0.16,0.0500612,0.975898,1.71904,0
5656,8,8,7,110,1,8,0,110,0,0,0,0.16,0.0350041,0.9827,1.77157,0
5657,17,17,2,111,1,17,0,110,2,5,0,0.16,0.0718599,0.971356,1.5911,0
5658,49,36,13,109,1,36,0,110,1,1,0,0.16,0,1,1.3724,0
5659,20,20,18,110,1,20,0,110,0,2,0,0.16,0.0547319,0.97294,1.69875,0
5660,21,21,1,107,1,21,0,110,2,1,0,0.16,0.0600709,0.971295,3.38746,1
5661,30,30,29,110,1,30,0,110,0,0,0,0.16,0.0491702,0.97668,2.08211,0
5662,10,10,4,110,1,10,0,110,0,1,0,0.172727,0.05,0.975759,1.30727,0
5663,13,13,0,108,1,13,0,110,2,1,0,0.16,0.0733175,0.965413,1.83852,0
5664,45,36,17,109,1,36,0,110,1,1,0,0.16,0,1,1.68763,0
5665,81,36,14,110,1,36,0,110,0,1,0,0.16,0,1,1.25903,0
5666,20,20,11,109,1,20,0,110,2,2,0,0.16,0.0719396,0.970869,2.11473,0
5667,70,36,47,110,1,36,0,110,2,1,0,0.16,0,1,1.46804,0
5668,39,36,0,108,1,36,0,110,2,0,0,0.16,0.0564231,0.972016,2.05387,0
5669,26,26,2,110,1,26,0,110,0,0,0,0.16,0.0485632,0.976573,1.5506,0
5670,23,23,7,111,1,23,0,110,1,1,0,0.16,0.0534011,0.978238,1.44592,0
5671,6,6,4,110,1,6,0,110,0,2,0,0.16,0.051365,0.975426,1.92318,0
5672,24,24,21,112,1,24,0,110,2,2,0,0.16,0.065633,0.975627,1.28718,0
5673,13,13,5,110,1,13,0,110,0,4,0,0.16,0.0557871,0.973691,1.43782,0
5674,31,31,23,110,1,31,0,110,2,3,0,0.16,0.0755397,0.967946,1.42626,0
5675,46,36,14,110,1,36,0,110,3,1,0,0.16,0,1,1.62128,0
5676,9,9,7,110,1,9,0,110,3,2,0,0.16,0.0709555,0.971046,1.57139,0
5677,36,36,4,110,1,36,0,110,0,0,0,0.16,0.0479114,0.978176,1.34065,0
5678,8,8,1,108,1,8,0,110,2,2,0,0.16,0.0716113,0.970861,3.94406,1
5679,69,36,34,110,1,36,0,110,0,1,0,0.16,0,1,1.90984,0
5680,19,19,4,108,1,19,0,110,3,1,0,0.16,0.0794204,0.966627,1.64907,0
5681,21,20,6,110,1,20,0,110,0,0,1,0.16,0.0521465,0.975883,1.34645,0
5682,29,29,8,110,1,29,0,110,0,1,0,0.16,0.057159,0.972599,1.31298,0
5683,27,27,4,110,1,27,0,110,0,0,0,0.16,0.0421015,0.979619,1.30219,0
5684,25,25,3,111,1,25,0,110,1,1,0,0.16,0.054068,0.976928,1.23412,0
5685,21,21,20,111,1,21,0,110,2,2,0,0.16,0.0609335,0.976808,1.78714,0
5686,59,36,17,110,1,36,0,110,0,1,0,0.16,0,1,1.46521,0
5687,106,36,33,111,1,36,0,110,1,1,0,0.16,0,1,1.59484,0
5688,52,36,39,108,1,36,0,110,3,1,0,0.16,0,1,1.44125,0
5689,20,20,9,110,1,20,0,110,1,2,0,0.16,0.0651377,0.970455,1.26592,0
5690,55,36,40,110,1,36,0,110,0,1,0,0.16,0,1,1.30047,0
5691,22,22,11,108,1,22,0,110,2,0,0,0.16,0.0731057,0.972223,1.52283,0
5692,61,36,24,110,1,36,0,110,0,1,0,0.16,0,1,1.73318,0
5693,26,26,18,109,1,26,0,110,1,0,0,0.16,0.0556271,0.974075,1.67363,0
5694,27,27,26,110,1,27,0,110,1,0,0,0.16,0.0719459,0.97057,1.14443,0
5695,14,14,2,109,1,14,0,110,2,3,0,0.16,0.0974087,0.96067,4.51852,1
5696,29,29,9,110,1,29,0,110,0,0,0,0.16,0.0646025,0.969009,1.7372,0
5697,19,19,1,110,1,19,0,110,0,1,0,0.16,0.0508268,0.976042,1.7215,0
5698,19,19,14,110,1,19,0,110,0,0,0,0.16,0.0659519,0.968659,2.06964,0
5699,33,33,14,111,1,33,0,110,2,2,0,0.16,0.075485,0.970428,2.0264,0
5700,20,20,11,109,1,20,0,110,2,1,0,0.16,0.0717924,0.9679,3.24577,1
5701,23,23,2,110,1,23,0,110,1,1,0,0.16,0.0615781,0.974305,1.64311,0
5702,11,11,4,109,1,11,0,110,4,2,0,0.16,0.0888934,0.963646,1.93922,0
5703,49,36,3,110,1,36,0,110,0,1,0,0.16,0,1,1.31649,0
5704,30,30,14,110,1,30,0,110,0,0,0,0.16,0.0501405,0.976828,1.56412,0
5705,11,11,8,110,1,11,0,110,0,0,0,0.16,0.047655,0.977543,1.41287,0
5706,17,17,12,110,1,17,0,110,0,0,0,0.163636,0.054977,0.974021,1.78744,0
5707,32,32,4,109,1,32,0,110,2,4,0,0.16,0.0718159,0.963953,3.08562,1
5708,19,19,11,109,1,19,0,110,1,2,0,0.16,0.0605905,0.972939,1.72509,0
5709,21,21,16,110,1,21,0,110,0,1,0,0.16,0.0645492,0.96906,1.9621,0
5710,39,36,26,108,1,36,0,110,4,2,1,0.16,0.0914337,0.966128,1.52999,0
5711,13,13,12,110,1,13,0,110,4,2,0,0.16,0.0696393,0.973689,1.66768,0
5712,6,6,1,109,1,6,0,110,1,5,0,0.16,0.0679089,0.967602,1.72708,0
5713,22,22,10,110,1,22,0,110,0,0,0,0.16,0.0582995,0.971697,1.96061,0
5714,16,16,5,110,1,16,0,110,0,0,0,0.16,0.0468335,0.976925,1.37589,0
5715,12,12,3,110,1,12,0,110,0,1,0,0.16,0.0419851,0.980167,1.35362,0
5716,6,6,5,112,1,6,0,110,2,6,0,0.16,0.0491071,0.977342,1.86556,0
5717,29,29,26,110,1,29,0,110,0,0,0,0.16,0.0563246,0.973692,1.10087,0
5718,26,26,19,109,1,26,0,110,1,0,0,0.16,0.0566943,0.97443,1.48268,0
5719,54,36,41,109,1,36,0,110,0,1,0,0.16,0,1,2.36076,1
5720,14,14,0,110,1,14,0,110,2,4,0,0.16,0.0713657,0.969426,1.67681,0
5721,12,12,8,110,1,12,0,110,1,3,0,0.16,0.0602191,0.97527,1.66277,0
5722,12,12,6,113,1,12,0,110,3,4,0,0.168142,0.0789086,0.970778,1.83003,0
5723,20,20,1,109,1,20,0,110,1,0,0,0.16,0.0625657,0.972465,1.71027,0
5724,17,17,3,110,1,17,0,110,0,0,0,0.16,0.0454996,0.978546,1.82772,0
5725,42,36,8,109,1,36,0,110,1,1,0,0.16,0,1,1.68123,0
5726,20,20,4,110,1,20,0,110,0,2,0,0.16,0.0615329,0.969775,1.79423,0
5727,9,9,1,111,1,9,0,110,1,1,0,0.16,0.0581461,0.975288,1.57508,0
5728,58,36,34,109,1,36,0,110,1,1,0,0.16,0,1,1.24175,0
5729,89,36,79,110,1,36,0,110,0,1,0,0.16,0,1,1.40296,0
5730,30,30,27,111,1,30,0,110,1,2,0,0.16,0.0629859,0.972854,1.4402,0
5731,40,36,21,108,1,36,0,110,2,1,0,0.16,0,1,1.56595,0
5732,20,20,0,110,1,20,0,110,2,1,0,0.16,0.0661611,0.973395,1.23755,0
5733,38,36,19,111,1,36,0,110,3,2,0,0.16,0.0624346,0.974761,1.96874,0
5734,32,32,21,110,1,32,0,110,0,1,0,0.16,0.0594491,0.972338,1.63969,0
5735,21,21,10,110,1,21,0,110,0,1,0,0.16,0.0589623,0.972074,1.38299,0
5736,15,15,14,110,1,15,0,110,0,0,0,0.16,0.0551042,0.973575,1.86007,0
5737,18,18,10,110,1,18,0,110,0,2,0,0.16,0.0608693,0.971193,1.40374,0
5738,44,36,1,108,1,36,0,110,2,1,0,0.16,0,1,1.81142,0
5739,9,9,3,108,1,9,0,110,0,2,0,0.16,0.0627291,0.97103,2.27769,1
5740,11,11,2,107,1,11,0,110,2,0,0,0.16,0.0735404,0.965504,4.96165,1
5741,7,7,2,110,1,7,0,110,0,6,0,0.16,0.0617946,0.968601,1.32296,0
5742,31,31,23,108,1,31,0,110,0,1,0,0.16,0.0746573,0.964976,3.21127,1
5743,19,19,13,110,1,19,0,110,0,2,0,0.16,0.0583561,0.972711,1.43498,0
5744,23,23,1,110,1,23,0,110,2,1,0,0.16,0.0701174,0.972338,1.44441,0
5745,18,18,14,108,1,18,0,110,2,0,0,0.16,0.0592246,0.972455,1.90009,0
5746,16,16,15,106,1,16,0,110,4,1,0,0.16,0.0881036,0.962566,1.10402,0
5747,43,36,22,110,1,36,0,110,0,1,0,0.16,0,1,1.6741,0
5748,51,36,8,110,1,36,0,110,0,1,0,0.16,0,1,1.34313,0
5749,15,15,7,109,1,15,0,110,4,3,0,0.16,0.0825623,0.964508,1.54612,0
5750,17,17,11,109,1,17,0,110,1,2,0,0.16,0.0593062,0.97298,1.53247,0
5751,6,6,3,110,1,6,0,110,2,3,0,0.16,0.0613195,0.976937,1.93547,0
5752,50,36,41,109,1,36,0,110,0,1,0,0.16,0,1,2.15196,1
5753,10,10,7,106,1,10,0,110,4,4,0,0.16,0.0821841,0.964054,2.01387,0
5754,22,22,18,110,1,22,0,110,0,2,0,0.16,0.0526246,0.975398,1.17537,0
5755,63,36,30,110,1,36,0,110,0,1,0,0.16,0,1,1.49189,0
5756,11,11,0,109,1,11,0,110,3,2,0,0.16,0.0852705,0.961985,1.6315,0
5757,49,36,38,110,1,36,0,110,0,1,0,0.16,0,1,1.14129,0
5758,13,13,9,111,1,13,0,110,1,1,0,0.16,0.0581687,0.974616,1.7508,0
5759,23,23,12,109,1,23,0,110,1,0,0,0.16,0.0605301,0.973477,1.50366,0
5760,12,12,1,108,1,12,0,110,2,1,0,0.16,0.0690187,0.972122,1.79849,0
5761,17,17,8,111,1,17,0,110,1,2,0,0.16,0.0730569,0.967661,1.7853,0
5762,41,36,8,110,1,36,0,110,0,1,0,0.16,0,1,1.6298,0
5763,27,27,2,110,1,27,0,110,0,0,0,0.16,0.0636293,0.969061,1.53343,0
5764,54,36,5,109,1,36,0,110,1,1,0,0.16,0,1,1.76539,0
5765,77,36,39,110,1,36,0,110,0,1,0,0.16,0,1,1.45124,0
5766,33,33,28,110,1,33,0,110,2,2,0,0.16,0.070606,0.969614,1.75,0
5767,17,17,7,114,1,17,0,110,2,6,0,0.16,0.0990712,0.960801,4.47364,1
5768,49,36,13,110,1,36,0,110,0,1,0,0.16166,0,1,1.32055,0
5769,48,36,35,111,1,36,0,110,1,1,0,0.16,0,1,2.01599,0
5770,58,36,18,110,1,36,0,110,0,1,0,0.16,0,1,1.49397,0
5771,56,36,30,111,1,36,0,110,1,1,0,0.16,0,1,1.80677,0
5772,29,29,22,111,1,29,0,110,1,2,0,0.16,0.061051,0.974082,1.41948,0
5773,16,16,10,109,1,16,0,110,3,2,0,0.16,0.0783535,0.969297,1.58963,0
5774,41,36,20,109,1,36,0,110,1,1,0,0.16,0,1,1.48798,0
5775,28,28,12,110,1,28,0,110,0,0,0,0.16,0.0466223,0.97873,1.75763,0
5776,58,36,28,108,1,36,0,110,2,1,0,0.16,0,1,1.41427,0
5777,43,36,4,110,1,36,0,110,0,1,0,0.16,0,1,2.28516,1
5778,90,36,7,110,1,36,0,110,0,1,0,0.16,0,1,1.48333,0
5779,22,22,0,112,1,22,0,110,2,2,0,0.16,0.0648776,0.975232,1.7739,0
5780,20,20,3,110,1,20,0,110,0,2,0,0.16,0.060019,0.972488,1.40833,0
5781,30,30,15,110,1,30,0,110,0,0,0,0.16,0.0602566,0.971852,1.43966,0
5782,9,9,0,111,1,9,0,110,1,4,0,0.162397,0.0586902,0.971801,1.31894,0
5783,24,24,15,110,1,24,0,110,0,0,0,0.16,0.0575825,0.972739,1.91678,0
5784,12,12,4,111,1,12,0,110,1,3,0,0.16,0.0673675,0.97063,1.47522,0
5785,16,16,6,106,1,16,0,110,1,2,0,0.16,0.0915952,0.959631,4.31148,1
5786,74,36,37,109,1,36,0,110,5,1,2,0.16,0,1,1.9224,0
5787,53,36,46,110,1,36,0,110,0,1,0,0.16,0,1,1.75452,0
5788,27,27,6,109,1,27,0,110,1,1,0,0.16,0.0554182,0.976388,1.58737,0
5789,84,36,37,110,1,36,0,110,0,1,0,0.16,0,1,1.60387,0
5790,20,20,19,108,1,20,0,110,2,0,0,0.16,0.0638123,0.972442,1.70633,0
5791,20,20,3,108,1,20,0,110,2,1,0,0.16,0.0605149,0.974287,1.74858,0
5792,9,9,5,110,1,9,0,110,1,2,0,0.16,0.0461692,0.977583,1.88051,0
5793,4,4,2,108,1,4,0,110,2,4,0,1,0.0615721,0.968246,4.77477,1
5794,28,28,5,110,1,28,0,110,0,0,0,0.16,0.0495962,0.976632,1.30274,0
5795,60,36,28,110,1,36,0,110,0,1,0,0.16,0,1,1.56444,0
5796,35,35,23,110,1,35,0,110,0,0,0,0.16,0.0484335,0.977941,1.48602,0
5797,26,26,3,108,1,26,0,110,4,3,0,0.16,0.0896301,0.960548,1.40151,0
5798,33,33,9,111,1,33,0,110,1,1,0,0.16,0.0615824,0.97301,1.41021,0
5799,15,15,9,111,1,15,0,110,2,1,0,0.16,0.0638247,0.975905,1.3893,0
5800,29,29,10,110,1,29,0,110,0,1,0,0.16,0.0470277,0.977592,1.6657,0
5801,14,14,9,108,1,14,0,110,2,2,0,0.16,0.0555035,0.969854,1.46219,0
5802,27,27,0,109,1,27,0,110,1,1,0,0.16,0.0636866,0.971483,1.68757,0
5803,27,27,3,109,1,27,0,110,1,0,0,0.16,0.062391,0.973342,1.55247,0
5804,11,11,9,111,1,11,0,110,4,1,0,0.16,0.0739689,0.976928,1.18816,0
5805,32,32,9,108,1,32,0,110,2,1,0,0.16,0.0691264,0.970247,1.41381,0
5806,54,36,53,109,1,36,0,110,2,1,0,0.16,0,1,3.40367,1
5807,18,18,7,111,1,18,0,110,2,2,0,0.162162,0.0724302,0.971452,1.72171,0
5808,40,36,21,110,1,36,0,110,2,1,0,0.16,0,1,1.77761,0
5809,57,36,5,110,1,36,0,110,0,1,0,0.16,0,1,1.47818,0
5810,29,29,19,109,1,29,0,110,1,2,0,0.16,0.0676719,0.969828,1.55244,0
5811,21,21,16,109,1,21,0,110,1,0,0,0.16,0.0619919,0.97443,1.49462,0
5812,26,24,0,109,1,24,0,110,2,3,2,0.16,0.0934706,0.970396,3.81203,1
5813,18,18,16,110,1,18,0,110,2,0,0,0.16,0.0702367,0.972702,1.75267,0
5814,19,19,3,109,1,19,0,110,1,2,0,0.16,0.0599157,0.97294,2.86882,1
5815,31,31,19,111,1,31,0,110,3,2,0,0.16,0.0757362,0.972714,1.73074,0
5816,42,36,9,110,1,36,0,110,0,1,0,0.16,0,1,1.27792,0
5817,16,16,9,110,1,16,0,110,0,1,0,0.16,0.0531846,0.975227,1.44598,0
5818,15,15,6,109,1,15,0,110,1,0,0,0.16,0.0660981,0.967856,1.57067,0
5819,59,36,4,110,1,36,0,110,2,1,0,0.16,0,1,1.63475,0
5820,65,36,2,110,1,36,0,110,0,1,0,0.16,0,1,1.39917,0
5821,20,20,1,110,1,20,0,110,0,4,0,0.163636,0.0662587,0.969096,1.7582,0
5822,6,6,0,112,1,6,0,110,2,9,0,0.16,0.0857765,0.964753,4.13542,1
5823,18,18,14,109,1,18,0,110,3,1,0,0.16,0.0760575,0.969154,1.83654,0
5824,23,23,9,110,1,23,0,110,0,0,0,0.16,0.0557455,0.972927,1.48458,0
5825,58,36,18,110,1,36,0,110,0,1,0,0.16,0,1,1.65814,0
5826,15,15,12,109,1,15,0,110,1,1,0,0.16,0.0584324,0.971511,1.48018,0
5827,15,15,14,111,1,15,0,110,1,1,0,0.16,0.0633456,0.971721,1.69379,0
5828,23,23,12,110,1,23,0,110,0,2,0,0.16,0.056301,0.97332,1.33442,0
5829,46,36,29,112,1,36,0,110,2,1,0,0.169643,0,1,1.75678,0
5830,8,8,0,107,1,8,0,110,4,2,0,0.20407,0.0661934,0.963625,4.53551,1
5831,12,12,8,110,1,12,0,110,2,3,0,0.16,0.0599944,0.971493,1.95474,0
5832,16,16,13,108,1,16,0,110,3,1,0,0.16,0.0728574,0.968725,1.26362,0
5833,52,36,4,110,1,36,0,110,0,1,0,0.16,0,1,1.14312,0
5834,28,28,11,110,1,28,0,110,2,0,0,0.16,0.0647517,0.975177,1.32901,0
5835,13,13,4,110,1,13,0,110,0,3,0,0.16,0.0676495,0.968123,1.90417,0
5836,16,16,13,109,1,16,0,110,1,0,0,0.16,0.0607281,0.973291,1.60989,0
5837,56,36,46,110,1,36,0,110,0,1,0,0.16,0,1,1.41635,0
5838,51,36,41,110,1,36,0,110,0,1,0,0.16,0,1,1.67639,0
5839,24,24,7,109,1,24,0,110,2,2,0,0.16,0.0508615,0.97306,2.66711,1
5840,42,36,16,110,1,36,0,110,0,1,0,0.16,0,1,1.63174,0
5841,40,36,14,111,1,36,0,110,1,1,0,0.16,0,1,1.42954,0
5842,21,21,2,110,1,21,0,110,0,0,0,0.16,0.0421292,0.979831,1.79337,0
5843,20,20,2,109,1,20,0,110,1,0,0,0.16,0.0646233,0.971553,1.18948,0
5844,14,14,8,109,1,14,0,110,0,2,0,0.160714,0.0782016,0.966542,2.16388,1
5845,35,35,19,110,1,35,0,110,0,2,0,0.16,0.0564146,0.972252,1.73217,0
5846,38,36,20,110,1,36,0,110,0,0,0,0.16,0.0611634,0.970761,1.77888,0
5847,58,36,57,109,1,36,0,110,1,1,0,0.16,0,1,1.64253,0
5848,31,31,6,110,1,31,0,110,0,0,0,0.16,0.0520051,0.975242,1.51059,0
5849,17,17,12,110,1,17,0,110,2,3,0,0.16,0.0679105,0.972425,1.62721,0
5850,29,29,25,107,1,29,0,110,1,2,0,0.16,0.0789976,0.964459,3.60956,1
5851,13,13,8,112,1,13,0,110,2,6,0,0.16,0.0857312,0.961167,1.69453,0
5852,29,29,26,109,1,29,0,110,1,0,0,0.16,0.0493263,0.97723,1.88373,0
5853,10,10,6,110,1,10,0,110,1,3,0,0.16,0.0688254,0.96942,1.96701,0
5854,91,36,7,110,1,36,0,110,0,1,0,0.16,0,1,0.93829,0
5855,6,6,0,109,1,6,0,110,2,6,0,0.190631,0.0865606,0.95924,1.67095,0
5856,16,16,8,110,1,16,0,110,2,4,0,0.16,0.0724495,0.965048,1.85088,0
5857,30,30,18,111,1,30,0,110,3,3,0,0.16,0.0788396,0.969266,1.82717,0
5858,26,26,18,110,1,26,0,110,0,0,0,0.16,0.0509871,0.975876,1.55368,0
5859,47,36,26,108,1,36,0,110,2,1,0,0.16,0,1,1.17936,0
5860,15,15,4,108,1,15,0,110,2,0,0,0.16,0.0526353,0.972171,3.43305,1
5861,52,36,43,110,1,36,0,110,1,1,1,0.16,0,1,1.81997,0
5862,28,28,19,110,1,28,0,110,0,1,0,0.16,0.055104,0.974044,1.60908,0
5863,18,18,15,110,1,18,0,110,3,1,0,0.16,0.0854804,0.967169,1.7458,0
5864,67,36,53,110,1,36,0,110,1,1,0,0.16,0,1,1.45604,0
5865,12,12,0,111,1,12,0,110,4,4,0,0.161925,0.0859991,0.966894,1.90046,0
5866,15,15,13,111,1,15,0,110,2,1,0,0.16,0.0825351,0.966044,1.81894,0
5867,43,36,27,110,1,36,0,110,0,1,0,0.16,0,1,1.54682,0
5868,12,12,7,110,1,12,0,110,2,2,0,0.16,0.0763523,0.968109,1.5007,0
5869,17,17,0,112,1,17,0,110,2,2,0,0.16,0.0618552,0.973437,1.86198,0
5870,17,17,3,107,1,17,0,110,3,1,0,0.16,0.0659972,0.970564,1.79091,0
5871,8,8,1,110,1,8,0,110,0,2,0,0.16,0.0681818,0.967433,1.86016,0
5872,17,17,9,110,1,17,0,110,0,1,0,0.16,0.060622,0.970564,1.68062,0
5873,33,33,21,110,1,33,0,110,0,0,0,0.16,0.0518134,0.975098,2.02354,0
5874,18,18,0,110,1,18,0,110,1,1,0,0.16,0.0569989,0.973957,1.45877,0
5875,56,36,33,110,1,36,0,110,2,1,0,0.16,0,1,1.69921,0
5876,23,23,19,108,1,23,0,110,2,2,0,0.16,0.0711075,0.972632,1.25384,0
5877,70,36,49,110,1,36,0,110,0,1,0,0.16,0,1,1.32126,0
5878,19,19,16,110,1,19,0,110,0,0,0,0.16,0.0568438,0.9739,1.10646,0
5879,27,27,22,111,1,27,0,110,1,3,0,0.16,0.0676301,0.970834,1.62652,0
5880,66,36,57,109,1,36,0,110,1,1,0,0.16,0,1,1.44641,0
5881,8,8,0,110,1,8,0,110,0,2,0,0.16,0.053276,0.973651,1.53583,0
5882,13,13,6,107,1,13,0,110,2,0,0,0.16,0.0539221,0.973314,4.20503,1
5883,32,32,8,108,1,32,0,110,2,1,0,0.16,0.0745012,0.964485,1.86672,0
5884,10,10,6,107,1,10,0,110,3,2,0,0.17615,0.0751901,0.968104,1.52889,0
5885,121,36,73,110,1,36,0,110,0,1,0,0.16,0,1,1.30044,0
5886,6,6,5,109,1,6,0,110,1,2,0,0.16,0.0548523,0.97369,1.59387,0
5887,24,24,2,112,1,24,0,110,5,5,0,0.16,0.0866815,0.967111,1.93172,0
5888,27,27,12,110,1,27,0,110,0,0,0,0.16,0.0469525,0.977776,1.27461,0
5889,62,36,23,110,1,36,0,110,0,1,0,0.16,0,1,1.70791,0
5890,29,29,11,109,1,29,0,110,1,0,0,0.16,0.0600539,0.974395,1.44024,0
5891,13,13,3,110,1,13,0,110,0,0,0,0.16,0.0495309,0.976125,1.38996,0
5892,26,26,2,110,1,26,0,110,0,0,0,0.16,0.0575293,0.973962,1.65454,0
5893,8,8,3,111,1,8,0,110,2,4,0,0.162162,0.0753901,0.966603,3.94635,1
5894,40,36,1,110,1,36,0,110,0,1,0,0.16,0,1,1.33751,0
5895,18,18,3,109,1,18,0,110,1,0,0,0.16,0.0570514,0.973719,1.83816,0
5896,32,32,1,108,1,32,0,110,2,1,0,0.16,0.0717296,0.969384,1.49461,0
5897,14,14,12,110,1,14,0,110,2,2,0,0.16,0.0647694,0.971365,1.36949,0
5898,17,17,15,110,1,17,0,110,2,3,0,0.16,0.0700508,0.973223,1.61438,0
5899,13,13,1,109,1,13,0,110,2,2,0,0.16,0.0633607,0.971694,4.19163,1
5900,32,32,17,110,1,32,0,110,2,2,0,0.16,0.0645991,0.975874,1.71737,0
5901,17,17,14,110,1,17,0,110,0,2,0,0.16,0.0547429,0.973756,1.53129,0
5902,15,15,1,110,1,15,0,110,3,2,0,0.16,0.0788452,0.969959,1.5978,0
5903,13,13,5,110,1,13,0,110,2,3,0,0.16,0.0592768,0.972296,1.56002,0
5904,25,25,2,110,1,25,0,110,0,0,0,0.16,0.042713,0.979801,1.62428,0
5905,87,36,47,110,1,36,0,110,0,1,0,0.16,0,1,1.71784,0
5906,54,36,52,109,1,36,0,110,1,1,0,0.16,0,1,1.19516,0
5907,17,17,14,110,1,17,0,110,1,1,0,0.16,0.0633381,0.974021,1.42668,0
5908,44,36,24,111,1,36,0,110,1,1,0,0.16,0,1,1.4132,0
5909,38,36,21,110,1,36,0,110,0,0,0,0.16,0.0476872,0.977423,1.63585,0
5910,29,29,19,110,1,29,0,110,0,0,0,0.16,0.0539179,0.974158,1.36293,0
5911,54,36,52,111,1,36,0,110,1,1,0,0.16,0,1,1.58082,0
5912,7,7,0,110,1,7,0,110,1,2,0,0.171895,0.0604078,0.976352,1.5747,0
5913,39,36,10,110,1,36,0,110,0,1,0,0.16,0.0402891,0.980692,1.30591,0
5914,32,32,1,110,1,32,0,110,0,2,0,0.16,0.0582796,0.972199,1.95382,0
5915,6,6,0,112,1,6,0,110,4,8,0,0.16,0.0740644,0.966978,1.67812,0
5916,19,19,7,111,1,19,0,110,2,3,0,0.162162,0.074077,0.969412,1.92847,0
5917,38,36,8,110,1,36,0,110,0,0,0,0.16,0.0476953,0.976544,1.78984,0
5918,16,16,4,111,1,16,0,110,3,1,0,0.16,0.0763033,0.974045,1.74525,0
5919,26,26,16,109,1,26,0,110,1,0,0,0.16,0.0494522,0.977587,1.5926,0
5920,23,23,10,111,1,23,0,110,1,1,0,0.16,0.0593534,0.974535,1.67613,0
5921,27,27,6,110,1,27,0,110,0,0,0,0.16,0.0482102,0.976769,1.47885,0
5922,9,9,5,109,1,9,0,110,1,1,0,0.177284,0.0640727,0.973828,1.51973,0
5923,36,36,2,110,1,36,0,110,0,0,0,0.16,0.0549153,0.974784,1.59259,0
5924,33,33,9,112,1,33,0,110,2,2,0,0.16,0.0650193,0.975135,1.38097,0
5925,22,22,2,110,1,22,0,110,2,1,0,0.16,0.0664519,0.969641,1.61678,0
5926,22,22,9,109,1,22,0,110,3,2,0,0.16,0.0725174,0.965005,4.61393,1
5927,40,36,26,110,1,36,0,110,0,1,0,0.16,0,1,1.54948,0
5928,20,20,13,110,1,20,0,110,0,2,0,0.16,0.0544892,0.974975,1.62263,0
5929,18,18,6,110,1,18,0,110,0,2,0,0.16,0.0468241,0.976975,1.50389,0
5930,57,36,8,110,1,36,0,110,2,1,0,0.16,0,1,1.53607,0
5931,22,22,2,110,1,22,0,110,0,2,0,0.163636,0.0529139,0.974374,1.40796,0
5932,27,27,0,110,1,27,0,110,0,0,0,0.16,0.0490808,0.975932,1.57146,0
5933,50,36,32,110,1,36,0,110,0,1,0,0.16,0,1,1.24559,0
5934,23,23,4,110,1,23,0,110,0,0,0,0.16,0.0499661,0.976274,1.33991,0
5935,13,13,11,110,1,13,0,110,3,1,0,0.16,0.0748603,0.969862,1.49513,0
5936,15,15,6,111,1,15,0,110,1,3,0,0.16,0.067083,0.97052,1.47103,0
5937,21,21,3,110,1,21,0,110,0,1,0,0.16,0.0488404,0.977891,1.37678,0
5938,16,16,8,109,1,16,0,110,2,0,0,0.16,0.0631184,0.974433,1.7741,0
5939,35,35,19,110,1,35,0,110,0,0,0,0.16,0.056431,0.973289,1.99123,0
5940,88,36,50,110,1,36,0,110,2,1,0,0.16,0,1,1.2478,0
5941,94,36,4,110,1,36,0,110,2,1,0,0.16,0,1,1.67055,0
5942,10,10,9,109,1,10,0,110,5,6,0,0.16,0.0842369,0.959103,4.97448,1
5943,86,36,21,110,1,36,0,110,0,1,0,0.16,0,1,1.5287,0
5944,31,31,24,110,1,31,0,110,0,0,0,0.16,0.0536204,0.974656,1.90668,0
5945,16,16,15,110,1,16,0,110,3,2,0,0.16,0.0674513,0.970141,1.5595,0
5946,22,22,12,110,1,22,0,110,0,0,0,0.16,0.0513402,0.976017,1.35767,0
5947,24,24,9,109,1,24,0,110,1,2,0,0.16,0.0587211,0.972677,1.67355,0
5948,25,25,8,110,1,25,0,110,0,0,0,0.16,0.0490714,0.97835,1.62332,0
5949,23,23,1,110,1,23,0,110,2,1,0,0.16,0.0738714,0.968405,1.39875,0
5950,20,20,4,109,1,20,0,110,1,2,0,0.16,0.055786,0.977946,1.50048,0
5951,81,36,24,110,1,36,0,110,0,1,0,0.16,0,1,1.45106,0
5952,18,18,2,109,1,18,0,110,1,1,0,0.16,0.0600246,0.97093,1.94468,0
5953,20,20,11,110,1,20,0,110,0,1,0,0.16,0.056331,0.972941,1.94383,0
5954,24,24,20,109,1,24,0,110,1,0,0,0.16,0.0666389,0.969634,1.41015,0
5955,14,14,11,111,1,14,0,110,1,4,0,0.181145,0.0655164,0.972263,1.66256,0
5956,24,24,11,108,1,24,0,110,2,1,0,0.16,0.073447,0.96974,1.41876,0
5957,39,36,0,110,1,36,0,110,0,1,0,0.16,0.0464481,0.977925,1.51367,0
5958,48,36,11,110,1,36,0,110,0,1,0,0.16,0,1,1.33668,0
5959,14,14,3,111,1,14,0,110,2,3,0,0.162162,0.0724142,0.969701,1.64461,0
5960,32,32,5,110,1,32,0,110,0,0,0,0.16,0.0518858,0.974319,1.58878,0
5961,36,36,2,109,1,36,0,110,2,1,0,0.16,0.0697568,0.970369,1.77626,0
5962,23,23,21,110,1,23,0,110,0,1,0,0.16,0.05696,0.972731,1.47379,0
5963,74,36,17,110,1,36,0,110,0,1,0,0.16,0,1,1.2932,0
5964,30,30,14,110,1,30,0,110,0,0,0,0.16,0.0563708,0.973059,1.47364,0
5965,10,10,5,110,1,10,0,110,0,2,0,0.16743,0.0587013,0.971226,1.66655,0
5966,47,36,22,110,1,36,0,110,0,1,0,0.16,0,1,1.49251,0
5967,11,11,5,112,1,11,0,110,2,2,0,0.16,0.0732233,0.97268,1.68074,0
5968,31,31,14,110,1,31,0,110,1,0,0,0.16,0.0590839,0.974512,1.6654,0
5969,8,8,6,110,1,8,0,110,0,1,0,0.16,0.0418014,0.979307,1.83969,0
5970,34,34,0,110,1,34,0,110,0,0,0,0.16,0.0540301,0.974366,1.40291,0
5971,8,8,1,109,1,8,0,110,1,0,0,0.16,0.0478887,0.973414,3.98213,1
5972,50,36,7,109,1,36,0,110,2,1,0,0.16,0,1,1.52081,0
5973,29,29,25,110,1,29,0,110,0,1,0,0.16,0.0501208,0.977279,1.62009,0
5974,11,11,1,110,1,11,0,110,2,0,0,0.16,0.0782751,0.967265,1.77226,0
5975,38,36,3,110,1,36,0,110,0,0,0,0.16,0.0568993,0.972524,1.5673,0
5976,63,36,41,109,1,36,0,110,1,1,0,0.16,0,1,1.46101,0
5977,15,15,14,109,1,15,0,110,2,1,0,0.16,0.0679003,0.969989,1.67549,0
5978,20,20,3,110,1,20,0,110,0,1,0,0.16,0.0584644,0.972034,1.37558,0
5979,30,29,27,109,1,29,0,110,5,3,1,0.16,0.0914524,0.966365,1.6395,0
5980,12,12,2,109,1,12,0,110,1,0,0,0.16,0.0516108,0.979226,1.23982,0
5981,34,34,16,110,1,34,0,110,0,0,0,0.16,0.056647,0.973566,1.91091,0
5982,36,36,7,110,1,36,0,110,0,1,0,0.16,0.0624248,0.970886,1.19003,0
5983,25,25,21,110,1,25,0,110,0,1,0,0.16,0.0505535,0.975818,1.48807,0
5984,37,36,5,110,1,36,0,110,0,0,0,0.16,0.0574743,0.971768,1.32314,0
5985,6,6,2,110,1,6,0,110,2,4,0,0.16,0.0641028,0.971654,4.37045,1
5986,40,36,2,110,1,36,0,110,0,1,0,0.16,0,1,1.36774,0
5987,21,21,14,110,1,21,0,110,0,2,0,0.16,0.0638787,0.969489,1.91329,0
5988,41,36,33,110,1,36,0,110,0,1,0,0.16,0,1,1.37656,0
5989,16,16,6,110,1,16,0,110,2,1,0,0.16,0.0702768,0.966747,1.41347,0
5990,44,36,28,110,1,36,0,110,0,1,0,0.16,0,1,1.26696,0
5991,16,16,5,110,1,16,0,110,0,1,0,0.16,0.0433628,0.979468,1.55284,0
5992,22,22,4,112,1,22,0,110,2,2,0,0.16,0.0667965,0.972603,1.70616,0
5993,11,11,4,110,1,11,0,110,4,2,0,0.16,0.0771456,0.971789,1.59307,0
5994,55,36,13,110,1,36,0,110,0,1,0,0.16,0,1,1.53435,0
5995,38,36,29,110,1,36,0,110,0,1,0,0.16,0.059972,0.971766,1.28225,0
5996,10,10,5,110,1,10,0,110,2,2,0,0.16,0.0675171,0.973941,1.0911,0
5997,15,15,11,110,1,15,0,110,0,0,0,0.16,0.0579072,0.972372,1.39179,0
5998,20,20,13,109,1,20,0,110,2,1,0,0.16,0.0743168,0.963787,4.06827,1
5999,14,14,13,111,1,14,0,110,3,4,0,0.16,0.0790874,0.966819,1.91436,0
6000,71,36,59,109,1,36,0,110,1,1,0,0.16,0,1,1.80726,0
6001,24,24,3,108,1,24,0,110,2,0,0,0.16,0.0725679,0.970123,1.70569,0
6002,58,36,47,112,1,36,0,110,2,1,0,0.16,0,1,1.70716,0
6003,66,36,14,110,1,36,0,110,0,1,0,0.16,0,1,1.75758,0
6004,51,36,28,110,1,36,0,110,0,1,0,0.16,0,1,1.34538,0
6005,11,11,4,109,1,11,0,110,1,3,0,0.16,0.0687284,0.967382,1.55818,0
6006,19,19,15,109,1,19,0,110,1,3,0,0.16,0.0595847,0.970777,4.3283,1
6007,61,36,19,109,1,36,0,110,1,1,0,0.16,0,1,1.1807,0
6008,7,7,3,110,1,7,0,110,4,4,0,0.16,0.0736867,0.972481,1.73628,0
6009,14,14,0,107,1,14,0,110,3,5,0,0.16,0.0780814,0.969577,1.6176,0
6010,9,9,7,110,1,9,0,110,1,2,0,0.16,0.0558119,0.975069,4.42778,1
6011,24,24,4,110,1,24,0,110,0,1,0,0.16,0.0553329,0.975186,1.54358,0
6012,50,36,34,110,1,36,0,110,0,1,0,0.16,0,1,1.49107,0
6013,33,33,30,108,1,33,0,110,4,2,0,0.16,0.0788748,0.970587,1.79264,0
6014,12,12,0,110,1,12,0,110,0,1,0,0.16,0.0590931,0.973757,1.59328,0
6015,7,7,3,110,1,7,0,110,0,3,0,0.16,0.0428571,0.978298,1.31208,0
6016,11,11,10,110,1,11,0,110,1,1,0,0.16,0.0568102,0.976317,1.671,0
6017,25,25,22,110,1,25,0,110,2,1,0,0.16,0.0705774,0.972378,1.54761,0
6018,73,36,66,109,1,36,0,110,1,1,0,0.16,0,1,1.81162,0
6019,114,36,22,110,1,36,0,110,0,1,0,0.16,0,1,1.82381,0
6020,18,18,7,108,1,18,0,110,3,1,0,0.185435,0.0780334,0.965799,1.31793,0
6021,20,20,11,110,1,20,0,110,2,5,0,0.16,0.0710983,0.970226,1.69707,0
6022,35,35,30,110,1,35,0,110,0,0,0,0.16,0.0501697,0.976002,1.71525,0
6023,32,31,25,112,1,31,0,110,5,4,1,0.160714,0.100673,0.967082,1.63625,0
6024,51,36,7,110,1,36,0,110,0,1,0,0.16,0,1,1.88726,0
6025,23,23,2,110,1,23,0,110,0,1,0,0.16,0.0570494,0.972929,1.19601,0
6026,48,36,13,110,1,36,0,110,0,1,0,0.16,0,1,1.65462,0
6027,4,4,3,109,1,4,0,110,5,2,0,1,0.0815357,0.970812,1.65201,0
6028,13,13,9,109,1,13,0,110,1,4,0,0.16,0.076459,0.964673,1.69216,0
6029,20,20,11,109,1,20,0,110,1,0,0,0.16,0.0562914,0.971552,1.34832,0
6030,9,9,3,108,1,9,0,110,1,1,0,0.16,0.0700599,0.970517,4.31923,1
6031,16,16,7,110,1,16,0,110,2,3,0,0.16,0.0898249,0.961936,4.8308,1
6032,15,15,0,109,1,15,0,110,1,2,0,0.16,0.0573413,0.973641,1.58587,0
6033,16,16,15,110,1,16,0,110,2,2,0,0.16,0.0860073,0.963071,2.10396,0
6034,99,36,87,109,1,36,0,110,5,1,2,0.16,0,1,1.87802,0
6035,19,19,18,111,1,19,0,110,1,3,0,0.16,0.0669965,0.970353,1.6664,0
6036,55,36,45,111,1,36,0,110,1,1,0,0.16,0,1,1.39323,0
6037,16,16,5,110,1,16,0,110,0,2,0,0.16,0.0575215,0.972683,1.48289,0
6038,17,17,1,109,1,17,0,110,3,1,0,0.16,0.0771413,0.970562,1.38276,0
6039,81,36,4,110,1,36,0,110,0,1,0,0.16,0,1,1.94938,0
6040,15,15,0,110,1,15,0,110,0,3,0,0.16,0.0453365,0.9778,1.77521,0
6041,9,9,8,108,1,9,0,110,2,0,0,0.16,0.0673717,0.968468,1.93871,0
6042,24,24,8,106,1,24,0,110,5,2,0,0.16,0.0896144,0.966042,1.29822,0
6043,62,36,0,110,1,36,0,110,0,1,0,0.16,0,1,1.65475,0
6044,7,7,5,111,1,7,0,110,6,9,0,0.16,0.0888031,0.963762,1.48406,0
6045,18,18,7,110,1,18,0,110,0,0,0,0.16,0.0447619,0.978734,1.83978,0
6046,14,14,3,110,1,14,0,110,2,3,0,0.16,0.0713759,0.97137,1.55433,0
6047,11,11,10,110,1,11,0,110,2,1,0,0.16,0.0665149,0.970555,1.39374,0
6048,12,12,3,110,1,12,0,110,2,2,0,0.16,0.0651515,0.969241,1.73844,0
6049,10,10,8,109,1,10,0,110,2,2,0,0.16,0.0750991,0.969601,1.64925,0
6050,13,13,0,110,1,13,0,110,1,3,0,0.160688,0.0723934,0.967773,1.41734,0
6051,32,32,1,110,1,32,0,110,0,1,0,0.16,0.0502026,0.976017,1.65244,0
6052,15,15,7,107,1,15,0,110,3,1,0,0.16,0.0699123,0.969429,1.81728,0
6053,45,36,31,111,1,36,0,110,1,1,0,0.16,0,1,1.45964,0
6054,5,5,2,111,1,5,0,110,1,6,0,0.198198,0.0648166,0.972574,1.7938,0
6055,29,29,25,110,1,29,0,110,0,0,0,0.16,0.0609839,0.971976,1.53654,0
6056,7,7,2,111,1,7,0,110,2,6,0,0.186052,0.0744967,0.970802,4.13882,1
6057,52,36,21,108,1,36,0,110,2,1,0,0.16,0,1,1.66827,0
6058,27,27,3,109,1,27,0,110,1,0,0,0.16,0.0534705,0.977404,1.10942,0
6059,32,32,28,110,1,32,0,110,0,2,0,0.16,0.0500501,0.977147,1.75256,0
6060,3,3,1,107,1,3,0,110,8,17,0,1,0.0987167,0.958847,5.04681,1
6061,60,36,44,110,1,36,0,110,0,1,0,0.16,0,1,1.80877,0
6062,30,30,21,109,1,30,0,110,1,2,0,0.16,0.0626921,0.967489,1.81585,0
6063,10,10,3,110,1,10,0,110,2,3,0,0.16,0.0933515,0.957661,4.87312,1
6064,9,9,7,110,1,9,0,110,1,2,0,0.16,0.0654417,0.971046,1.69339,0
6065,13,13,12,110,1,13,0,110,0,2,0,0.16,0.0577731,0.972995,1.66538,0
6066,19,19,17,110,1,19,0,110,0,0,0,0.16,0.0546675,0.973661,1.66014,0
6067,69,36,1,110,1,36,0,110,0,1,0,0.16,0,1,1.14147,0
6068,9,9,8,111,1,9,0,110,2,5,0,0.16,0.0617994,0.970809,4.43655,1
6069,11,11,2,110,1,11,0,110,1,1,0,0.16,0.0481604,0.977132,1.47316,0
6070,15,15,8,108,1,15,0,110,2,0,0,0.16,0.0611377,0.972476,1.25828,0
6071,26,25,7,112,1,25,0,110,2,5,1,0.16,0.0931044,0.970912,3.79496,1
6072,50,36,3,110,1,36,0,110,0,1,0,0.16,0,1,1.53375,0
6073,63,36,0,111,1,36,0,110,1,1,0,0.16,0,1,1.65403,0
6074,15,15,9,111,1,15,0,110,1,1,0,0.16,0.061819,0.972021,1.41245,0
6075,38,36,33,110,1,36,0,110,0,1,0,0.16,0.0654929,0.96875,1.50068,0
6076,60,36,7,110,1,36,0,110,0,1,0,0.16,0,1,1.47823,0
6077,19,19,14,112,1,19,0,110,2,2,0,0.16,0.0658119,0.975292,1.5796,0
6078,21,21,11,109,1,21,0,110,2,2,0,0.16,0.0713237,0.968343,4.50188,1
6079,18,18,14,110,1,18,0,110,2,2,0,0.16,0.0788164,0.963903,2.08652,0
6080,74,36,40,110,1,36,0,110,0,1,0,0.16,0,1,1.65791,0
6081,25,25,21,110,1,25,0,110,0,1,0,0.16,0.0433631,0.979979,1.59943,0
6082,19,19,11,110,1,19,0,110,0,0,0,0.16,0.0507118,0.975803,1.54959,0
6083,46,36,4,107,1,36,0,110,3,1,0,0.16,0,1,1.72396,0
6084,14,14,0,109,1,14,0,110,1,0,0,0.16166,0.0606546,0.97404,2.05286,0
6085,13,13,10,110,1,13,0,110,0,2,0,0.16,0.0542603,0.975429,1.57801,0
6086,78,36,39,110,1,36,0,110,0,1,0,0.16,0,1,1.70162,0
6087,11,11,7,110,1,11,0,110,1,0,0,0.16,0.068528,0.969324,1.77144,0
6088,26,26,5,109,1,26,0,110,1,0,0,0.16,0.0560922,0.974427,1.78848,0
6089,44,36,38,110,1,36,0,110,0,1,0,0.16,0,1,1.91791,0
6090,21,21,20,111,1,21,0,110,1,4,0,0.16,0.0793076,0.968698,4.05781,1
6091,34,34,21,110,1,34,0,110,0,1,0,0.16,0.0550724,0.973567,1.69749,0
6092,13,13,3,111,1,13,0,110,1,2,0,0.16,0.0537183,0.977375,1.6979,0
6093,43,36,23,111,1,36,0,110,1,1,0,0.16,0,1,1.29678,0
6094,24,24,16,110,1,24,0,110,0,0,0,0.16,0.0489529,0.978013,1.33722,0
6095,14,14,2,111,1,14,0,110,1,3,0,0.16,0.0564283,0.975786,1.26119,0
6096,30,30,25,110,1,30,0,110,0,0,0,0.16,0.0505904,0.975924,1.59803,0
6097,37,36,28,109,1,36,0,110,1,1,0,0.16,0.069222,0.969225,1.57755,0
6098,54,36,14,110,1,36,0,110,0,1,0,0.16,0,1,1.42576,0
6099,9,9,5,110,1,9,0,110,0,1,0,0.170025,0.0560992,0.973562,1.75327,0
6100,10,10,3,109,1,10,0,110,2,2,0,0.16,0.0697852,0.973707,1.24008,0
6101,92,36,18,110,1,36,0,110,0,1,0,0.16,0,1,1.655,0
6102,17,17,9,109,1,17,0,110,1,0,0,0.16,0.0578493,0.97486,1.61332,0
6103,18,18,1,112,1,18,0,110,2,4,0,0.169643,0.0852217,0.965777,1.27195,0
6104,59,36,47,110,1,36,0,110,2,1,0,0.16,0,1,1.88965,0
6105,57,36,4,109,1,36,0,110,0,1,1,0.16,0,1,2.88024,1
6106,31,31,24,110,1,31,0,110,0,0,0,0.16,0.0570402,0.973198,1.67363,0
6107,8,8,3,110,1,8,0,110,0,2,0,0.189189,0.0575973,0.973082,2.19523,1
6108,62,36,21,110,1,36,0,110,0,1,0,0.16,0,1,1.30489,0
6109,22,22,13,108,1,22,0,110,2,0,0,0.16,0.0711159,0.973898,1.3557,0
6110,63,36,36,111,1,36,0,110,1,1,0,0.16,0,1,1.79954,0
6111,13,13,10,108,1,13,0,110,3,5,0,0.16,0.0767596,0.961863,4.28093,1
6112,14,14,0,112,1,14,0,110,2,3,0,0.16,0.0649438,0.975681,1.67777,0
6113,10,10,2,110,1,10,0,110,3,3,0,0.162162,0.0907936,0.965796,1.69342,0
6114,16,16,5,112,1,16,0,110,2,3,0,0.16,0.0680804,0.972891,1.65486,0
6115,9,9,5,108,1,9,0,110,2,3,0,0.16,0.0700878,0.96898,1.27748,0
6116,15,15,14,108,1,15,0,110,3,2,0,0.16,0.0851633,0.964183,1.72018,0
6117,37,36,7,110,1,36,0,110,2,1,0,0.16,0.0768278,0.969002,1.37655,0
6118,77,36,44,110,1,36,0,110,0,1,0,0.16,0,1,1.56978,0
6119,9,9,2,110,1,9,0,110,0,3,0,0.16,0.0544372,0.973063,1.36619,0
6120,15,15,12,110,1,15,0,110,2,3,0,0.16,0.0588266,0.973877,1.65682,0
6121,38,36,19,109,1,36,0,110,1,1,0,0.16,0.0604548,0.970874,1.61955,0
6122,18,18,1,110,1,18,0,110,2,1,0,0.16,0.060881,0.975717,1.37494,0
6123,31,31,15,112,1,31,0,110,4,5,0,0.160714,0.0856687,0.972814,1.75104,0
6124,22,22,1,110,1,22,0,110,2,1,0,0.16,0.0705352,0.971904,2.08597,0
6125,16,16,9,110,1,16,0,110,0,0,0,0.16,0.0513916,0.975792,1.89857,0
6126,23,22,20,110,1,22,0,110,0,1,1,0.16,0.0486379,0.97643,1.44593,0
6127,42,36,11,110,1,36,0,110,0,1,0,0.16,0,1,1.59652,0
6128,28,28,27,108,1,28,0,110,2,0,0,0.16,0.072745,0.97044,1.73432,0
6129,45,36,2,110,1,36,0,110,0,1,0,0.16,0,1,1.49539,0
6130,35,35,9,109,1,35,0,110,1,0,0,0.16,0.0614723,0.970563,1.39071,0
6131,10,10,5,108,1,10,0,110,2,4,0,0.206734,0.0819496,0.96057,1.8145,0
6132,65,36,5,110,1,36,0,110,0,1,0,0.16,0,1,1.73788,0
6133,3,3,0,111,1,3,0,110,4,15,0,1,0.0630631,0.973733,1.62581,0
6134,12,12,3,109,1,12,0,110,2,1,0,0.16,0.065262,0.974668,1.63188,0
6135,12,12,4,110,1,12,0,110,0,1,0,0.209091,0.0625812,0.9715,1.33346,0
6136,20,20,0,111,1,20,0,110,1,1,0,0.16,0.0575574,0.974753,1.51006,0
6137,61,36,51,110,1,36,0,110,0,1,0,0.16,0,1,1.37426,0
6138,20,20,8,108,1,20,0,110,0,1,0,0.16,0.053686,0.97567,2.20207,1
6139,27,27,18,108,1,27,0,110,2,2,0,0.16,0.06868,0.972076,1.60793,0
6140,38,36,20,110,1,36,0,110,2,1,0,0.16,0.0698657,0.97139,1.52957,0
6141,9,9,6,110,1,9,0,110,0,2,0,0.181818,0.0947584,0.959493,2.52693,1
6142,37,36,34,109,1,36,0,110,1,1,0,0.16,0.0637184,0.970114,1.99944,0
6143,22,22,14,109,1,22,0,110,1,1,0,0.16,0.0667532,0.973101,1.96275,0
6144,11,11,8,109,1,11,0,110,2,2,0,0.164763,0.0656769,0.969038,1.64574,0
6145,24,24,13,107,1,24,0,110,5,1,0,0.16,0.094745,0.959963,1.57964,0
6146,8,8,3,110,1,8,0,110,3,3,0,0.16,0.0756978,0.967436,1.80429,0
6147,13,13,3,108,1,13,0,110,3,5,0,0.16,0.074241,0.967185,1.52775,0
6148,15,15,10,109,1,15,0,110,3,3,0,0.16,0.0733191,0.968161,1.90773,0
6149,39,36,26,108,1,36,0,110,2,0,0,0.16,0.0608738,0.973421,1.84593,0
6150,31,31,14,110,1,31,0,110,0,0,0,0.16,0.0522602,0.975534,1.89241,0
6151,33,33,5,110,1,33,0,110,0,0,0,0.16,0.0490763,0.976055,1.19442,0
6152,12,12,7,110,1,12,0,110,0,5,0,0.16,0.0575767,0.973384,1.75912,0
6153,7,7,0,107,1,7,0,110,3,4,0,0.16,0.0878621,0.963746,1.87861,0
6154,13,13,6,108,1,13,0,110,2,3,0,0.16,0.0687691,0.971436,1.89227,0
6155,26,26,6,110,1,26,0,110,0,1,0,0.16,0.0533403,0.97379,1.77871,0
6156,66,36,6,110,1,36,0,110,0,1,0,0.16,0,1,1.09325,0
6157,24,24,7,111,1,24,0,110,1,3,0,0.16,0.0573553,0.97485,1.70976,0
6158,74,36,48,110,1,36,0,110,0,1,0,0.16,0,1,1.33432,0
6159,10,10,5,110,1,10,0,110,1,2,0,0.16,0.0604965,0.975302,1.98656,0
6160,15,15,8,107,1,15,0,110,3,1,0,0.16,0.06912,0.973462,1.56943,0
6161,11,11,2,111,1,11,0,110,1,1,0,0.16,0.0441895,0.98182,1.88443,0
6162,24,24,18,110,1,24,0,110,2,2,0,0.16,0.0616371,0.970475,1.78769,0
6163,23,23,4,110,1,23,0,110,0,1,0,0.16,0.0720045,0.966632,2.27274,1
6164,34,34,2,110,1,34,0,110,1,1,0,0.16,0.0676657,0.971837,1.6831,0
6165,10,10,9,109,1,10,0,110,2,1,0,0.16,0.0561648,0.9769,1.94748,0
6166,6,6,2,108,1,6,0,110,2,2,0,0.16,0.0629747,0.973448,1.55727,0
6167,67,36,29,110,1,36,0,110,0,1,0,0.16,0,1,1.65556,0
6168,21,21,18,109,1,21,0,110,1,2,0,0.16,0.0682726,0.967906,1.50922,0
6169,26,26,13,110,1,26,0,110,0,0,0,0.16,0.0582842,0.972397,1.77935,0
6170,25,25,7,110,1,25,0,110,0,0,0,0.16,0.0464979,0.978351,1.67303,0
6171,12,12,2,110,1,12,0,110,0,1,0,0.172727,0.0556411,0.973005,1.65792,0
6172,26,26,0,110,1,26,0,110,0,0,0,0.16,0.0545401,0.974484,1.55131,0
6173,23,23,2,110,1,23,0,110,1,1,0,0.16,0.0607977,0.971945,1.70404,0
6174,33,33,28,109,1,33,0,110,1,0,0,0.16,0.0708192,0.96795,1.70821,0
6175,40,36,7,110,1,36,0,110,0,1,0,0.16,0,1,1.44899,0
6176,21,21,10,108,1,21,0,110,2,0,0,0.16,0.0661597,0.97441,1.60701,0
6177,28,28,20,110,1,28,0,110,1,0,0,0.16,0.0608071,0.973882,1.76704,0
6178,29,29,20,110,1,29,0,110,2,1,0,0.16,0.0675119,0.973847,1.44365,0
6179,14,14,9,111,1,14,0,110,2,2,0,0.16,0.0822417,0.966818,1.37284,0
6180,26,26,21,107,1,26,0,110,3,2,0,0.16,0.0856795,0.96841,1.44778,0
6181,37,36,15,110,1,36,0,110,0,0,0,0.16,0.0553508,0.973276,1.35668,0
6182,36,36,30,108,1,36,0,110,2,1,0,0.16,0.068667,0.97368,1.88754,0
6183,20,20,3,109,1,20,0,110,0,1,0,0.16,0.0611085,0.972924,2.22356,1
6184,82,36,9,110,1,36,0,110,0,1,0,0.16,0,1,1.46801,0
6185,32,32,12,110,1,32,0,110,2,3,0,0.16,0.0714282,0.969793,1.82518,0
6186,42,36,14,109,1,36,0,110,1,1,0,0.16,0,1,1.47283,0
6187,15,15,14,110,1,15,0,110,0,1,0,0.16,0.0612326,0.972672,1.32223,0
6188,19,19,0,110,1,19,0,110,0,1,0,0.16,0.0582244,0.973181,1.5884,0
6189,38,36,11,110,1,36,0,110,1,0,0,0.16,0.0695942,0.969882,1.5595,0
6190,17,17,7,109,1,17,0,110,2,3,0,0.16,0.0616644,0.969759,1.67757,0
6191,13,13,2,113,1,13,0,110,3,3,0,0.16,0.067351,0.97777,1.46675,0
6192,33,33,19,110,1,33,0,110,0,1,0,0.16,0.0538734,0.975095,1.75959,0
6193,13,13,10,109,1,13,0,110,3,5,0,0.16,0.0787514,0.964672,4.24912,1
6194,36,36,3,111,1,36,0,110,1,1,0,0.16,0.0673405,0.970524,1.9654,0
6195,25,25,5,110,1,25,0,110,2,0,0,0.16,0.0633834,0.978169,1.58206,0
6196,13,13,2,109,1,13,0,110,1,1,0,0.16,0.0566676,0.976257,1.31441,0
6197,23,23,2,110,1,23,0,110,0,0,0,0.16,0.0522237,0.97647,1.81556,0
6198,55,36,7,108,1,36,0,110,2,1,0,0.16,0,1,1.80455,0
6199,13,13,2,112,1,13,0,110,2,3,0,0.16,0.0700549,0.971077,1.36302,0
6200,16,16,8,109,1,16,0,110,1,0,0,0.16,0.07024,0.968154,1.56286,0
6201,32,32,9,110,1,32,0,110,0,1,0,0.16,0.0650995,0.968944,1.29155,0
6202,15,15,5,110,1,15,0,110,2,1,0,0.16,0.0627644,0.976292,1.56974,0
6203,42,36,7,110,1,36,0,110,0,1,0,0.16,0,1,1.74053,0
6204,10,10,2,110,1,10,0,110,0,6,0,0.16,0.0667724,0.969417,1.84501,0
6205,30,30,28,109,1,30,0,110,1,2,0,0.16,0.0606168,0.973423,1.58635,0
6206,21,21,15,110,1,21,0,110,0,0,0,0.16,0.0535825,0.974013,1.60363,0
6207,83,36,2,110,1,36,0,110,2,1,0,0.16,0,1,1.39883,0
6208,11,11,1,110,1,11,0,110,2,1,0,0.16,0.0640676,0.975078,1.90246,0
6209,33,32,11,110,1,32,0,110,0,2,1,0.16,0.0690616,0.966401,1.50496,0
6210,21,21,5,109,1,21,0,110,1,1,0,0.16,0.060599,0.971818,1.70548,0
6211,14,14,13,110,1,14,0,110,0,3,0,0.16,0.0648187,0.969432,1.44097,0
6212,54,36,2,109,1,36,0,110,1,1,0,0.16,0,1,1.3189,0
6213,16,16,3,111,1,16,0,110,1,2,0,0.16,0.0546965,0.976568,1.47691,0
6214,35,35,14,110,1,35,0,110,0,0,0,0.16,0.0561563,0.973546,1.40096,0
6215,42,36,20,108,1,36,0,110,0,1,0,0.16,0,1,2.47034,1
6216,42,36,40,109,1,36,0,110,1,1,0,0.16,0,1,1.82088,0
6217,44,36,32,110,1,36,0,110,0,1,0,0.16,0,1,1.56398,0
6218,22,22,19,110,1,22,0,110,2,2,0,0.163636,0.0742419,0.965325,1.39507,0
6219,21,21,19,107,1,21,0,110,2,2,0,0.16,0.0780539,0.959119,4.5891,1
6220,19,19,3,108,1,19,0,110,0,0,0,0.16,0.0652977,0.968324,2.97965,1
6221,26,26,14,110,1,26,0,110,1,0,0,0.16,0.06196,0.97292,1.48019,0
6222,23,23,21,109,1,23,0,110,3,2,0,0.16,0.0829655,0.968708,1.22796,0
6223,21,21,8,110,1,21,0,110,1,0,0,0.164763,0.0689092,0.97078,1.64597,0
6224,7,7,2,110,1,7,0,110,0,5,0,0.16,0.0555252,0.973124,1.70934,0
6225,18,18,9,111,1,18,0,110,1,2,0,0.16,0.0549791,0.976683,1.91914,0
6226,21,21,11,110,1,21,0,110,0,0,0,0.16,0.0474651,0.977248,1.36729,0
6227,4,4,0,111,1,4,0,110,3,7,0,1,0.121622,0.952293,4.65189,1
6228,23,23,21,109,1,23,0,110,1,2,0,0.16,0.0575939,0.971889,1.17292,0
6229,62,36,9,110,1,36,0,110,0,1,0,0.16,0,1,1.97005,0
6230,15,15,1,110,1,15,0,110,3,1,0,0.16,0.0663795,0.976893,1.81682,0
6231,27,27,14,111,1,27,0,110,1,2,0,0.16,0.0629013,0.973656,1.6474,0
6232,1,1,0,108,1,1,0,110,4,0,0,1,0,0,4.67942,1
6233,14,14,11,108,1,14,0,110,0,0,0,0.16,0.0486497,0.9794,2.2098,1
6234,65,36,17,110,1,36,0,110,0,1,0,0.16,0,1,1.87577,0
6235,10,10,8,109,1,10,0,110,2,2,0,0.16,0.0601041,0.974622,1.20398,0
6236,35,35,29,110,1,35,0,110,0,1,0,0.16,0.0569312,0.973157,1.54852,0
6237,17,17,9,108,1,17,0,110,2,1,0,0.16,0.0749847,0.967851,1.61809,0
6238,30,30,15,110,1,30,0,110,0,0,0,0.16,0.0483559,0.976077,1.47156,0
6239,22,22,12,110,1,22,0,110,0,0,0,0.16,0.0614848,0.971289,1.63049,0
6240,42,36,36,111,1,36,0,110,1,1,0,0.16,0,1,1.68636,0
6241,5,5,2,110,1,5,0,110,0,3,0,0.16,0.039869,0.980468,1.46923,0
6242,34,34,29,111,1,34,0,110,3,3,0,0.16,0.0875023,0.965232,1.75539,0
6243,75,36,32,110,1,36,0,110,0,1,0,0.16,0,1,1.71044,0
6244,17,17,8,111,1,17,0,110,1,1,0,0.16,0.0598121,0.976363,1.90742,0
6245,12,12,6,109,1,12,0,110,1,0,0,0.16,0.0705908,0.96896,1.95152,0
6246,29,29,25,106,1,29,0,110,4,0,0,0.16,0.0828636,0.968495,1.34109,0
6247,6,6,3,110,1,6,0,110,2,1,0,0.16,0.0513025,0.976181,1.83884,0
6248,45,36,20,110,1,36,0,110,0,1,0,0.16,0,1,1.28086,0
6249,22,22,11,109,1,22,0,110,1,0,0,0.16,0.0543533,0.976834,1.34733,0
6250,15,15,5,109,1,15,0,110,2,0,0,0.16,0.0696186,0.972425,1.50828,0
6251,12,12,5,108,1,12,0,110,2,1,0,0.16,0.0791936,0.962143,1.83627,0
6252,16,16,13,111,1,16,0,110,1,1,0,0.16,0.0637979,0.969841,1.72529,0
6253,17,17,6,109,1,17,0,110,1,0,0,0.16,0.0529943,0.978083,1.82455,0
6254,10,10,9,109,1,10,0,110,1,4,0,0.16,0.0602767,0.972338,1.78502,0
6255,25,25,24,110,1,25,0,110,0,0,0,0.16,0.0641659,0.970389,1.69582,0
6256,23,23,21,110,1,23,0,110,0,1,0,0.16,0.0539717,0.973717,1.53577,0
6257,21,21,8,108,1,21,0,110,2,2,0,0.16,0.0681998,0.970245,1.40919,0
6258,28,28,5,112,1,28,0,110,2,2,0,0.16,0.0681499,0.974029,1.59159,0
6259,20,20,3,110,1,20,0,110,0,2,0,0.16,0.049242,0.977466,1.57981,0
6260,52,36,34,109,1,36,0,110,1,1,0,0.16,0,1,1.93678,0
6261,26,26,8,110,1,26,0,110,0,0,0,0.16,0.0555784,0.974656,1.02157,0
6262,26,26,7,110,1,26,0,110,0,1,0,0.16,0.0568526,0.973439,1.64904,0
6263,80,36,4,110,1,36,0,110,0,1,0,0.16,0,1,1.11274,0
6264,20,20,17,109,1,20,0,110,1,0,0,0.16,0.0589689,0.97201,1.77176,0
6265,13,13,2,108,1,13,0,110,4,2,0,0.16,0.0750297,0.967181,1.93543,0
6266,24,24,20,110,1,24,0,110,0,0,0,0.16,0.0522532,0.974622,1.78511,0
6267,19,19,0,111,1,19,0,110,1,1,0,0.16,0.0575385,0.976491,1.82147,0
6268,3,3,1,112,1,3,0,110,4,21,0,1,0.0982143,0.960652,4.832,1
6269,11,11,4,109,1,11,0,110,1,2,0,0.16,0.0675932,0.967382,4.14983,1
6270,26,26,18,110,1,26,0,110,4,4,0,0.16,0.0727239,0.972049,1.57992,0
6271,51,36,15,108,1,36,0,110,2,1,0,0.16,0,1,1.14486,0
6272,19,19,3,110,1,19,0,110,0,2,0,0.172727,0.0667041,0.967948,1.42597,0
6273,33,33,29,110,1,33,0,110,0,0,0,0.16,0.0564976,0.972904,1.32492,0
6274,78,36,30,110,1,36,0,110,0,1,0,0.16,0,1,1.86032,0
6275,6,6,2,108,1,6,0,110,2,6,0,0.16,0.070747,0.968079,4.20149,1
6276,45,36,44,110,1,36,0,110,2,1,0,0.16,0,1,1.30094,0
6277,16,16,8,110,1,16,0,110,2,2,0,0.16,0.0707274,0.970417,1.50036,0
6278,24,23,9,110,1,23,0,110,2,2,1,0.16,0.0803717,0.965846,1.42835,0
6279,44,36,38,110,1,36,0,110,2,1,0,0.16,0,1,1.69821,0
6280,21,21,14,110,1,21,0,110,2,1,0,0.16,0.0686808,0.969272,1.4363,0
6281,9,9,0,109,1,9,0,110,2,6,0,0.16,0.0982079,0.957091,4.16559,1
6282,17,17,11,109,1,17,0,110,1,2,0,0.16,0.0629666,0.970564,1.50964,0
6283,4,4,0,108,1,4,0,110,2,3,0,1,0.0978314,0.961343,4.6746,1
6284,36,36,9,110,1,36,0,110,1,1,0,0.16,0.069933,0.969756,1.4656,0
6285,5,5,3,110,1,5,0,110,0,1,0,0.16,0.0470796,0.97685,1.24104,0
6286,77,36,26,110,1,36,0,110,0,1,0,0.16,0,1,1.2578,0
6287,16,16,9,110,1,16,0,110,0,1,0,0.16,0.0583036,0.972118,1.30774,0
6288,52,36,35,108,1,36,0,110,2,1,0,0.16,0,1,1.27473,0
6289,35,35,34,108,1,35,0,110,2,2,0,0.16,0.0737961,0.970291,1.27402,0
6290,23,23,5,110,1,23,0,110,0,1,0,0.16,0.047531,0.977453,2.01812,0
6291,58,36,45,109,1,36,0,110,1,1,0,0.16,0,1,1.92582,0
6292,12,12,9,110,1,12,0,110,1,0,0,0.16,0.0498574,0.979038,1.81261,0
6293,29,29,17,110,1,29,0,110,2,1,0,0.16,0.0637933,0.969011,3.69231,1
6294,17,17,8,109,1,17,0,110,1,2,0,0.16,0.0643525,0.96976,1.69623,0
6295,20,20,14,111,1,20,0,110,1,2,0,0.16,0.0572594,0.976098,1.51107,0
6296,27,27,2,110,1,27,0,110,0,0,0,0.16,0.0436402,0.979786,1.78224,0
6297,20,20,9,111,1,20,0,110,1,1,0,0.16,0.0647034,0.971611,1.56445,0
6298,16,16,15,112,1,16,0,110,2,2,0,0.16,0.0589667,0.975666,1.7064,0
6299,41,36,0,110,1,36,0,110,0,1,0,0.16,0,1,1.45114,0
6300,7,7,0,110,1,7,0,110,1,4,0,0.16,0.0523441,0.978285,1.86979,0
6301,32,32,17,111,1,32,0,110,1,1,0,0.16,0.060451,0.975809,1.52705,0
6302,107,36,88,110,1,36,0,110,2,1,1,0.16,0,1,1.14812,0
6303,101,36,12,110,1,36,0,110,1,1,0,0.16,0,1,1.82679,0
6304,17,17,16,112,1,17,0,110,3,3,0,0.16,0.0833422,0.969255,1.29582,0
6305,21,21,12,110,1,21,0,110,0,0,0,0.16,0.061039,0.970139,1.64567,0
6306,20,20,12,110,1,20,0,110,0,2,0,0.16,0.0484176,0.977689,1.21808,0
6307,18,18,1,110,1,18,0,110,0,0,0,0.16,0.0564213,0.9722,1.31996,0
6308,14,14,0,109,1,14,0,110,3,6,0,0.16,0.089928,0.964586,1.62712,0
6309,19,19,8,110,1,19,0,110,0,1,0,0.16,0.0675946,0.966993,1.1952,0
6310,7,7,1,109,1,7,0,110,1,2,0,0.16,0.0463111,0.982004,1.14898,0
6311,64,36,61,108,1,36,0,110,3,1,0,0.16,0,1,1.38658,0
6312,25,25,10,110,1,25,0,110,0,0,0,0.16,0.0538243,0.975093,1.83896,0
6313,34,34,4,110,1,34,0,110,2,2,0,0.16,0.0710438,0.969176,1.81127,0
6314,17,17,1,109,1,17,0,110,1,0,0,0.16,0.0460563,0.97701,1.42639,0
6315,44,36,8,113,1,36,0,110,3,1,0,0.16,0,1,1.77004,0
6316,12,12,1,110,1,12,0,110,1,2,0,0.16,0.0768751,0.966599,1.94439,0
6317,50,36,38,110,1,36,0,110,0,1,0,0.16,0,1,0.961963,0
6318,63,36,9,109,1,36,0,110,0,1,0,0.16,0,1,2.13302,1
6319,60,36,10,109,1,36,0,110,1,1,0,0.16,0,1,1.84831,0
6320,22,22,9,108,1,22,0,110,2,0,0,0.16,0.0762572,0.966569,1.73924,0
6321,40,36,10,110,1,36,0,110,0,1,0,0.16,0,1,1.54383,0
6322,26,26,8,108,1,26,0,110,6,2,0,0.180911,0.106301,0.971177,1.42987,0
6323,58,36,17,111,1,36,0,110,1,1,0,0.16,0,1,1.55703,0
6324,51,36,22,110,1,36,0,110,0,1,0,0.16,0,1,1.73044,0
6325,35,35,14,107,1,35,0,110,3,0,0,0.16,0.0736113,0.96922,1.31737,0
6326,14,14,5,108,1,14,0,110,3,2,0,0.16,0.0852735,0.966892,1.56713,0
6327,34,34,25,108,1,34,0,110,2,1,0,0.16,0.0705942,0.970912,1.83573,0
6328,8,8,7,109,1,8,0,110,3,1,0,0.16,0.0692291,0.971705,1.61883,0
6329,8,8,3,109,1,8,0,110,2,1,0,0.16,0.0511321,0.9717,4.65815,1
6330,29,29,14,108,1,29,0,110,2,0,0,0.16,0.0695826,0.966216,1.80825,0
6331,11,11,1,108,1,11,0,110,2,0,0,0.16,0.0737864,0.968757,1.42037,0
6332,16,16,8,110,1,16,0,110,3,1,0,0.16,0.0671864,0.974095,1.1983,0
6333,17,17,3,110,1,17,0,110,0,1,0,0.16,0.0474802,0.977746,1.75011,0
6334,21,21,17,110,1,21,0,110,7,5,0,0.16,0.0943255,0.966903,1.766,0
6335,8,8,1,109,1,8,0,110,1,0,0,0.16,0.0405693,0.981398,1.44291,0
6336,17,17,10,110,1,17,0,110,0,1,0,0.16,0.0590032,0.972955,1.99468,0
6337,15,15,14,110,1,15,0,110,0,1,0,0.16,0.039216,0.980816,1.54202,0
6338,10,10,4,110,1,10,0,110,1,2,0,0.16,0.0546045,0.977107,1.58889,0
6339,25,25,20,110,1,25,0,110,2,1,0,0.16,0.0698936,0.971656,1.55286,0
6340,68,36,31,110,1,36,0,110,0,1,0,0.16,0,1,1.6505,0
6341,25,25,22,111,1,25,0,110,3,3,0,0.16,0.0813642,0.970655,2.00721,0
6342,10,10,2,110,1,10,0,110,0,2,0,0.16,0.0489284,0.975751,1.50488,0
6343,14,14,5,110,1,14,0,110,2,2,0,0.16,0.0683866,0.972655,1.88686,0
6344,61,36,27,110,1,36,0,110,0,1,0,0.16,0,1,1.44073,0
6345,9,9,3,109,1,9,0,110,1,2,0,0.16,0.0527604,0.972312,4.53265,1
6346,8,8,3,113,1,8,0,110,3,7,0,0.16,0.0962389,0.960583,4.98045,1
6347,12,12,0,109,1,12,0,110,1,0,0,0.16117,0.0556925,0.973141,1.67152,0
6348,11,11,7,109,1,11,0,110,1,1,0,0.16,0.0684324,0.968211,1.68328,0
6349,23,23,13,110,1,23,0,110,2,2,0,0.16,0.0761171,0.970568,1.55792,0
6350,18,18,16,109,1,18,0,110,1,0,0,0.16,0.0633611,0.973211,1.87816,0
6351,36,36,35,110,1,36,0,110,0,2,0,0.16,0.0618107,0.970636,1.52881,0
6352,42,36,15,110,1,36,0,110,0,1,0,0.16,0,1,1.36672,0
6353,7,7,0,109,1,7,0,110,2,7,0,0.165138,0.0780338,0.965713,1.90504,0
6354,27,27,24,110,1,27,0,110,0,1,0,0.16,0.0536466,0.974425,1.31507,0
6355,37,36,17,109,1,36,0,110,2,1,0,0.16,0.0736328,0.971256,1.94225,0
6356,48,36,11,111,1,36,0,110,1,1,0,0.16,0,1,1.3991,0
6357,8,8,7,107,1,8,0,110,3,1,0,0.16,0.0710792,0.967109,2.09159,0
6358,14,14,7,109,1,14,0,110,2,4,0,0.174095,0.063586,0.972409,1.84282,0
6359,20,20,2,110,1,20,0,110,2,1,0,0.16,0.0648784,0.972489,1.1172,0
6360,20,20,1,108,1,20,0,110,2,1,0,0.16,0.061123,0.970828,1.60981,0
6361,40,36,9,109,1,36,0,110,1,1,0,0.16,0,1,1.3608,0
6362,19,19,14,110,1,19,0,110,0,6,0,0.174447,0.0889517,0.958898,2.13518,1
6363,12,12,7,109,1,12,0,110,1,1,0,0.16,0.0535323,0.977705,1.77621,0
6364,25,25,24,110,1,25,0,110,0,0,0,0.16,0.053523,0.974731,1.47137,0
6365,47,36,11,109,1,36,0,110,1,1,0,0.16,0,1,1.67854,0
6366,51,36,4,110,1,36,0,110,0,1,0,0.16,0,1,1.46095,0
6367,33,33,4,110,1,33,0,110,0,0,0,0.16,0.061524,0.970025,1.55987,0
6368,7,7,2,111,1,7,0,110,1,10,0,0.18018,0.0838598,0.96568,1.68608,0
6369,18,18,14,109,1,18,0,110,1,1,0,0.189408,0.0726663,0.966111,1.57702,0
6370,8,8,4,109,1,8,0,110,3,1,0,0.165138,0.0793204,0.968848,1.93078,0
6371,12,12,2,110,1,12,0,110,2,3,0,0.16,0.069602,0.972627,1.56939,0
6372,6,6,2,110,1,6,0,110,0,4,0,0.16,0.0571972,0.971662,2.0239,0
6373,25,25,16,108,1,25,0,110,2,0,0,0.16,0.0693992,0.972977,1.63048,0
6374,12,12,11,111,1,12,0,110,3,2,0,0.16,0.0762372,0.971003,1.44345,0
6375,28,28,5,110,1,28,0,110,0,0,0,0.16,0.0477962,0.97857,1.67401,0
6376,84,36,5,109,1,36,0,110,1,1,0,0.16,0,1,1.86022,0
6377,55,36,16,110,1,36,0,110,0,1,0,0.16,0,1,1.66149,0
6378,25,25,7,109,1,25,0,110,1,0,0,0.16,0.0583437,0.972309,1.66927,0
6379,21,21,15,110,1,21,0,110,0,0,0,0.16,0.0520506,0.974445,1.74125,0
6380,7,7,4,109,1,7,0,110,2,4,0,0.16,0.0585301,0.971573,4.87692,1
6381,20,20,16,109,1,20,0,110,1,0,0,0.16,0.0527103,0.976577,1.63162,0
6382,11,11,9,109,1,11,0,110,0,3,0,0.16,0.0615697,0.971943,2.74019,1
6383,22,22,15,108,1,22,0,110,2,0,0,0.16,0.065796,0.969712,1.41636,0
6384,13,13,5,110,1,13,0,110,0,0,0,0.16,0.0538759,0.974035,2.26728,1
6385,14,14,11,109,1,14,0,110,1,1,0,0.16,0.0572655,0.974692,1.53034,0
6386,68,36,0,110,1,36,0,110,0,1,0,0.16,0,1,1.58828,0
6387,16,16,3,114,1,16,0,110,4,9,0,0.16,0.0997426,0.959175,1.57076,0
6388,14,14,12,110,1,14,0,110,3,4,0,0.16,0.0863876,0.965871,1.73436,0
6389,23,23,5,108,1,23,0,110,2,1,0,0.162698,0.0795739,0.964614,1.67309,0
6390,58,36,8,111,1,36,0,110,1,1,0,0.16,0,1,1.8252,0
6391,12,12,4,110,1,12,0,110,1,1,0,0.16,0.0602325,0.972631,1.68658,0
6392,10,10,0,110,1,10,0,110,3,3,0,0.16,0.0607055,0.9744,1.37384,0
6393,120,36,0,110,1,36,0,110,0,1,0,0.16,0,1,1.10873,0
6394,14,14,5,110,1,14,0,110,0,0,0,0.16,0.053595,0.97395,1.59684,0
6395,14,14,3,109,1,14,0,110,1,2,0,0.16,0.0601146,0.973385,1.46351,0
6396,41,36,5,110,1,36,0,110,0,1,0,0.16,0,1,1.43112,0
6397,16,16,4,109,1,16,0,110,3,3,0,0.16,0.0658606,0.969012,1.19803,0
6398,13,13,6,110,1,13,0,110,0,1,0,0.16,0.0429963,0.979254,1.78957,0
6399,16,16,0,110,1,16,0,110,2,3,0,0.163636,0.0745283,0.968444,1.32121,0
6400,76,36,10,110,1,36,0,110,0,1,0,0.16,0,1,1.66917,0
6401,27,27,14,110,1,27,0,110,0,0,0,0.16,0.038384,0.981631,1.46119,0
6402,74,36,10,110,1,36,0,110,0,1,0,0.16,0,1,1.28329,0
6403,12,12,11,110,1,12,0,110,2,1,0,0.16,0.0614737,0.97414,1.42655,0
6404,12,12,8,110,1,12,0,110,0,1,0,0.16,0.0404771,0.980921,1.83237,0
6405,6,6,4,109,1,6,0,110,1,2,0,0.16,0.0557711,0.974443,1.85242,0
6406,28,27,0,109,1,27,0,110,5,4,1,0.16,0.0942201,0.975377,1.70542,0
6407,25,25,4,110,1,25,0,110,0,0,0,0.16,0.0652706,0.967675,1.32886,0
6408,60,36,46,110,1,36,0,110,2,1,0,0.16,0,1,1.19382,0
6409,5,5,0,109,1,5,0,110,2,4,0,0.16,0.0790952,0.970255,4.66495,1
6410,22,22,12,108,1,22,0,110,2,1,0,0.16,0.0711317,0.97013,1.5706,0
6411,21,20,8,109,1,20,0,110,1,1,1,0.16,0.0636781,0.97064,1.53399,0
6412,21,21,18,109,1,21,0,110,3,3,0,0.16,0.0696236,0.969429,1.68126,0
6413,16,16,10,110,1,16,0,110,0,3,0,0.16,0.0508188,0.976079,1.52668,0
6414,11,11,3,111,1,11,0,110,1,3,0,0.16,0.0708047,0.967559,1.62922,0
6415,22,22,6,109,1,22,0,110,1,0,0,0.16,0.0558181,0.973101,1.54759,0
6416,18,18,16,111,1,18,0,110,2,1,0,0.16,0.0785744,0.966467,2.07308,0
6417,9,9,1,111,1,9,0,110,2,3,0,0.16,0.0698209,0.97479,1.42315,0
6418,32,32,26,109,1,32,0,110,3,3,0,0.16,0.0750346,0.966378,1.64409,0
6419,41,36,10,108,1,36,0,110,4,1,0,0.16,0,1,1.57707,0
6420,21,21,19,109,1,21,0,110,1,3,0,0.16,0.0689336,0.968558,1.75939,0
6421,82,36,15,110,1,36,0,110,0,1,0,0.16,0,1,2.00783,0
6422,17,17,9,111,1,17,0,110,1,2,0,0.16,0.0508644,0.978735,1.4602,0
6423,27,27,19,110,1,27,0,110,0,2,0,0.16,0.0545875,0.973753,1.61824,0
6424,38,36,5,109,1,36,0,110,1,0,0,0.16,0.0667394,0.967578,1.73198,0
6425,28,28,16,108,1,28,0,110,2,2,0,0.16,0.0848592,0.964844,1.53859,0
6426,26,26,10,110,1,26,0,110,0,1,0,0.16,0.0549392,0.974311,1.587,0
6427,28,28,18,111,1,28,0,110,3,3,0,0.16,0.077243,0.970753,1.49108,0
6428,53,36,0,110,1,36,0,110,1,1,0,0.16,0,1,1.60119,0
6429,77,36,7,110,1,36,0,110,0,1,0,0.16,0,1,1.49941,0
6430,15,15,0,109,1,15,0,110,1,4,0,0.16,0.0682483,0.968161,1.6452,0
6431,15,15,5,111,1,15,0,110,1,1,0,0.16,0.0634244,0.972318,1.98689,0
6432,3,3,1,110,1,3,0,110,3,15,0,1,0.0991342,0.959931,5.59552,1
6433,37,36,32,110,1,36,0,110,0,1,0,0.16,0.058798,0.97164,1.76496,0
6434,41,36,15,110,1,36,0,110,0,1,0,0.16,0,1,1.62164,0
6435,12,12,6,108,1,12,0,110,2,2,0,0.183486,0.0833263,0.964059,1.465,0
6436,20,20,19,109,1,20,0,110,1,0,0,0.16,0.0537312,0.972468,1.48752,0
6437,16,16,1,110,1,16,0,110,2,2,0,0.16,0.0656875,0.972684,1.3656,0
6438,25,25,6,107,1,25,0,110,3,1,0,0.16,0.0781042,0.971796,1.45999,0
6439,22,22,4,108,1,22,0,110,2,1,0,0.16,0.0592709,0.969922,4.23424,1
6440,11,11,2,110,1,11,0,110,0,0,0,0.16,0.0427252,0.980423,1.8043,0
6441,22,22,14,109,1,22,0,110,1,0,0,0.16,0.06556,0.969781,1.46592,0
6442,43,36,31,110,1,36,0,110,0,1,0,0.16,0,1,1.60904,0
6443,7,7,6,107,1,7,0,110,6,5,0,0.16,0.055201,0.971715,5.06561,1
6444,7,7,6,107,1,7,0,110,3,6,0,0.183129,0.080435,0.9664,1.82444,0
6445,20,20,6,110,1,20,0,110,0,1,0,0.16,0.0515473,0.975202,1.82766,0
6446,23,23,7,108,1,23,0,110,2,4,0,0.16,0.0678683,0.968024,4.61486,1
6447,23,23,8,110,1,23,0,110,1,1,0,0.16,0.0674885,0.970371,1.75321,0
6448,17,16,11,110,1,16,0,110,0,2,1,0.16,0.0567363,0.972122,1.86534,0
6449,35,35,10,111,1,35,0,110,1,5,0,0.16,0.0709828,0.967123,2.01126,0
6450,93,36,15,110,1,36,0,110,0,1,0,0.16,0,1,1.989,0
6451,27,27,2,110,1,27,0,110,0,0,0,0.16,0.0517383,0.975263,1.35566,0
6452,35,35,27,108,1,35,0,110,2,1,0,0.16,0.0641443,0.974903,1.32995,0
6453,37,36,20,110,1,36,0,110,0,1,0,0.16,0.0462459,0.978555,1.71675,0
6454,10,10,8,111,1,10,0,110,1,5,0,0.16,0.0648649,0.968803,1.72258,0
6455,16,16,8,109,1,16,0,110,0,3,0,0.16,0.06793,0.965013,2.93536,1
6456,55,36,26,107,1,36,0,110,3,1,0,0.16,0,1,1.29925,0
6457,19,19,17,110,1,19,0,110,3,1,0,0.16,0.0665165,0.974849,1.7142,0
6458,20,20,10,109,1,20,0,110,1,2,0,0.16,0.0615074,0.972922,1.69703,0
6459,25,25,17,110,1,25,0,110,0,2,0,0.16,0.0577446,0.973282,1.6176,0
6460,14,14,6,110,1,14,0,110,0,1,0,0.16,0.0562169,0.97266,1.71097,0
6461,16,16,12,109,1,16,0,110,1,0,0,0.16,0.0703446,0.969863,1.75537,0
6462,9,9,4,111,1,9,0,110,1,13,0,0.16,0.0880881,0.955879,4.71308,1
6463,43,36,2,110,1,36,0,110,0,1,0,0.16,0,1,1.39963,0
6464,24,23,4,110,1,23,0,110,0,0,1,0.16,0.0563941,0.97332,1.54964,0
6465,13,13,12,109,1,13,0,110,2,0,0,0.16,0.05084,0.977662,1.17759,0
6466,28,28,9,110,1,28,0,110,0,2,0,0.16,0.0591302,0.972107,1.67557,0
6467,3,3,0,110,1,3,0,110,2,16,0,1,0.0666667,0.967476,4.48875,1
6468,30,30,10,110,1,30,0,110,1,0,0,0.16,0.0596128,0.974416,1.29749,0
6469,23,23,13,109,1,23,0,110,1,1,0,0.16,0.0633143,0.972085,1.54407,0
6470,121,36,36,110,1,36,0,110,0,1,0,0.16,0,1,1.9534,0
6471,9,9,6,110,1,9,0,110,0,1,0,0.16,0.0391744,0.980601,1.65671,0
6472,75,36,9,110,1,36,0,110,0,1,0,0.16,0,1,1.43279,0
6473,7,7,3,109,1,7,0,110,2,3,0,0.16,0.0430748,0.976139,3.74307,1
6474,16,16,13,110,1,16,0,110,1,1,0,0.16,0.0521912,0.977205,1.82014,0
6475,8,8,7,108,1,8,0,110,2,3,0,0.163636,0.0685644,0.970867,1.33499,0
6476,100,36,37,110,1,36,0,110,0,1,0,0.16,0,1,1.52131,0
6477,9,9,6,108,1,9,0,110,2,3,0,0.16,0.0672795,0.969497,1.71613,0
6478,12,12,9,111,1,12,0,110,1,2,0,0.186052,0.0726294,0.969883,1.11607,0
6479,11,11,2,111,1,11,0,110,1,3,0,0.16,0.0694846,0.969594,4.1856,1
6480,27,27,2,109,1,27,0,110,1,3,0,0.16,0.0614757,0.970642,1.49127,0
6481,62,36,59,110,1,36,0,110,0,1,0,0.16,0,1,1.6404,0
6482,51,36,44,110,1,36,0,110,0,1,0,0.16,0,1,1.70874,0
6483,12,12,5,112,1,12,0,110,2,3,0,0.16,0.0705528,0.97015,1.71557,0
6484,31,31,16,106,1,31,0,110,5,1,0,0.16,0.0901063,0.965227,1.72292,0
6485,27,27,2,110,1,27,0,110,0,0,0,0.16,0.0538074,0.974758,1.30835,0
6486,6,6,5,107,1,6,0,110,5,3,0,0.164316,0.0926378,0.961583,1.92544,0
6487,20,20,19,106,1,20,0,110,4,0,0,0.160464,0.0806679,0.960897,1.36642,0
6488,15,15,11,109,1,15,0,110,1,0,0,0.16,0.0496326,0.974859,1.31049,0
6489,11,11,7,110,1,11,0,110,0,1,0,0.16,0.0402761,0.980836,1.50759,0
6490,9,9,7,109,1,9,0,110,1,0,0,0.16,0.0625934,0.971296,1.84095,0
6491,16,16,11,110,1,16,0,110,0,1,0,0.16,0.0527935,0.974943,1.35053,0
6492,63,36,11,110,1,36,0,110,0,1,0,0.16,0,1,1.37561,0
6493,22,22,7,110,1,22,0,110,0,0,0,0.16,0.0526935,0.975197,1.60964,0
6494,12,12,11,109,1,12,0,110,2,0,0,0.16,0.06776,0.973517,1.76728,0
6495,11,11,8,109,1,11,0,110,1,0,0,0.16,0.0592729,0.972361,1.21732,0
6496,28,28,11,112,1,28,0,110,2,5,0,0.16,0.0823653,0.96641,1.58519,0
6497,13,13,5,107,1,13,0,110,3,2,0,0.16,0.0783922,0.969023,1.57456,0
6498,57,36,4,110,1,36,0,110,0,1,0,0.16,0,1,2.00827,0
6499,17,17,0,110,1,17,0,110,0,2,0,0.163636,0.0523819,0.976681,3.09391,1
6500,4,4,2,109,1,4,0,110,5,3,0,1,0.0458716,0.979934,5.14767,1
6501,45,36,2,110,1,36,0,110,0,1,0,0.16,0,1,1.59771,0
6502,22,22,9,109,1,22,0,110,3,1,0,0.165138,0.0807642,0.965836,1.53684,0
6503,53,36,45,110,1,36,0,110,0,1,0,0.16,0,1,1.74151,0
6504,3,3,0,113,1,3,0,110,3,16,0,1,0.0707965,0.969777,1.422,0
6505,45,36,28,110,1,36,0,110,0,1,0,0.16,0,1,1.76581,0
6506,38,36,15,110,1,36,0,110,0,2,0,0.16,0.0612718,0.970384,1.76012,0
6507,51,36,43,110,1,36,0,110,2,1,0,0.16,0,1,1.65441,0
6508,20,20,14,111,1,20,0,110,0,1,0,0.16,0.0595629,0.975425,2.3577,1
6509,104,36,10,110,1,36,0,110,0,1,0,0.16,0,1,1.10341,0
6510,48,36,1,109,1,36,0,110,1,1,0,0.16,0,1,1.42458,0
6511,17,17,2,110,1,17,0,110,0,0,0,0.16,0.0449679,0.978279,1.42307,0
6512,15,15,1,110,1,15,0,110,0,1,0,0.16,0.0432706,0.978707,1.48925,0
6513,58,36,1,110,1,36,0,110,0,1,0,0.16,0,1,1.43207,0
6514,32,32,26,110,1,32,0,110,0,1,0,0.16,0.0523653,0.974461,1.19473,0
6515,22,22,19,110,1,22,0,110,2,1,0,0.16,0.0640609,0.971083,1.28677,0
6516,16,16,13,110,1,16,0,110,2,2,0,0.16,0.0770123,0.969005,1.48194,0
6517,13,13,9,110,1,13,0,110,1,2,0,0.16,0.0621627,0.971603,1.17984,0
6518,16,16,14,110,1,16,0,110,0,1,0,0.16,0.0527287,0.974661,1.66772,0
6519,31,31,23,110,1,31,0,110,0,0,0,0.16,0.0647062,0.96911,1.4693,0
6520,19,19,1,111,1,19,0,110,1,3,0,0.16,0.062383,0.973661,1.64589,0
6521,31,30,1,109,1,30,0,110,1,1,1,0.16,0.0679027,0.967029,1.97593,0
6522,24,24,9,109,1,24,0,110,3,3,0,0.16,0.0762503,0.969064,1.94647,0
6523,17,17,12,111,1,17,0,110,0,6,0,0.16,0.0835373,0.965289,2.23132,1
6524,10,10,2,109,1,10,0,110,1,0,0,0.16,0.0614199,0.970508,2.01919,0
6525,40,36,29,109,1,36,0,110,1,1,0,0.16,0,1,1.94771,0
6526,8,8,4,110,1,8,0,110,2,2,0,0.16,0.0580084,0.975909,2.07761,0
6527,29,29,4,109,1,29,0,110,3,2,0,0.16,0.0765098,0.969356,1.53345,0
6528,26,26,22,110,1,26,0,110,0,2,0,0.16,0.0544732,0.973617,1.77971,0
6529,39,36,21,110,1,36,0,110,0,1,0,0.16,0.0528187,0.974784,1.13142,0
6530,18,18,12,109,1,18,0,110,3,2,0,0.16,0.0826667,0.963066,1.95456,0
6531,22,22,2,109,1,22,0,110,1,2,0,0.174312,0.0660631,0.96895,1.29968,0
6532,18,18,5,110,1,18,0,110,2,2,0,0.16,0.0738505,0.967922,2.08767,0
6533,32,32,26,110,1,32,0,110,0,0,0,0.16,0.0523825,0.974743,1.57893,0
6534,49,36,5,110,1,36,0,110,0,1,0,0.16,0,1,1.63021,0
6535,42,36,22,109,1,36,0,110,1,1,0,0.16,0,1,1.42133,0
6536,9,9,4,112,1,9,0,110,3,4,0,0.16,0.0850729,0.9686,1.81822,0
6537,11,11,5,110,1,11,0,110,0,1,0,0.16,0.0535066,0.973845,1.47933,0
6538,7,7,1,110,1,7,0,110,0,1,0,0.16,0.0322005,0.984105,1.4308,0
6539,25,25,10,110,1,25,0,110,1,4,0,0.16,0.0717859,0.966588,1.64753,0
6540,6,6,4,111,1,6,0,110,2,7,0,0.174148,0.0699305,0.967434,4.93034,1
6541,12,12,7,110,1,12,0,110,0,1,0,0.17887,0.0564356,0.97225,2.09897,0
6542,17,17,4,109,1,17,0,110,2,1,0,0.16,0.0632857,0.970294,3.74192,1
6543,22,22,15,109,1,22,0,110,3,2,0,0.16,0.0810285,0.967499,1.46712,0
6544,18,18,9,110,1,18,0,110,0,1,0,0.16,0.0482762,0.97647,1.56418,0
6545,20,20,18,111,1,20,0,110,1,2,0,0.16,0.0591618,0.974528,1.80911,0
6546,10,10,2,110,1,10,0,110,2,2,0,0.16,0.0609091,0.973038,1.61464,0
6547,13,13,0,110,1,13,0,110,0,0,0,0.16,0.0428896,0.980301,1.69211,0
6548,10,10,8,109,1,10,0,110,2,6,0,0.169105,0.0938046,0.960017,4.86957,1
6549,16,16,7,111,1,16,0,110,1,2,0,0.16,0.0630633,0.970401,1.59876,0
6550,42,36,41,108,1,36,0,110,2,1,0,0.16,0,1,1.41524,0
6551,22,22,16,109,1,22,0,110,0,2,0,0.16,0.0654849,0.971442,2.21259,1
6552,20,20,14,108,1,20,0,110,2,1,0,0.16,0.066495,0.96945,1.55204,0
6553,31,31,21,111,1,31,0,110,1,3,0,0.16,0.0657048,0.972862,1.42279,0
6554,17,17,7,110,1,17,0,110,0,0,0,0.16,0.0487115,0.978281,1.65726,0
6555,38,36,9,109,1,36,0,110,2,2,0,0.16,0.0776095,0.967578,1.49473,0
6556,24,24,8,107,1,24,0,110,3,1,0,0.16,0.0756417,0.966942,1.58669,0
6557,17,17,6,110,1,17,0,110,3,3,0,0.16,0.0876833,0.964177,1.65391,0
6558,9,9,7,108,1,9,0,110,3,2,0,0.165013,0.0675948,0.968473,1.65127,0
6559,7,7,6,107,1,7,0,110,4,8,0,0.16,0.0850418,0.956448,1.61988,0
6560,53,36,22,110,1,36,0,110,0,1,0,0.16,0,1,1.24228,0
6561,16,16,9,110,1,16,0,110,0,0,0,0.16,0.0499442,0.975795,1.16179,0
6562,62,36,55,110,1,36,0,110,0,1,0,0.16,0,1,1.54121,0
6563,11,11,5,109,1,11,0,110,3,3,0,0.16,0.0681354,0.972364,1.25371,0
6564,8,8,0,109,1,8,0,110,2,1,0,0.16,0.0639651,0.971127,1.92829,0
6565,18,18,5,109,1,18,0,110,1,0,0,0.16,0.0621766,0.973212,1.64239,0
6566,14,14,11,110,1,14,0,110,0,0,0,0.16,0.0594255,0.971366,1.44601,0
6567,33,33,9,110,1,33,0,110,0,0,0,0.16,0.0501601,0.976058,1.32551,0
6568,30,30,16,109,1,30,0,110,1,3,0,0.16,0.074948,0.965205,1.65459,0
6569,18,18,13,109,1,18,0,110,1,0,0,0.16,0.0647065,0.972192,1.54638,0
6570,9,9,6,111,1,9,0,110,2,4,0,0.16,0.0679787,0.972307,1.65814,0
6571,24,24,23,108,1,24,0,110,2,2,0,0.172619,0.080804,0.959756,4.21394,1
6572,9,9,4,111,1,9,0,110,3,8,0,0.18195,0.0939332,0.962344,1.88644,0
6573,58,36,17,110,1,36,0,110,0,1,0,0.16,0,1,1.66583,0
6574,15,15,10,109,1,15,0,110,1,2,0,0.16,0.0714237,0.969072,1.63271,0
6575,9,9,0,110,1,9,0,110,5,4,0,0.16,0.0968691,0.966023,1.7569,0
6576,36,36,2,110,1,36,0,110,0,2,0,0.16,0.0679843,0.966989,1.95425,0
6577,3,3,0,110,1,3,0,110,6,12,0,1,0.098983,0.962935,4.93717,1
6578,18,18,6,109,1,18,0,110,3,2,0,0.16,0.0857489,0.967888,1.67563,0
6579,25,25,16,109,1,25,0,110,1,2,0,0.16,0.0586985,0.970669,1.67756,0
6580,35,35,14,109,1,35,0,110,1,0,0,0.16,0.0573607,0.973828,1.74048,0
6581,11,11,7,110,1,11,0,110,0,1,0,0.16,0.0583978,0.971376,1.34003,0
6582,67,36,3,110,1,36,0,110,0,1,0,0.16,0,1,1.70074,0
6583,12,12,9,110,1,12,0,110,0,0,0,0.16,0.046678,0.977154,1.32847,0
6584,20,20,5,110,1,20,0,110,0,1,0,0.16,0.0357367,0.982894,1.75886,0
6585,12,12,3,110,1,12,0,110,2,1,0,0.16,0.0638677,0.973762,1.87514,0
6586,53,36,5,110,1,36,0,110,0,1,0,0.16,0,1,2.26739,1
6587,30,30,19,109,1,30,0,110,2,1,0,0.162135,0.079303,0.966271,1.97614,0
6588,37,36,11,109,1,36,0,110,1,0,0,0.16,0.056717,0.97062,1.42291,0
6589,14,14,12,112,1,14,0,110,2,5,0,0.16,0.0618058,0.97283,0.986498,0
6590,10,10,8,108,1,10,0,110,5,4,0,0.16,0.0949626,0.968398,1.99846,0
6591,12,12,0,109,1,12,0,110,3,1,0,0.17464,0.0652968,0.973144,1.81,0
6592,25,25,19,110,1,25,0,110,0,0,0,0.16,0.0379553,0.981066,1.5293,0
6593,24,24,0,107,1,24,0,110,3,0,0,0.16,0.078031,0.96907,1.8055,0
6594,35,35,15,111,1,35,0,110,1,2,0,0.16,0.0621982,0.973911,1.4204,0
6595,57,36,2,110,1,36,0,110,0,1,0,0.16,0,1,1.6674,0
6596,32,32,1,110,1,32,0,110,0,1,0,0.16,0.057219,0.971917,1.48298,0
6597,17,17,14,110,1,17,0,110,0,0,0,0.16,0.0466912,0.977749,1.51198,0
6598,8,8,4,110,1,8,0,110,1,2,0,0.16,0.0554771,0.975349,1.43438,0
6599,25,25,4,112,1,25,0,110,2,3,0,0.16,0.0706448,0.972157,1.48974,0
6600,12,12,6,109,1,12,0,110,1,2,0,0.16,0.065851,0.967436,1.82963,0
6601,27,27,24,109,1,27,0,110,1,1,0,0.16,0.068447,0.96878,1.3575,0
6602,87,36,4,110,1,36,0,110,0,1,0,0.16,0,1,1.1819,0
6603,15,15,3,112,1,15,0,110,2,2,0,0.16,0.06641,0.973452,1.80476,0
6604,32,32,9,110,1,32,0,110,0,2,0,0.16,0.0563485,0.973047,1.33838,0
6605,15,15,2,110,1,15,0,110,0,0,0,0.16,0.0523987,0.975085,1.70446,0
6606,55,36,36,110,1,36,0,110,0,1,0,0.16,0,1,1.59619,0
6607,71,36,40,110,1,36,0,110,0,1,0,0.16,0,1,1.33097,0
6608,21,21,14,111,1,21,0,110,3,2,0,0.16,0.0687205,0.969336,1.7223,0
6609,12,12,0,110,1,12,0,110,2,1,0,0.163636,0.0698641,0.971123,1.44505,0
6610,20,20,10,110,1,20,0,110,0,0,0,0.16,0.0576737,0.972488,1.70173,0
6611,33,32,9,110,1,32,0,110,0,1,1,0.16,0.0552096,0.974742,1.33337,0
6612,20,20,14,110,1,20,0,110,0,1,0,0.16,0.0613381,0.97113,1.69761,0
6613,13,13,10,111,1,13,0,110,1,1,0,0.16,0.0586986,0.975304,1.34646,0
6614,12,12,0,112,1,12,0,110,2,3,0,0.16,0.0721134,0.971635,2.12043,0
6615,17,17,5,109,1,17,0,110,1,5,0,0.16,0.0854624,0.964123,4.73666,1
6616,11,11,5,110,1,11,0,110,2,1,0,0.16,0.0532787,0.980011,1.21354,0
6617,7,7,4,110,1,7,0,110,1,4,0,0.16,0.0555065,0.975708,1.72955,0
6618,18,18,6,109,1,18,0,110,1,0,0,0.16,0.0561282,0.972201,1.39338,0
6619,9,9,4,112,1,9,0,110,2,4,0,0.16,0.083149,0.964154,4.28363,1
6620,46,36,0,110,1,36,0,110,0,1,0,0.16,0,1,1.66554,0
6621,6,6,4,110,1,6,0,110,2,4,0,0.236364,0.0844697,0.96262,1.82294,0
6622,12,12,10,110,1,12,0,110,3,3,0,0.16,0.0770144,0.966222,1.25061,0
6623,15,15,14,110,1,15,0,110,1,1,0,0.16,0.0697118,0.969054,1.78512,0
6624,6,6,5,111,1,6,0,110,1,7,0,0.189189,0.0867315,0.957722,1.62754,0
6625,5,5,3,112,1,5,0,110,4,6,0,0.16,0.0821429,0.963044,4.48675,1
6626,25,25,19,110,1,25,0,110,2,2,0,0.16,0.0748718,0.970751,1.3574,0
6627,6,6,1,109,1,6,0,110,1,6,0,0.183486,0.0564521,0.97293,1.90259,0
6628,17,17,15,110,1,17,0,110,1,4,0,0.16,0.0547635,0.977485,1.42053,0
6629,39,36,25,108,1,36,0,110,2,0,0,0.16,0.0588942,0.97432,1.57473,0
6630,43,36,5,110,1,36,0,110,0,1,0,0.16,0,1,1.24942,0
6631,41,36,19,110,1,36,0,110,0,1,0,0.16,0,1,1.48768,0
6632,23,23,20,110,1,23,0,110,2,3,0,0.16,0.0732539,0.969979,1.45083,0
6633,24,24,18,109,1,24,0,110,0,3,0,0.16,0.0753579,0.966592,2.13342,1
6634,18,18,9,110,1,18,0,110,0,0,0,0.16,0.0442094,0.977979,1.69159,0
6635,10,10,3,107,1,10,0,110,3,2,0,0.164454,0.0642363,0.970428,1.66532,0
6636,50,36,37,110,1,36,0,110,0,1,0,0.16,0,1,1.46663,0
6637,7,7,4,108,1,7,0,110,3,5,0,0.16,0.0840421,0.966707,1.80863,0
6638,40,36,38,110,1,36,0,110,0,1,0,0.16,0,1,2.24111,1
6639,18,18,0,110,1,18,0,110,2,1,0,0.16,0.0579408,0.973956,4.31381,1
6640,20,20,2,109,1,20,0,110,1,0,0,0.16,0.0477437,0.975659,1.53968,0
6641,33,33,26,110,1,33,0,110,0,1,0,0.16,0.0554277,0.972905,1.47047,0
6642,48,36,28,109,1,36,0,110,1,1,1,0.16,0,1,1.69468,0
6643,29,29,11,110,1,29,0,110,0,0,0,0.16,0.0475307,0.977904,1.76195,0
6644,12,12,10,110,1,12,0,110,2,2,0,0.16,0.0593777,0.976397,1.23303,0
6645,17,17,1,110,1,17,0,110,0,3,0,0.16,0.0605824,0.971361,1.54822,0
6646,50,36,33,109,1,36,0,110,1,1,0,0.16,0,1,1.9405,0
6647,12,12,9,111,1,12,0,110,1,4,0,0.16,0.073454,0.967268,2.01626,0
6648,47,36,43,110,1,36,0,110,2,1,0,0.16,0,1,1.6315,0
6649,16,16,10,109,1,16,0,110,3,0,0,0.16,0.0806965,0.965871,1.44733,0
6650,5,5,2,107,1,5,0,110,3,1,0,0.16,0.0774618,0.972495,1.63224,0
6651,63,36,17,110,1,36,0,110,0,1,0,0.16,0,1,1.64367,0
6652,29,29,12,107,1,29,0,110,3,0,0,0.16,0.0793801,0.970876,1.37357,0
6653,71,36,14,109,1,36,0,110,1,1,0,0.16,0,1,1.36364,0
6654,12,12,3,110,1,12,0,110,2,3,0,0.16,0.0780303,0.965089,1.65267,0
6655,38,36,11,110,1,36,0,110,6,4,2,0.16,0.0875454,0.967871,1.93723,0
6656,24,24,23,110,1,24,0,110,3,1,0,0.16,0.0635806,0.972735,1.92255,0
6657,39,36,27,108,1,36,0,110,2,0,0,0.16,0.0617527,0.978032,1.43998,0
6658,50,36,42,109,1,36,0,110,2,1,0,0.16,0,1,3.71773,1
6659,26,26,0,110,1,26,0,110,0,0,0,0.16,0.0614919,0.971528,1.22797,0
6660,47,36,38,110,1,36,0,110,0,1,0,0.16,0,1,1.71326,0
6661,36,36,5,110,1,36,0,110,0,0,0,0.16,0.0576891,0.973902,1.95499,0
6662,9,9,0,109,1,9,0,110,1,3,0,0.16,0.0704037,0.968254,1.61249,0
6663,26,26,11,110,1,26,0,110,0,0,0,0.16,0.0504156,0.976574,1.2597,0
6664,19,19,13,110,1,19,0,110,2,1,0,0.16,0.0686055,0.971515,1.83876,0
6665,85,36,16,110,1,36,0,110,1,1,0,0.16,0,1,1.07023,0
6666,13,13,12,109,1,13,0,110,2,1,0,0.16,0.0729946,0.967482,1.51893,0
6667,21,21,9,110,1,21,0,110,1,0,0,0.16,0.0527628,0.979185,0.987487,0
6668,49,36,38,110,1,36,0,110,0,1,0,0.16,0,1,1.54775,0
6669,19,19,4,111,1,19,0,110,1,3,0,0.16,0.0556162,0.975311,1.92617,0
6670,23,23,3,109,1,23,0,110,3,1,0,0.16,0.0776134,0.972877,1.31544,0
6671,22,22,19,109,1,22,0,110,2,1,0,0.16,0.0593243,0.973519,1.40257,0
6672,18,18,13,110,1,18,0,110,1,0,0,0.16,0.0550903,0.976218,1.54373,0
6673,24,24,13,107,1,24,0,110,2,1,0,0.16,0.0663603,0.968298,3.75233,1
6674,38,36,0,110,1,36,0,110,0,0,0,0.16,0.0494506,0.976542,1.34119,0
6675,34,34,8,110,1,34,0,110,0,1,0,0.16,0.03982,0.981686,1.11647,0
6676,41,36,4,110,1,36,0,110,0,1,0,0.16,0,1,1.5827,0
6677,20,20,5,112,1,20,0,110,2,3,0,0.16,0.0690779,0.973642,1.77665,0
6678,15,15,9,109,1,15,0,110,1,2,0,0.16,0.0590076,0.975164,1.99424,0
6679,82,36,12,110,1,36,0,110,0,1,0,0.16,0,1,1.84288,0
6680,39,36,12,110,1,36,0,110,1,1,0,0.16,0.0671399,0.970007,1.41049,0
6681,24,24,14,108,1,24,0,110,4,2,0,0.16,0.0835401,0.968012,1.72629,0
6682,66,36,23,110,1,36,0,110,0,1,0,0.16,0,1,1.32522,0
6683,22,22,21,109,1,22,0,110,2,0,0,0.16,0.075939,0.96729,1.75368,0
6684,1,1,0,111,1,1,0,110,0,0,0,1,0,0,4.42248,1
6685,27,27,0,110,1,27,0,110,0,1,0,0.16,0.059318,0.971741,1.86298,0
6686,24,24,9,112,1,24,0,110,2,6,0,0.16,0.074346,0.970256,1.38139,0
6687,46,36,26,108,1,36,0,110,2,1,0,0.16,0,1,1.52236,0
6688,16,16,14,110,1,16,0,110,2,4,0,0.16,0.080695,0.967874,1.45657,0
6689,25,25,17,110,1,25,0,110,1,1,0,0.16,0.0647063,0.972921,1.72633,0
6690,20,20,5,111,1,20,0,110,2,1,0,0.16,0.0636455,0.974302,1.51886,0
6691,22,22,15,110,1,22,0,110,0,0,0,0.16,0.0493389,0.97684,1.69715,0
6692,40,36,19,109,1,36,0,110,1,1,0,0.16,0,1,1.80838,0
6693,27,27,26,109,1,27,0,110,1,0,0,0.16,0.0542409,0.976897,1.39709,0
6694,13,13,4,108,1,13,0,110,2,0,0,0.169643,0.0797338,0.963988,4.38258,1
6695,11,11,6,109,1,11,0,110,1,1,0,0.16,0.060106,0.972359,1.8275,0
6696,25,25,18,110,1,25,0,110,0,1,0,0.16,0.0636684,0.969844,1.71159,0
6697,4,4,3,109,1,4,0,110,3,1,0,1,0.0527523,0.977651,1.64309,0
6698,15,15,8,110,1,15,0,110,0,0,0,0.16,0.0553979,0.974784,1.53524,0
6699,16,16,8,107,1,16,0,110,3,1,0,0.16,0.0700742,0.966981,1.65436,0
6700,11,11,8,110,1,11,0,110,2,2,0,0.16,0.0659081,0.972607,1.77239,0
6701,44,36,16,109,1,36,0,110,1,1,0,0.16,0,1,1.32481,0
6702,24,24,20,110,1,24,0,110,0,0,0,0.16,0.0495827,0.976317,1.28545,0
6703,78,36,57,110,1,36,0,110,2,1,0,0.16,0,1,1.6643,0
6704,11,11,8,108,1,11,0,110,2,1,0,0.16,0.0760432,0.967084,1.96175,0
6705,25,25,13,107,1,25,0,110,3,0,0,0.16,0.0811943,0.9664,1.49648,0
6706,20,20,13,111,1,20,0,110,1,2,0,0.16,0.0656697,0.970941,1.64784,0
6707,88,36,1,110,1,36,0,110,0,1,0,0.16,0,1,1.37484,0
6708,2,2,0,108,1,2,0,110,5,10,0,1,0.0789474,0.961856,4.83373,1
6709,18,18,9,110,1,18,0,110,2,2,0,0.160688,0.0770352,0.966666,1.01796,0
6710,10,10,0,109,1,10,0,110,1,0,0,0.16,0.0442407,0.977357,1.4069,0
6711,34,34,12,110,1,34,0,110,0,1,0,0.16,0.0524714,0.975696,1.37364,0
6712,69,36,2,110,1,36,0,110,0,1,0,0.16,0,1,1.66667,0
6713,56,36,38,110,1,36,0,110,0,1,0,0.16,0,1,1.8303,0
6714,17,17,9,111,1,17,0,110,1,1,0,0.16,0.0587013,0.973729,1.43734,0
6715,17,17,7,109,1,17,0,110,2,0,0,0.16,0.0706091,0.968146,1.65952,0
6716,34,34,8,109,1,34,0,110,3,4,0,0.16,0.0880053,0.962985,1.8093,0
6717,3,3,2,109,1,3,0,110,4,10,0,1,0.0533344,0.974773,5.03582,1
6718,121,36,3,110,1,36,0,110,0,1,0,0.16,0,1,1.24872,0
6719,26,26,18,111,1,26,0,110,1,1,0,0.16,0.0590551,0.975576,1.63648,0
6720,17,17,2,110,1,17,0,110,0,2,0,0.16,0.0486515,0.975618,1.83786,0
6721,16,16,2,112,1,16,0,110,1,5,0,0.16,0.0652902,0.967061,4.14264,1
6722,6,6,5,110,1,6,0,110,0,2,0,0.173874,0.0526642,0.975431,1.72822,0
6723,41,36,28,110,1,36,0,110,2,1,0,0.16,0,1,1.72411,0
6724,8,8,3,108,1,8,0,110,4,4,0,0.16,0.0736987,0.969142,1.77005,0
6725,12,12,9,111,1,12,0,110,1,1,0,0.16,0.0695134,0.971379,1.91765,0
6726,71,36,20,109,1,36,0,110,1,1,0,0.16,0,1,1.74723,0
6727,30,30,0,110,1,30,0,110,0,0,0,0.16,0.0572994,0.973662,1.48824,0
6728,48,36,29,109,1,36,0,110,7,1,2,0.169197,0,1,1.74095,0
6729,25,25,16,108,1,25,0,110,2,0,0,0.16,0.0610053,0.974451,1.65332,0
6730,17,17,6,110,1,17,0,110,2,6,0,0.16,0.0739682,0.966042,1.3349,0
6731,6,6,4,110,1,6,0,110,2,5,0,0.16,0.0603072,0.973166,4.65798,1
6732,25,25,20,110,1,25,0,110,0,1,0,0.16,0.0567768,0.974008,1.48779,0
6733,29,29,28,111,1,29,0,110,1,2,0,0.16,0.0633636,0.972998,1.81471,0
6734,51,36,25,110,1,36,0,110,0,1,0,0.16,0,1,1.80953,0
6735,30,30,26,110,1,30,0,110,1,2,0,0.16,0.0589057,0.974267,1.46917,0
6736,15,15,9,110,1,15,0,110,1,0,0,0.16,0.0533436,0.978101,1.53967,0
6737,60,36,43,110,1,36,0,110,0,1,0,0.16,0,1,1.31897,0
6738,7,7,3,108,1,7,0,110,2,3,0,0.16,0.0537628,0.974609,4.36743,1
6739,15,15,14,108,1,15,0,110,2,0,0,0.16,0.0522987,0.981078,1.90252,0
6740,22,22,11,109,1,22,0,110,1,1,0,0.16,0.0612856,0.972893,1.62477,0
6741,61,36,43,110,1,36,0,110,0,1,0,0.16,0,1,2.1277,0
6742,51,36,13,110,1,36,0,110,0,1,0,0.16,0,1,1.89854,0
6743,17,17,7,109,1,17,0,110,1,3,0,0.16,0.0611624,0.972982,1.47148,0
6744,17,17,10,110,1,17,0,110,0,0,0,0.16,0.0559068,0.97349,2.02185,0
6745,7,7,1,110,1,7,0,110,0,9,0,0.163636,0.0701299,0.965377,1.77186,0
6746,32,32,31,110,1,32,0,110,0,1,0,0.16,0.0593513,0.97149,1.48607,0
6747,56,36,1,110,1,36,0,110,0,1,0,0.16,0,1,1.44401,0
6748,63,36,3,110,1,36,0,110,0,1,0,0.16,0,1,1.80741,0
6749,23,23,3,112,1,23,0,110,2,4,0,0.16,0.0694876,0.972057,1.5591,0
6750,56,36,51,110,1,36,0,110,0,1,0,0.16,0,1,2.26365,1
6751,32,32,7,107,1,32,0,110,4,4,0,0.162651,0.097696,0.955436,4.49631,1
6752,10,10,4,110,1,10,0,110,0,0,0,0.16,0.0425162,0.979822,1.60622,0
6753,80,36,62,110,1,36,0,110,2,1,0,0.16,0,1,1.5141,0
6754,10,10,1,110,1,10,0,110,5,3,0,0.181818,0.0934899,0.963539,1.8494,0
6755,9,9,5,107,1,9,0,110,3,1,0,0.16,0.079543,0.967147,1.62536,0
6756,45,36,41,110,1,36,0,110,0,1,0,0.16,0,1,1.34503,0
6757,19,19,12,108,1,19,0,110,2,1,0,0.16,0.0731706,0.966629,1.63203,0
6758,9,9,6,110,1,9,0,110,2,1,0,0.16,0.0622835,0.971552,1.4815,0
6759,26,26,6,110,1,26,0,110,2,2,0,0.16,0.0666707,0.970658,1.3771,0
6760,11,11,8,112,1,11,0,110,2,6,0,0.16,0.067116,0.971481,5.13867,1
6761,28,28,4,109,1,28,0,110,3,1,0,0.16,0.0834636,0.969404,1.58118,0
6762,18,18,0,110,1,18,0,110,1,1,0,0.16,0.0609604,0.97295,0.880614,0
6763,46,36,10,108,1,36,0,110,2,1,0,0.16,0,1,1.14025,0
6764,23,22,18,108,1,22,0,110,3,2,1,0.16,0.0824683,0.964268,1.9924,0
6765,20,20,7,109,1,20,0,110,1,1,0,0.16,0.0632494,0.971097,1.51361,0
6766,28,28,2,109,1,28,0,110,1,1,0,0.16,0.0565844,0.97332,1.39204,0
6767,17,17,5,110,1,17,0,110,0,1,0,0.16,0.0539384,0.974291,1.46371,0
6768,23,23,0,108,1,23,0,110,0,3,0,0.16,0.0596929,0.972631,2.27931,1
6769,33,33,22,110,1,33,0,110,0,1,0,0.16,0.0591161,0.971258,2.27774,1
6770,41,36,34,109,1,36,0,110,1,1,0,0.16,0,1,1.57208,0
6771,25,25,23,109,1,25,0,110,1,0,0,0.16,0.0638911,0.97103,1.86609,0
6772,15,15,8,109,1,15,0,110,2,1,0,0.16,0.0650542,0.974249,1.38654,0
6773,16,16,10,110,1,16,0,110,1,0,0,0.16,0.0627157,0.972682,1.7085,0
6774,10,10,9,108,1,10,0,110,2,1,0,0.16,0.0589958,0.975767,1.35497,0
6775,23,23,12,108,1,23,0,110,2,2,0,0.16,0.070475,0.973231,1.58259,0
6776,10,10,7,112,1,10,0,110,2,2,0,0.16,0.0594084,0.975732,1.84082,0
6777,13,13,3,110,1,13,0,110,3,2,0,0.16,0.0766354,0.969863,1.51079,0
6778,27,27,26,109,1,27,0,110,1,1,0,0.16,0.060583,0.973854,1.66882,0
6779,31,31,3,110,1,31,0,110,0,0,0,0.163348,0.0564824,0.97276,1.61497,0
6780,21,21,7,108,1,21,0,110,2,1,0,0.16,0.0661925,0.970901,1.22644,0
6781,10,10,9,109,1,10,0,110,2,2,0,0.195884,0.0731139,0.970968,1.6643,0
6782,25,25,24,110,1,25,0,110,0,1,0,0.16,0.054945,0.974008,1.29573,0
6783,30,30,26,111,1,30,0,110,1,1,0,0.16,0.0613553,0.974346,1.44955,0
6784,15,15,5,110,1,15,0,110,2,2,0,0.16,0.0752716,0.970862,1.71052,0
6785,27,27,5,109,1,27,0,110,2,2,0,0.16,0.0655173,0.970302,1.39838,0
6786,77,36,31,110,1,36,0,110,0,1,0,0.16,0,1,1.31219,0
6787,91,36,56,110,1,36,0,110,0,1,0,0.16,0,1,1.66837,0
6788,12,12,1,110,1,12,0,110,2,1,0,0.16,0.0689814,0.968861,1.44629,0
6789,45,36,41,109,1,36,0,110,1,1,0,0.16,0,1,1.17062,0
6790,20,20,12,112,1,20,0,110,2,2,0,0.16,0.0694594,0.972755,1.30177,0
6791,77,36,5,110,1,36,0,110,0,1,0,0.16,0,1,1.30728,0
6792,15,15,14,110,1,15,0,110,0,0,0,0.16,0.0410655,0.979307,1.87595,0
6793,33,33,31,109,1,33,0,110,3,4,0,0.16,0.0851741,0.967674,1.54171,0
6794,42,36,10,110,1,36,0,110,0,1,0,0.16,0,1,1.11445,0
6795,10,10,0,108,1,10,0,110,2,1,0,0.182127,0.0683298,0.967015,1.51057,0
6796,27,27,25,110,1,27,0,110,0,0,0,0.16,0.0495144,0.976434,1.66489,0
6797,22,22,10,107,1,22,0,110,3,1,0,0.16,0.0739722,0.971544,1.22517,0
6798,19,19,8,111,1,19,0,110,3,2,0,0.16,0.079457,0.966112,1.29678,0
6799,54,36,20,110,1,36,0,110,0,1,0,0.16,0,1,1.72281,0
6800,29,29,27,109,1,29,0,110,1,3,0,0.16,0.067443,0.971092,1.39348,0
6801,23,23,22,111,1,23,0,110,1,1,0,0.16,0.0562317,0.976291,1.90582,0
6802,40,36,27,110,1,36,0,110,0,1,0,0.16,0,1,2.27024,1
6803,11,11,8,108,1,11,0,110,2,0,0,0.16,0.0770602,0.966665,1.74612,0
6804,28,28,17,111,1,28,0,110,1,2,0,0.16,0.0635231,0.972194,1.40809,0
6805,39,36,24,110,1,36,0,110,0,2,0,0.16,0.0539414,0.974154,1.3343,0
6806,18,17,1,113,1,17,0,110,5,5,1,0.16,0.100187,0.965116,1.49785,0
6807,40,36,10,110,1,36,0,110,0,1,0,0.16,0,1,1.68221,0
6808,36,36,8,110,1,36,0,110,0,2,0,0.16,0.0537441,0.974281,1.61317,0
6809,58,36,2,109,1,36,0,110,1,1,0,0.16,0,1,1.37657,0
6810,47,36,7,110,1,36,0,110,0,1,0,0.16,0,1,1.729,0
6811,75,36,34,110,1,36,0,110,0,1,0,0.16,0,1,1.24249,0
6812,11,11,5,110,1,11,0,110,0,0,0,0.16,0.0471074,0.976727,1.44761,0
6813,24,24,9,110,1,24,0,110,2,3,0,0.16,0.0822539,0.965762,1.87461,0
6814,19,19,1,110,1,19,0,110,0,0,0,0.16,0.0577227,0.971992,1.79377,0
6815,64,36,34,110,1,36,0,110,4,1,0,0.16,0,1,2.00958,0
6816,42,36,22,111,1,36,0,110,1,1,0,0.16,0,1,1.46979,0
6817,22,22,21,109,1,22,0,110,1,0,0,0.16,0.0621361,0.969778,1.30156,0
6818,22,22,18,111,1,22,0,110,1,1,0,0.16,0.0683213,0.97093,1.83503,0
6819,34,34,8,110,1,34,0,110,0,2,0,0.16,0.0687173,0.966914,1.42734,0
6820,6,6,1,109,1,6,0,110,1,0,0,0.16,0.0476473,0.979765,2.00589,0
6821,23,23,13,110,1,23,0,110,0,1,0,0.16,0.0535936,0.9747,1.8153,0
6822,20,20,1,111,1,20,0,110,1,1,0,0.16,0.0483613,0.977665,1.52716,0
6823,13,13,4,108,1,13,0,110,0,1,0,0.16,0.0708788,0.968597,2.22866,1
6824,50,36,34,110,1,36,0,110,0,1,0,0.16,0,1,1.54156,0
6825,39,36,5,110,1,36,0,110,0,1,0,0.16,0.0448897,0.978303,1.71372,0
6826,12,12,5,111,1,12,0,110,1,3,0,0.171171,0.0742104,0.967642,1.80541,0
6827,40,36,16,110,1,36,0,110,1,1,0,0.16,0,1,1.53244,0
6828,50,36,23,110,1,36,0,110,2,1,0,0.16,0,1,1.30023,0
6829,15,15,4,110,1,15,0,110,0,0,0,0.16,0.063519,0.970556,1.85744,0
6830,27,27,13,109,1,27,0,110,1,1,0,0.16,0.0577271,0.970641,1.58896,0
6831,24,24,23,109,1,24,0,110,1,1,0,0.16,0.0540445,0.971727,1.59309,0
6832,33,33,6,109,1,33,0,110,2,0,0,0.16,0.0562995,0.977775,1.42351,0
6833,37,36,26,109,1,36,0,110,1,1,0,0.16,0.0577254,0.973666,1.67293,0
6834,10,10,5,110,1,10,0,110,2,4,0,0.181818,0.0608354,0.970326,4.24771,1
6835,10,10,2,112,1,10,0,110,2,5,0,0.16,0.0684456,0.971735,1.3907,0
6836,25,25,16,110,1,25,0,110,1,1,0,0.16,0.0627494,0.97256,2.1306,0
6837,20,20,3,110,1,20,0,110,0,1,0,0.16,0.0432046,0.979727,1.39915,0
6838,24,24,6,108,1,24,0,110,0,0,0,0.16,0.0678059,0.969547,2.13683,1
6839,21,21,20,109,1,21,0,110,1,0,0,0.16,0.0505291,0.977257,1.48304,0
6840,60,36,53,110,1,36,0,110,0,1,0,0.16,0,1,1.69857,0
6841,8,8,5,109,1,8,0,110,1,0,0,0.16,0.0516186,0.978544,1.49698,0
6842,32,32,0,110,1,32,0,110,1,1,0,0.16,0.0625515,0.973331,2.0125,0
6843,20,20,18,110,1,20,0,110,1,0,0,0.16,0.0487784,0.980179,1.48395,0
6844,23,23,0,110,1,23,0,110,1,0,0,0.16,0.0614875,0.974305,1.60041,0
6845,49,36,6,108,1,36,0,110,2,1,0,0.16,0,1,1.48503,0
6846,77,36,68,110,1,36,0,110,0,1,0,0.16,0,1,1.22284,0
6847,14,14,9,111,1,14,0,110,1,2,0,0.18018,0.062819,0.973863,1.68782,0
6848,10,10,3,112,1,10,0,110,3,2,0,0.16,0.0593589,0.981952,1.2531,0
6849,40,36,1,109,1,36,0,110,1,1,0,0.16,0,1,1.88972,0
6850,16,16,13,110,1,16,0,110,0,0,0,0.16,0.0474316,0.976926,1.72453,0
6851,11,11,6,112,1,11,0,110,4,4,0,0.16,0.0817236,0.965826,1.38074,0
6852,18,18,7,109,1,18,0,110,3,1,0,0.16,0.0718244,0.96738,1.49084,0
6853,61,36,59,110,1,36,0,110,2,1,0,0.16,0,1,1.97243,0
6854,17,17,1,110,1,17,0,110,0,1,0,0.16,0.0583384,0.972693,1.2868,0
6855,15,15,6,111,1,15,0,110,2,2,0,0.16,0.0714232,0.971722,1.70834,0
6856,33,33,18,110,1,33,0,110,0,0,0,0.16,0.0532147,0.974,1.50665,0
6857,26,26,2,110,1,26,0,110,0,1,0,0.16,0.0465296,0.978139,1.49296,0
6858,21,21,15,109,1,21,0,110,1,0,0,0.16,0.0702828,0.969863,1.62104,0
6859,9,9,5,107,1,9,0,110,0,0,0,0.16,0.0712136,0.96715,2.14184,1
6860,26,26,16,110,1,26,0,110,0,1,0,0.16,0.0608217,0.971004,1.69718,0
6861,27,27,1,110,1,27,0,110,0,0,0,0.16,0.040297,0.981627,1.32009,0
6862,19,19,1,109,1,19,0,110,1,0,0,0.16,0.0655474,0.970539,1.64352,0
6863,8,8,7,109,1,8,0,110,2,2,0,0.16,0.0565707,0.975693,3.57911,1
6864,17,17,10,110,1,17,0,110,3,5,0,0.16,0.0856472,0.968969,1.42952,0
6865,26,24,12,106,1,24,0,110,1,3,2,0.16,0.0884194,0.961742,4.62266,1
6866,30,30,13,112,1,30,0,110,4,3,0,0.160714,0.0832234,0.972649,1.69159,0
6867,11,11,7,110,1,11,0,110,0,1,0,0.16,0.047562,0.978367,1.76239,0
6868,42,36,2,110,1,36,0,110,0,1,0,0.16,0,1,1.76308,0
6869,50,36,42,110,1,36,0,110,0,1,0,0.16,0,1,1.55749,0
6870,44,36,35,109,1,36,0,110,0,1,0,0.16,0,1,2.23977,1
6871,29,29,25,110,1,29,0,110,0,2,0,0.16,0.0600905,0.971975,1.63879,0
6872,18,18,2,110,1,18,0,110,2,1,0,0.16,0.0632615,0.972199,1.96353,0
6873,14,14,12,106,1,14,0,110,4,1,0,0.16,0.0737307,0.966267,4.58744,1
6874,20,20,8,110,1,20,0,110,0,0,0,0.16,0.0399773,0.981085,1.32662,0
6875,19,19,7,110,1,19,0,110,0,2,0,0.16,0.0665984,0.967706,2.21118,1
6876,6,6,3,110,1,6,0,110,0,4,0,0.16,0.0527861,0.973923,1.71556,0
6877,16,16,12,111,1,16,0,110,1,1,0,0.16,0.0482739,0.979648,1.12431,0
6878,46,36,13,110,1,36,0,110,0,1,0,0.16,0,1,2.07036,0
6879,11,11,1,110,1,11,0,110,0,0,0,0.16,0.0383962,0.982065,1.56406,0
6880,35,34,21,110,1,34,0,110,2,1,1,0.16,0.0657677,0.973833,1.21856,0
6881,13,13,12,110,1,13,0,110,0,3,0,0.16,0.0526341,0.975428,1.51458,0
6882,27,27,22,112,1,27,0,110,2,2,0,0.16,0.0705264,0.972574,1.45248,0
6883,36,36,24,110,1,36,0,110,0,0,0,0.16,0.0492014,0.976041,1.75925,0
6884,11,11,10,110,1,11,0,110,0,2,0,0.185552,0.0580973,0.970962,1.71335,0
6885,8,8,7,110,1,8,0,110,0,1,0,0.16,0.0443182,0.978743,2.03425,0
6886,11,11,6,111,1,11,0,110,1,4,0,0.16,0.0687376,0.968782,1.82864,0
6887,27,27,12,110,1,27,0,110,0,0,0,0.16,0.0577019,0.972914,1.72958,0
6888,17,17,9,108,1,17,0,110,2,0,0,0.16,0.0756776,0.966767,1.3998,0
6889,15,15,8,110,1,15,0,110,0,1,0,0.16,0.0420521,0.979306,1.53791,0
6890,28,28,15,110,1,28,0,110,0,0,0,0.16,0.0516758,0.97582,1.33836,0
6891,53,36,13,110,1,36,0,110,0,1,0,0.16,0,1,1.69153,0
6892,49,36,41,110,1,36,0,110,2,1,0,0.16,0,1,2.1099,0
6893,12,12,1,111,1,12,0,110,1,2,0,0.16,0.0582832,0.974368,1.47335,0
6894,16,16,14,109,1,16,0,110,1,0,0,0.16,0.0618915,0.971006,1.17801,0
6895,72,36,28,110,1,36,0,110,0,1,0,0.16,0,1,1.93216,0
6896,21,21,3,110,1,21,0,110,0,0,0,0.16,0.0429707,0.979184,1.56949,0
6897,33,32,7,112,1,32,0,110,2,4,1,0.16,0.0799678,0.967275,1.45898,0
6898,13,13,8,110,1,13,0,110,0,1,0,0.16,0.062501,0.970907,1.88598,0
6899,46,36,23,109,1,36,0,110,1,1,0,0.16,0,1,1.54257,0
6900,47,36,27,109,1,36,0,110,1,1,0,0.16,0,1,1.59624,0
6901,16,16,11,111,1,16,0,110,1,2,0,0.16,0.0512237,0.979093,1.79611,0
6902,16,16,0,111,1,16,0,110,1,3,0,0.16,0.0636261,0.97321,1.64898,0
6903,14,14,2,109,1,14,0,110,2,2,0,0.16,0.0614794,0.971433,1.59972,0
6904,14,14,5,108,1,14,0,110,2,0,0,0.16,0.0590377,0.975773,1.82682,0
6905,76,36,73,110,1,36,0,110,0,1,0,0.16,0,1,1.52282,0
6906,21,21,5,111,1,21,0,110,2,2,0,0.16,0.0707314,0.968698,4.58817,1
6907,9,9,4,111,1,9,0,110,3,3,0,0.16,0.0696735,0.973302,2.05535,0
6908,23,23,0,110,1,23,0,110,0,0,0,0.16,0.0584117,0.972141,1.62792,0
6909,32,32,30,110,1,32,0,110,0,1,0,0.16,0.0532091,0.974034,1.70227,0
6910,18,18,4,110,1,18,0,110,2,2,0,0.16,0.0689564,0.97069,1.83337,0
6911,22,22,17,110,1,22,0,110,2,1,0,0.181818,0.0684871,0.970261,1.19001,0
6912,10,10,4,109,1,10,0,110,4,2,0,0.16,0.0739786,0.962746,4.50255,1
6913,46,36,27,110,1,36,0,110,2,1,0,0.16,0,1,1.23989,0
6914,65,36,23,109,1,36,0,110,1,1,0,0.16,0,1,1.89356,0
6915,45,36,27,112,1,36,0,110,3,1,0,0.16,0,1,1.4225,0
6916,30,29,23,110,1,29,0,110,2,4,1,0.16,0.0773001,0.966984,2.06052,0
6917,63,36,10,110,1,36,0,110,0,1,0,0.16,0,1,1.21384,0
6918,29,29,8,109,1,29,0,110,1,0,0,0.16,0.0593737,0.974236,1.71411,0
6919,19,19,5,109,1,19,0,110,1,1,0,0.16,0.0593356,0.973658,1.72677,0
6920,24,24,13,110,1,24,0,110,0,1,0,0.16,0.0447636,0.978959,1.29534,0
6921,7,7,2,110,1,7,0,110,2,9,0,0.16,0.0830825,0.962136,4.57719,1
6922,13,13,4,110,1,13,0,110,0,2,0,0.16,0.0651712,0.969861,1.52494,0
6923,65,36,45,110,1,36,0,110,0,1,0,0.16,0,1,1.61647,0
6924,18,18,12,108,1,18,0,110,3,0,0,0.16,0.0772106,0.972197,0.93241,0
6925,13,13,4,109,1,13,0,110,1,2,0,0.16,0.0641381,0.971342,1.86057,0
6926,18,18,14,110,1,18,0,110,0,1,0,0.16,0.0539726,0.974209,1.53352,0
6927,35,35,10,110,1,35,0,110,0,0,0,0.16,0.0513326,0.976002,1.58702,0
6928,12,12,5,109,1,12,0,110,1,0,0,0.16,0.0421813,0.979225,1.85081,0
6929,25,25,15,111,1,25,0,110,1,1,0,0.16,0.0627436,0.971369,1.72141,0
6930,17,17,5,108,1,17,0,110,2,0,0,0.16,0.0633035,0.974902,1.79818,0
6931,11,11,0,107,1,11,0,110,0,0,0,0.16,0.0849159,0.965509,2.17727,1
6932,22,22,19,109,1,22,0,110,1,1,0,0.16,0.0605085,0.971647,1.76061,0
6933,18,18,11,109,1,18,0,110,1,0,0,0.16,0.056845,0.972198,1.40517,0
6934,14,14,6,111,1,14,0,110,2,1,0,0.16,0.0557513,0.978988,1.81625,0
6935,6,6,5,110,1,6,0,110,0,2,0,0.16,0.0450523,0.977689,1.44255,0
6936,18,18,17,110,1,18,0,110,0,1,0,0.16,0.0450231,0.978231,1.373,0
6937,7,7,3,111,1,7,0,110,2,12,0,0.162162,0.0746461,0.965685,1.54133,0
6938,48,36,4,108,1,36,0,110,2,1,0,0.16,0,1,1.67534,0
6939,25,25,8,110,1,25,0,110,0,0,0,0.16,0.0587367,0.970931,1.34577,0
6940,33,33,13,110,1,33,0,110,0,0,0,0.16,0.0526692,0.975233,1.64721,0
6941,12,12,9,110,1,12,0,110,6,5,0,0.196069,0.115922,0.957173,1.97239,0
6942,23,23,13,109,1,23,0,110,1,0,0,0.16,0.0531681,0.974866,1.60165,0
6943,57,36,33,110,1,36,0,110,0,1,0,0.16,0,1,1.61385,0
6944,19,19,10,110,1,19,0,110,2,4,0,0.16,0.0723256,0.969851,2.06068,0
6945,17,17,2,110,1,17,0,110,0,1,0,0.16,0.0626632,0.971629,2.0333,0
6946,32,32,11,110,1,32,0,110,0,1,0,0.16,0.0511178,0.976723,1.48711,0
6947,52,36,2,110,1,36,0,110,0,1,0,0.16,0,1,1.43998,0
6948,28,27,2,111,1,27,0,110,3,4,1,0.16,0.0833522,0.966849,1.68676,0
6949,33,33,19,110,1,33,0,110,0,0,0,0.16,0.0596664,0.972765,1.37375,0
6950,37,36,4,110,1,36,0,110,0,0,0,0.16,0.0514173,0.975913,1.2388,0
6951,9,9,1,111,1,9,0,110,2,4,0,0.16,0.102891,0.958355,4.26916,1
6952,43,36,1,111,1,36,0,110,1,1,0,0.16,0,1,1.3771,0
6953,27,27,24,110,1,27,0,110,0,0,0,0.16,0.0509121,0.975597,2.27182,1
6954,25,25,18,110,1,25,0,110,0,0,0,0.16,0.0395448,0.981427,1.4568,0
6955,16,16,3,109,1,16,0,110,1,3,0,0.16,0.0596975,0.97329,1.55614,0
6956,12,12,3,107,1,12,0,110,1,4,0,0.16,0.084834,0.96373,2.77685,1
6957,14,14,13,109,1,14,0,110,2,2,0,0.16,0.0702579,0.97078,1.77054,0
6958,43,36,19,110,1,36,0,110,2,1,0,0.16,0,1,1.2922,0
6959,52,36,34,108,1,36,0,110,2,1,0,0.16,0,1,1.70353,0
6960,2,2,0,108,1,2,0,110,9,13,0,1,0.087963,0.957271,4.93941,1
6961,60,36,41,110,1,36,0,110,0,1,0,0.16,0,1,1.48617,0
6962,13,13,1,110,1,13,0,110,0,3,0,0.16,0.0602687,0.971601,1.32177,0
6963,9,9,2,109,1,9,0,110,0,5,0,0.162135,0.0829411,0.965211,2.26955,1
6964,19,19,17,110,1,19,0,110,0,1,0,0.16,0.0663019,0.96866,1.32637,0
6965,10,10,8,110,1,10,0,110,0,5,0,0.163636,0.0595369,0.970779,1.6706,0
6966,17,17,12,110,1,17,0,110,0,0,0,0.16,0.0593214,0.97056,1.71755,0
6967,17,17,14,111,1,17,0,110,1,1,0,0.16,0.0541755,0.978738,1.08055,0
6968,9,9,3,111,1,9,0,110,3,1,0,0.16,0.0806041,0.969311,1.60454,0
6969,5,5,1,111,1,5,0,110,1,6,0,0.163348,0.0643433,0.969887,4.69207,1
6970,19,19,1,110,1,19,0,110,3,2,0,0.16,0.0726772,0.967232,1.72875,0
6971,41,36,37,110,1,36,0,110,0,1,0,0.16,0,1,1.53847,0
6972,49,36,24,110,1,36,0,110,0,1,0,0.16,0,1,1.49677,0
6973,13,13,10,110,1,13,0,110,2,1,0,0.16,0.0679712,0.974733,1.50615,0
6974,22,22,6,112,1,22,0,110,2,2,0,0.16,0.0668503,0.971191,1.47324,0
6975,21,21,3,109,1,21,0,110,3,1,0,0.16,0.0703326,0.971385,1.90175,0
6976,25,25,22,109,1,25,0,110,1,0,0,0.16,0.0715797,0.966647,1.63296,0
6977,28,28,2,109,1,28,0,110,1,2,0,0.16,0.061481,0.969568,1.83261,0
6978,24,24,2,110,1,24,0,110,0,1,0,0.16,0.0381491,0.981976,1.36319,0
6979,29,29,6,107,1,29,0,110,3,0,0,0.16,0.0795234,0.968307,1.65131,0
6980,71,36,55,110,1,36,0,110,0,1,0,0.16,0,1,1.48103,0
6981,8,8,2,110,1,8,0,110,2,2,0,0.16,0.0675549,0.969128,1.81935,0
6982,32,32,5,110,1,32,0,110,0,1,0,0.16,0.0567375,0.972906,1.63429,0
6983,15,15,14,109,1,15,0,110,1,0,0,0.165138,0.0574142,0.971817,1.94707,0
6984,20,20,10,110,1,20,0,110,0,1,0,0.16,0.0575559,0.973166,1.78784,0
6985,44,36,11,111,1,36,0,110,1,1,0,0.16,0,1,1.36197,0
6986,11,11,4,110,1,11,0,110,4,2,0,0.16,0.0828252,0.970142,1.84833,0
6987,13,13,3,110,1,13,0,110,1,3,0,0.16,0.0549517,0.975781,1.80372,0
6988,75,36,69,110,1,36,0,110,0,1,0,0.16,0,1,1.60965,0
6989,11,11,10,106,1,11,0,110,2,0,0,0.16,0.0787222,0.966041,4.08799,1
6990,13,13,4,107,1,13,0,110,3,0,0,0.16,0.0641632,0.969021,1.55098,0
6991,26,26,11,112,1,26,0,110,2,4,0,0.16,0.0744104,0.972371,1.31409,0
6992,29,29,24,109,1,29,0,110,1,0,0,0.16,0.0701302,0.967469,1.60348,0
6993,19,19,13,111,1,19,0,110,1,2,0,0.16,0.0576174,0.975077,2.00102,0
6994,19,19,8,109,1,19,0,110,1,1,0,0.16,0.0676892,0.968375,1.45896,0
6995,5,5,4,110,1,5,0,110,2,2,0,0.160688,0.0707617,0.96962,1.7032,0
6996,16,16,11,111,1,16,0,110,1,1,0,0.189189,0.0736607,0.967604,1.96841,0
6997,24,24,0,108,1,24,0,110,2,1,0,0.16,0.0611688,0.968588,3.80676,1
6998,18,18,0,109,1,18,0,110,1,1,0,0.16,0.0593265,0.96941,1.7052,0
6999,15,15,13,110,1,15,0,110,4,2,0,0.16,0.0844347,0.966639,1.8637,0
7000,3,3,0,110,1,3,0,110,4,14,0,1,0.0666667,0.967468,5.2013,1
7001,15,15,1,109,1,15,0,110,1,0,0,0.16,0.0557609,0.973945,1.90771,0
7002,73,36,39,109,1,36,0,110,3,1,1,0.16,0,1,1.29184,0
7003,50,36,1,109,1,36,0,110,2,1,0,0.16,0,1,1.62132,0
7004,14,14,6,109,1,14,0,110,1,1,0,0.16,0.0534297,0.978278,1.75293,0
7005,7,7,1,108,1,7,0,110,2,0,0,0.16,0.054206,0.975917,1.50577,0
7006,52,36,23,109,1,36,0,110,1,1,0,0.16,0,1,1.6211,0
7007,6,6,0,109,1,6,0,110,2,2,0,0.16,0.0588089,0.971404,4.13867,1
7008,34,33,5,110,1,33,0,110,3,1,1,0.16,0.0767036,0.972629,1.48847,0
7009,90,36,31,110,1,36,0,110,0,1,0,0.16,0,1,1.31864,0
7010,55,36,10,109,1,36,0,110,1,1,0,0.16,0,1,1.14773,0
7011,38,36,33,110,1,36,0,110,0,0,0,0.16,0.0567927,0.973402,1.66747,0
7012,27,27,10,110,1,27,0,110,0,2,0,0.16,0.0602111,0.971741,1.70964,0
7013,7,7,1,110,1,7,0,110,2,7,0,0.181818,0.0764842,0.967958,1.92038,0
7014,12,12,6,107,1,12,0,110,3,1,0,0.16,0.0617426,0.971868,1.46529,0
7015,41,36,34,110,1,36,0,110,2,1,0,0.16,0,1,1.43138,0
7016,16,16,7,111,1,16,0,110,2,2,0,0.16,0.0695928,0.970685,1.75848,0
7017,22,22,19,110,1,22,0,110,4,3,0,0.16,0.0805346,0.965113,1.55898,0
7018,23,23,13,111,1,23,0,110,1,2,0,0.16,0.0526211,0.977263,1.66704,0
7019,18,18,3,110,1,18,0,110,1,3,0,0.16,0.0719001,0.965664,1.91262,0
7020,47,36,33,109,1,36,0,110,2,1,0,0.16,0,1,1.37472,0
7021,19,19,15,110,1,19,0,110,0,0,0,0.16,0.0503408,0.975327,1.54007,0
7022,73,36,10,110,1,36,0,110,0,1,0,0.16,0,1,1.40787,0
7023,10,10,9,110,1,10,0,110,0,0,0,0.16,0.0451507,0.978466,1.2768,0
7024,11,11,7,109,1,11,0,110,2,0,0,0.166202,0.071966,0.971112,1.57898,0
7025,8,8,1,108,1,8,0,110,2,1,0,0.16,0.057581,0.971442,1.91023,0
7026,25,25,2,108,1,25,0,110,2,0,0,0.16,0.0604713,0.969105,2.10654,0
7027,33,33,22,108,1,33,0,110,2,0,0,0.16,0.0619224,0.976453,1.13634,0
7028,29,29,16,109,1,29,0,110,1,1,0,0.16,0.0654114,0.966998,1.47484,0
7029,30,30,19,106,1,30,0,110,4,1,0,0.165081,0.0949246,0.964536,1.70674,0
7030,19,19,1,110,1,19,0,110,0,1,0,0.16,0.0486239,0.976284,1.34933,0
7031,74,36,1,110,1,36,0,110,0,1,0,0.16,0,1,1.93356,0
7032,49,36,35,110,1,36,0,110,0,1,0,0.16,0,1,1.78544,0
7033,14,14,13,112,1,14,0,110,3,4,0,0.16,0.0770353,0.968066,1.6561,0
7034,15,15,2,110,1,15,0,110,0,0,0,0.16,0.0518568,0.974784,1.50642,0
7035,11,11,4,110,1,11,0,110,1,1,0,0.163796,0.0586945,0.974248,3.24588,1
7036,31,31,6,107,1,31,0,110,3,1,0,0.16,0.0769764,0.971251,1.26017,0
7037,11,11,7,110,1,11,0,110,1,0,0,0.16,0.051684,0.977135,1.09085,0
7038,44,36,38,110,1,36,0,110,0,1,0,0.16,0,1,1.55938,0
7039,3,3,0,109,1,3,0,110,5,15,0,1,0.0810606,0.959576,4.94233,1
7040,8,8,2,110,1,8,0,110,2,6,0,0.16,0.0844087,0.965735,4.56707,1
7041,35,35,22,111,1,35,0,110,1,1,0,0.16,0.0673615,0.970964,1.56507,0
7042,45,36,7,108,1,36,0,110,2,1,0,0.16,0,1,1.12224,0
7043,42,36,37,109,1,36,0,110,0,1,0,0.16,0,1,2.27283,1
7044,21,21,8,110,1,21,0,110,2,2,0,0.16,0.0605857,0.977244,1.42548,0
7045,23,23,21,109,1,23,0,110,1,0,0,0.16,0.0548939,0.972483,1.66476,0
7046,63,36,33,110,1,36,0,110,0,1,0,0.16,0,1,1.53058,0
7047,30,30,3,109,1,30,0,110,1,0,0,0.16,0.0619484,0.973271,1.4312,0
7048,98,36,15,110,1,36,0,110,0,1,0,0.16,0,1,1.62351,0
7049,6,6,4,111,1,6,0,110,2,6,0,0.189189,0.0761003,0.969668,4.32083,1
7050,3,3,1,110,1,3,0,110,5,10,0,1,0.0512149,0.976503,4.44464,1
7051,13,13,12,110,1,13,0,110,2,1,0,0.16,0.0653616,0.973694,1.54038,0
7052,33,33,8,110,1,33,0,110,0,0,0,0.16,0.0519778,0.975783,1.50397,0
7053,48,36,32,109,1,36,0,110,1,1,0,0.16,0,1,1.47443,0
7054,73,36,21,108,1,36,0,110,0,1,0,0.16,0,1,2.2176,1
7055,47,36,41,110,1,36,0,110,0,1,0,0.16,0,1,1.7997,0
7056,101,36,69,110,1,36,0,110,0,1,0,0.16,0,1,1.56871,0
7057,7,7,3,110,1,7,0,110,0,1,0,0.16,0.0447205,0.980224,1.60814,0
7058,17,17,11,109,1,17,0,110,1,0,0,0.16,0.0598344,0.971905,1.99973,0
7059,37,36,19,110,1,36,0,110,0,0,0,0.16,0.0630377,0.969505,1.52322,0
7060,9,9,1,108,1,9,0,110,2,0,0,0.16,0.0616221,0.97308,1.40109,0
7061,51,36,14,108,1,36,0,110,4,1,2,0.16,0,1,1.77429,0
7062,11,11,7,110,1,11,0,110,4,2,0,0.16,0.0741192,0.973434,1.39849,0
7063,26,26,7,111,1,26,0,110,2,2,0,0.16,0.0668783,0.972817,1.38822,0
7064,27,27,14,109,1,27,0,110,1,0,0,0.16,0.0636884,0.972671,1.63412,0
7065,13,13,10,108,1,13,0,110,2,1,0,0.16,0.0690722,0.969307,1.91656,0
7066,18,18,14,110,1,18,0,110,0,2,0,0.190909,0.066626,0.96943,1.79243,0
7067,50,36,10,110,1,36,0,110,0,1,0,0.16,0,1,1.66922,0
7068,11,11,2,109,1,11,0,110,1,2,0,0.16,0.0900565,0.963649,4.41134,1
7069,19,19,17,112,1,19,0,110,2,3,0,0.16,0.0730907,0.970152,1.8751,0
7070,37,36,23,109,1,36,0,110,1,1,0,0.16,0.0565796,0.97151,1.42015,0
7071,8,8,1,108,1,8,0,110,3,0,0,0.189408,0.0736094,0.969144,1.49004,0
7072,13,13,4,109,1,13,0,110,2,0,0,0.16,0.066672,0.974853,1.30577,0
7073,50,36,5,110,1,36,0,110,0,1,0,0.16,0,1,1.65658,0
7074,8,8,6,111,1,8,0,110,2,8,0,0.16,0.0784229,0.963807,4.97131,1
7075,23,23,12,110,1,23,0,110,0,2,0,0.16,0.0572328,0.972338,2.09778,0
7076,6,6,5,108,1,6,0,110,3,7,0,0.28,0.0856043,0.961943,1.53794,0
7077,23,23,13,110,1,23,0,110,0,0,0,0.16,0.0655481,0.970367,1.67825,0
7078,18,18,0,111,1,18,0,110,1,2,0,0.16,0.0574035,0.975686,1.52578,0
7079,11,11,6,110,1,11,0,110,0,0,0,0.16,0.0560566,0.973839,1.87843,0
7080,13,13,4,112,1,13,0,110,2,3,0,0.16,0.0671872,0.970739,1.87298,0
7081,27,27,6,110,1,27,0,110,0,0,0,0.16,0.0425643,0.979284,1.39343,0
7082,4,4,2,107,1,4,0,110,2,2,0,1,0.0978157,0.951687,4.61527,1
7083,11,11,8,110,1,11,0,110,2,3,0,0.16,0.0660315,0.969317,1.47064,0
7084,7,7,6,110,1,7,0,110,2,6,0,0.16,0.0634972,0.972476,2.49628,1
7085,10,10,8,109,1,10,0,110,2,3,0,0.16,0.0647185,0.96823,4.16356,1
7086,54,36,43,108,1,36,0,110,4,1,1,0.174174,0,1,1.81919,0
7087,16,16,14,111,1,16,0,110,1,1,0,0.16,0.0638237,0.970964,1.42119,0
7088,19,19,14,107,1,19,0,110,3,0,0,0.16,0.0736889,0.970236,1.49872,0
7089,22,22,7,109,1,22,0,110,1,0,0,0.16,0.0542435,0.974554,1.71511,0
7090,35,35,24,110,1,35,0,110,0,0,0,0.16,0.0520666,0.975484,1.19463,0
7091,15,15,1,109,1,15,0,110,1,1,0,0.16,0.0588005,0.97425,1.45757,0
7092,45,36,16,110,1,36,0,110,0,1,0,0.16,0,1,1.70878,0
7093,19,19,8,110,1,19,0,110,0,1,0,0.16,0.056677,0.973185,1.26427,0
7094,22,22,21,108,1,22,0,110,2,1,0,0.16,0.0617057,0.971179,1.66731,0
7095,27,27,9,110,1,27,0,110,0,3,0,0.16,0.0503719,0.975766,1.52681,0
7096,26,26,16,110,1,26,0,110,0,0,0,0.16,0.0571673,0.973614,1.69603,0
7097,42,36,17,110,1,36,0,110,4,1,0,0.16,0,1,1.44278,0
7098,12,12,4,108,1,12,0,110,2,0,0,0.16,0.0660036,0.972129,4.69645,1
7099,26,26,7,110,1,26,0,110,0,2,0,0.16,0.0517734,0.975704,1.82844,0
7100,22,22,4,108,1,22,0,110,2,1,0,0.16,0.0720735,0.968456,1.67568,0
7101,17,17,11,108,1,17,0,110,3,1,0,0.16,0.0547023,0.973272,2.06643,0
7102,68,36,53,108,1,36,0,110,2,1,0,0.16,0,1,1.29737,0
7103,12,12,3,110,1,12,0,110,0,0,0,0.16,0.054804,0.975267,1.49027,0
7104,15,15,11,109,1,15,0,110,3,1,0,0.16,0.073222,0.969381,1.8567,0
7105,6,6,2,107,1,6,0,110,6,3,0,0.196262,0.0922038,0.964685,1.94909,0
7106,15,15,8,108,1,15,0,110,3,0,0,0.16,0.0795725,0.966025,1.46937,0
7107,32,31,10,109,1,31,0,110,4,2,1,0.16,0.0836465,0.970305,1.55656,0
7108,83,36,13,110,1,36,0,110,0,1,0,0.16,0,1,1.51198,0
7109,51,36,9,109,1,36,0,110,1,1,0,0.16,0,1,1.36134,0
7110,26,26,12,108,1,26,0,110,0,4,0,0.16,0.0715391,0.966575,3.00516,1
7111,6,6,3,109,1,6,0,110,4,6,0,0.16,0.0814976,0.966082,1.88775,0
7112,10,10,4,110,1,10,0,110,0,2,0,0.163636,0.0661947,0.96897,1.35459,0
7113,7,7,2,110,1,7,0,110,2,7,0,0.16,0.0646674,0.971835,1.88082,0
7114,26,26,20,110,1,26,0,110,1,1,0,0.16,0.0565026,0.973615,1.41308,0
7115,14,14,3,112,1,14,0,110,5,3,0,0.16,0.0783037,0.971557,1.88517,0
7116,11,11,5,108,1,11,0,110,3,0,0,0.16,0.0720899,0.973781,1.87561,0
7117,54,36,31,110,1,36,0,110,0,1,0,0.16,0,1,1.82461,0
7118,61,36,49,110,1,36,0,110,0,1,0,0.16,0,1,1.77318,0
7119,42,36,33,108,1,36,0,110,2,1,0,0.16,0,1,1.70937,0
7120,24,24,14,110,1,24,0,110,0,0,0,0.16,0.0562187,0.973677,1.63568,0
7121,22,22,3,111,1,22,0,110,2,3,0,0.16,0.0615997,0.977047,1.61952,0
7122,16,16,4,111,1,16,0,110,1,3,0,0.16,0.0706816,0.969564,1.66293,0
7123,14,14,6,110,1,14,0,110,0,0,0,0.16,0.052901,0.974923,1.73087,0
7124,49,36,8,110,1,36,0,110,0,1,0,0.16,0,1,1.40249,0
7125,25,25,8,108,1,25,0,110,2,0,0,0.16,0.0624128,0.972608,1.79697,0
7126,65,36,12,110,1,36,0,110,0,1,0,0.16,0,1,1.65928,0
7127,27,27,22,110,1,27,0,110,0,3,0,0.16,0.0590563,0.971911,1.33787,0
7128,19,19,3,110,1,19,0,110,0,1,0,0.16,0.0532798,0.974611,1.84005,0
7129,27,27,19,108,1,27,0,110,2,1,0,0.16,0.0699811,0.968492,1.93284,0
7130,48,36,32,110,1,36,0,110,0,1,0,0.16,0,1,1.78058,0
7131,20,20,4,110,1,20,0,110,0,0,0,0.16,0.0549025,0.974296,1.13607,0
7132,15,15,11,109,1,15,0,110,1,0,0,0.16,0.0633296,0.972422,1.56561,0
7133,10,10,3,111,1,10,0,110,1,4,0,0.16,0.0747748,0.965659,2.06005,0
7134,17,17,14,108,1,17,0,110,2,1,0,0.16,0.0570074,0.972461,1.8447,0
7135,25,25,24,109,1,25,0,110,1,0,0,0.16,0.0603844,0.970667,1.68206,0
7136,18,18,8,110,1,18,0,110,3,2,0,0.16,0.0795624,0.968426,1.51347,0
7137,15,15,3,107,1,15,0,110,2,0,0,0.16,0.0663056,0.970052,4.15865,1
7138,41,36,1,110,1,36,0,110,0,1,0,0.16,0,1,1.64666,0
7139,14,14,2,110,1,14,0,110,2,1,0,0.16,0.0563941,0.977835,1.41845,0
7140,28,28,26,110,1,28,0,110,0,1,0,0.16,0.0666431,0.970487,1.29177,0
7141,6,6,0,110,1,6,0,110,1,2,0,0.16,0.0522623,0.977688,1.71187,0
7142,28,28,16,110,1,28,0,110,2,1,0,0.16,0.067402,0.970651,1.36325,0
7143,80,36,18,110,1,36,0,110,3,1,0,0.16,0,1,1.2525,0
7144,14,14,8,108,1,14,0,110,0,3,0,0.16,0.0646956,0.972156,2.16358,1
7145,26,26,9,110,1,26,0,110,0,0,0,0.16,0.0559399,0.974136,1.63255,0
7146,95,36,29,110,1,36,0,110,0,1,0,0.16,0,1,1.33889,0
7147,22,22,9,108,1,22,0,110,2,0,0,0.16,0.0666345,0.968034,1.55396,0
7148,24,24,12,109,1,24,0,110,1,0,0,0.16,0.0548395,0.975724,1.61147,0
7149,37,36,2,110,1,36,0,110,0,0,0,0.16,0.0470927,0.976669,1.36104,0
7150,31,31,19,111,1,31,0,110,3,3,0,0.171171,0.0852194,0.967653,1.51132,0
7151,11,11,0,112,1,11,0,110,2,2,0,0.16,0.0713289,0.970671,1.53616,0
7152,22,22,12,109,1,22,0,110,1,1,0,0.16,0.0519484,0.977458,1.53329,0
7153,57,36,49,109,1,36,0,110,3,1,1,0.16,0,1,1.32831,0
7154,21,21,12,109,1,21,0,110,1,1,0,0.16,0.0735256,0.966605,1.56843,0
7155,25,25,8,108,1,25,0,110,2,0,0,0.177441,0.0736186,0.969661,1.29775,0
7156,18,18,14,109,1,18,0,110,2,0,0,0.189658,0.0724967,0.969916,1.20433,0
7157,7,7,0,109,1,7,0,110,3,5,0,0.16,0.0797021,0.964402,1.7596,0
7158,9,9,1,109,1,9,0,110,1,0,0,0.16,0.0601096,0.974842,1.72539,0
7159,22,22,7,109,1,22,0,110,2,1,0,0.165138,0.0750678,0.968948,1.74079,0
7160,22,21,19,107,1,21,0,110,5,3,1,0.16,0.0883706,0.965318,1.94814,0
7161,20,20,4,111,1,20,0,110,1,1,0,0.16,0.0670031,0.971164,2.08948,0
7162,40,36,6,109,1,36,0,110,1,1,0,0.16,0,1,1.62208,0
7163,12,12,10,110,1,12,0,110,1,1,0,0.16,0.0578398,0.975267,1.83294,0
7164,37,36,15,111,1,36,0,110,1,2,0,0.16,0.0722419,0.968035,1.45754,0
7165,30,30,1,110,1,30,0,110,0,0,0,0.16,0.0511197,0.975322,1.27909,0
7166,11,11,3,109,1,11,0,110,1,2,0,0.16,0.057036,0.972777,1.91822,0
7167,20,20,4,110,1,20,0,110,1,1,0,0.16,0.0506966,0.977015,1.32231,0
7168,16,16,6,112,1,16,0,110,2,3,0,0.16,0.078512,0.967613,1.7585,0
7169,19,19,9,109,1,19,0,110,1,0,0,0.16,0.0585729,0.97294,1.70328,0
7170,24,24,4,110,1,24,0,110,0,0,0,0.16,0.0515944,0.975188,1.24968,0
7171,22,22,14,108,1,22,0,110,2,2,0,0.176213,0.084885,0.965313,1.79638,0
7172,30,30,4,110,1,30,0,110,0,0,0,0.16,0.0509802,0.976076,1.55484,0
7173,18,18,9,108,1,18,0,110,3,0,0,0.161563,0.0833977,0.966568,1.70057,0
7174,14,14,11,109,1,14,0,110,1,0,0,0.201368,0.0673075,0.969477,1.47296,0
7175,25,25,4,110,1,25,0,110,0,0,0,0.16,0.043307,0.979076,1.71151,0
7176,15,15,11,110,1,15,0,110,0,2,0,0.16,0.0544167,0.973579,1.33066,0
7177,23,23,11,110,1,23,0,110,2,2,0,0.16,0.0661186,0.975288,3.63435,1
7178,36,36,17,109,1,36,0,110,1,0,0,0.16,0.0532836,0.976075,1.72748,0
7179,22,22,11,110,1,22,0,110,2,1,0,0.16,0.0643159,0.976016,1.66399,0
7180,14,14,13,108,1,14,0,110,2,2,0,0.16,0.0625908,0.973146,1.40861,0
7181,24,24,1,110,1,24,0,110,0,0,0,0.16,0.0498807,0.975943,1.80624,0
7182,11,11,3,111,1,11,0,110,1,3,0,0.16,0.0654762,0.971635,1.73825,0
7183,15,15,10,109,1,15,0,110,1,0,0,0.16,0.0528352,0.973946,1.49057,0
7184,25,25,21,107,1,25,0,110,1,1,0,0.16,0.0790293,0.96212,4.34844,1
7185,11,11,6,108,1,11,0,110,3,0,0,0.16,0.0614202,0.975037,1.75294,0
7186,37,36,13,109,1,36,0,110,1,0,0,0.16,0.0588763,0.97278,1.98122,0
7187,56,36,35,110,1,36,0,110,0,1,0,0.16,0,1,1.81872,0
7188,37,36,33,109,1,36,0,110,0,0,0,0.16,0.0493062,0.976963,2.23533,1
7189,33,33,2,107,1,33,0,110,3,1,0,0.16,0.0789377,0.969613,1.71414,0
7190,76,36,35,110,1,36,0,110,0,1,0,0.16,0,1,1.40375,0
7191,24,24,9,109,1,24,0,110,1,2,0,0.16,0.0757791,0.966398,1.28842,0
7192,38,36,30,110,1,36,0,110,1,1,0,0.16,0.0592088,0.973402,1.55001,0
7193,63,36,15,109,1,36,0,110,1,1,0,0.16,0,1,1.62379,0
7194,15,15,14,108,1,15,0,110,3,1,0,0.171059,0.0845618,0.967562,2.023,0
7195,28,28,26,110,1,28,0,110,2,2,0,0.16,0.0706646,0.972591,2.11853,0
7196,25,25,5,110,1,25,0,110,0,1,0,0.16,0.0475,0.977084,1.25446,0
7197,12,12,3,110,1,12,0,110,2,5,0,0.16,0.0749454,0.965851,4.7422,1
7198,35,35,4,110,1,35,0,110,0,0,0,0.16,0.0423826,0.979492,1.20151,0
7199,14,14,0,112,1,14,0,110,3,3,0,0.16,0.0786204,0.969017,1.71824,0
7200,59,36,21,109,1,36,0,110,1,1,0,0.16,0,1,1.19562,0
7201,31,31,29,110,1,31,0,110,2,1,0,0.16,0.0712438,0.973198,1.48011,0
7202,18,18,15,110,1,18,0,110,0,1,0,0.16,0.0596073,0.97069,1.43398,0
7203,6,6,1,109,1,6,0,110,5,6,0,0.16,0.0651059,0.972922,1.78834,0
7204,19,19,11,110,1,19,0,110,0,1,0,0.16,0.0516062,0.975089,1.86787,0
7205,23,23,18,108,1,23,0,110,2,1,0,0.16,0.0727323,0.96702,3.23961,1
7206,19,19,12,110,1,19,0,110,4,4,0,0.16,0.0871842,0.965091,1.45194,0
7207,52,36,4,110,1,36,0,110,0,1,0,0.16,0,1,1.787,0
7208,27,27,19,110,1,27,0,110,0,0,0,0.16,0.0516391,0.975762,1.66987,0
7209,29,29,27,110,1,29,0,110,0,1,0,0.16,0.0649508,0.970572,1.62772,0
7210,26,26,12,109,1,26,0,110,1,0,0,0.16,0.0620763,0.970391,1.40129,0
7211,16,16,0,111,1,16,0,110,1,3,0,0.16,0.0605541,0.973207,1.55449,0
7212,29,29,10,110,1,29,0,110,0,0,0,0.16,0.04309,0.980555,1.60188,0
7213,28,27,6,107,1,27,0,110,3,0,1,0.16,0.0804607,0.969576,1.28919,0
7214,37,36,3,110,1,36,0,110,0,0,0,0.16,0.0461207,0.977171,1.27334,0
7215,12,12,3,110,1,12,0,110,2,2,0,0.16,0.0627628,0.970744,1.83649,0
7216,22,22,13,111,1,22,0,110,2,3,0,0.16,0.0795716,0.969096,1.23839,0
7217,35,35,18,110,1,35,0,110,1,2,0,0.16,0.0621045,0.971737,1.27114,0
7218,10,10,9,110,1,10,0,110,1,2,0,0.16,0.0536525,0.978014,1.86456,0
7219,20,20,9,109,1,20,0,110,2,2,0,0.16,0.0734903,0.968357,1.87402,0
7220,26,26,12,108,1,26,0,110,2,1,0,0.16,0.0896613,0.963206,3.88628,1
7221,3,3,1,110,1,3,0,110,3,18,0,1,0.0895268,0.961446,4.48901,1
7222,18,18,17,110,1,18,0,110,0,0,0,0.16,0.0572742,0.973703,1.6918,0
7223,15,15,2,110,1,15,0,110,0,0,0,0.16,0.0520958,0.975989,1.50314,0
7224,17,17,11,107,1,17,0,110,0,2,0,0.16,0.0650259,0.970293,2.13857,1
7225,11,11,8,110,1,11,0,110,2,0,0,0.16,0.0581627,0.978368,1.77152,0
7226,17,17,8,110,1,17,0,110,0,1,0,0.16,0.0543512,0.976152,1.34139,0
7227,24,24,18,110,1,24,0,110,2,3,0,0.16,0.0614804,0.971982,1.65165,0
7228,18,18,1,108,1,18,0,110,3,2,0,0.16,0.0620968,0.97041,1.50988,0
7229,15,15,3,109,1,15,0,110,1,0,0,0.16,0.0478116,0.979119,1.41604,0
7230,5,5,4,108,1,5,0,110,1,4,0,0.177104,0.100562,0.95894,4.81629,1
7231,14,14,12,109,1,14,0,110,1,0,0,0.16,0.0568876,0.974696,1.50187,0
7232,12,12,5,110,1,12,0,110,0,1,0,0.16,0.0547692,0.975267,2.09918,0
7233,28,28,5,110,1,28,0,110,0,1,0,0.16,0.0536449,0.974206,1.17962,0
7234,81,36,75,110,1,36,0,110,0,1,0,0.16,0,1,1.44187,0
7235,13,13,9,110,1,13,0,110,0,1,0,0.16,0.0543274,0.974039,1.78039,0
7236,6,6,1,110,1,6,0,110,2,4,0,0.16,0.0542359,0.979201,1.5662,0
7237,13,13,4,110,1,13,0,110,2,2,0,0.16,0.0696803,0.970209,1.40612,0
7238,13,13,5,109,1,13,0,110,0,2,0,0.16,0.061837,0.970288,2.87546,1
7239,48,36,37,110,1,36,0,110,0,1,0,0.16,0,1,1.62333,0
7240,2,2,0,109,1,2,0,110,5,4,0,1,0.0401786,0.98041,4.77457,1
7241,50,36,1,110,1,36,0,110,0,1,0,0.16,0,1,1.62961,0
7242,20,20,11,110,1,20,0,110,0,0,0,0.16,0.0507807,0.976106,1.62118,0
7243,5,5,2,111,1,5,0,110,1,2,0,0.16,0.0467193,0.98064,1.70094,0
7244,19,19,13,110,1,19,0,110,2,1,0,0.16,0.0696134,0.967708,1.51738,0
7245,38,36,20,110,1,36,0,110,0,0,0,0.16,0.0514605,0.975412,1.78805,0
7246,18,18,15,106,1,18,0,110,4,0,0,0.16,0.0769334,0.965421,1.78649,0
7247,7,7,1,111,1,7,0,110,2,11,0,0.216216,0.0985172,0.957997,4.63771,1
7248,17,17,8,110,1,17,0,110,2,1,0,0.16,0.0645072,0.973224,1.90903,0
7249,28,28,13,110,1,28,0,110,0,0,0,0.16,0.0380471,0.981803,1.66226,0
7250,32,32,1,111,1,32,0,110,1,1,0,0.16,0.0633225,0.972868,1.64042,0
7251,23,23,10,111,1,23,0,110,1,1,0,0.16,0.0569975,0.975317,1.2926,0
7252,28,28,5,110,1,28,0,110,0,0,0,0.16,0.049539,0.976469,1.47046,0
7253,38,36,3,110,1,36,0,110,2,3,0,0.16,0.0761261,0.970635,1.83379,0
7254,24,24,8,110,1,24,0,110,2,0,0,0.16,0.0687481,0.972924,1.63498,0
7255,17,17,3,109,1,17,0,110,1,0,0,0.16,0.0555855,0.975934,1.69091,0
7256,92,36,69,110,1,36,0,110,0,1,0,0.16,0,1,1.74227,0
7257,13,13,10,106,1,13,0,110,4,4,0,0.162051,0.0818974,0.960067,3.62965,1
7258,34,34,14,110,1,34,0,110,0,0,0,0.16,0.0555351,0.974896,1.70607,0
7259,57,36,38,110,1,36,0,110,0,1,0,0.16,0,1,1.48248,0
7260,13,13,7,109,1,13,0,110,1,1,0,0.16,0.0551423,0.974152,1.769,0
7261,28,28,13,107,1,28,0,110,3,1,0,0.16,0.0700635,0.969502,1.42671,0
7262,95,36,31,110,1,36,0,110,0,1,1,0.16,0,1,1.49384,0
7263,49,36,25,110,1,36,0,110,0,1,0,0.16,0,1,1.08476,0
7264,54,36,3,110,1,36,0,110,1,1,0,0.16,0,1,1.46183,0
7265,23,23,20,110,1,23,0,110,0,1,0,0.16,0.0677895,0.96801,1.72235,0
7266,60,36,58,109,1,36,0,110,1,1,0,0.16,0,1,1.52952,0
7267,64,36,1,110,1,36,0,110,0,1,0,0.16,0,1,1.32552,0
7268,46,36,44,107,1,36,0,110,3,1,0,0.16,0,1,1.78513,0
7269,17,17,5,108,1,17,0,110,2,1,0,0.16,0.0614268,0.973549,1.37738,0
7270,13,13,5,110,1,13,0,110,2,1,0,0.16,0.0721505,0.974734,1.86436,0
7271,25,25,13,110,1,25,0,110,0,1,0,0.16,0.0636126,0.969482,1.12785,0
7272,53,36,26,110,1,36,0,110,2,1,0,0.16,0,1,3.81001,1
7273,73,36,30,110,1,36,0,110,0,1,0,0.16,0,1,1.20839,0
7274,9,9,8,106,1,9,0,110,0,2,0,0.16,0.0618999,0.971009,2.57811,1
7275,122,36,5,110,1,36,0,110,2,1,0,0.16,0,1,1.25453,0
7276,73,36,34,110,1,36,0,110,0,1,0,0.16,0,1,1.60499,0
7277,6,6,5,110,1,6,0,110,4,8,0,0.163636,0.078665,0.967895,1.67046,0
7278,22,22,8,111,1,22,0,110,1,1,0,0.16,0.0615673,0.974395,1.13917,0
7279,27,27,24,110,1,27,0,110,2,1,0,0.16,0.0740945,0.971408,1.52152,0
7280,103,36,9,110,1,36,0,110,0,1,0,0.16,0,1,1.43798,0
7281,8,8,3,111,1,8,0,110,1,1,0,0.16,0.0480042,0.981168,1.51427,0
7282,9,9,0,110,1,9,0,110,1,0,0,0.16,0.0419418,0.983108,1.41452,0
7283,23,23,21,109,1,23,0,110,1,0,0,0.16,0.064567,0.969506,1.41925,0
7284,38,36,8,110,1,36,0,110,0,1,0,0.16,0.052305,0.975035,2.09302,0
7285,21,21,6,110,1,21,0,110,1,3,0,0.16,0.0651677,0.970998,1.61649,0
7286,14,14,12,108,1,14,0,110,0,2,0,0.16,0.0852196,0.967882,2.16804,1
7287,19,19,6,109,1,19,0,110,1,0,0,0.16,0.0568749,0.97294,1.71101,0
7288,32,32,7,110,1,32,0,110,0,1,0,0.16,0.0575385,0.972482,1.60987,0
7289,13,13,6,110,1,13,0,110,0,1,0,0.16,0.0401271,0.98065,1.77385,0
7290,13,13,0,110,1,13,0,110,1,0,0,0.16,0.0676036,0.9716,1.63534,0
7291,16,16,10,108,1,16,0,110,2,1,0,0.162162,0.0660017,0.968436,1.54364,0
7292,15,15,14,109,1,15,0,110,1,0,0,0.16,0.0494029,0.978813,1.31355,0
7293,12,12,11,109,1,12,0,110,3,2,0,0.16,0.0646761,0.97162,1.77897,0
7294,29,29,26,110,1,29,0,110,0,0,0,0.16,0.0570915,0.973533,1.56997,0
7295,89,36,27,110,1,36,0,110,0,1,0,0.16,0,1,1.56474,0
7296,65,36,40,110,1,36,0,110,0,1,0,0.16,0,1,1.43797,0
7297,67,36,23,108,1,36,0,110,2,1,1,0.16,0,1,1.62681,0
7298,34,34,11,109,1,34,0,110,1,1,0,0.16,0.0641335,0.97185,1.55453,0
7299,89,36,44,110,1,36,0,110,0,1,0,0.16,0,1,1.74097,0
7300,22,22,3,109,1,22,0,110,1,3,0,0.168421,0.089622,0.962311,4.46404,1
7301,19,19,6,111,1,19,0,110,1,1,0,0.16,0.0625906,0.971535,1.68423,0
7302,39,36,31,110,1,36,0,110,0,0,0,0.16,0.0557104,0.974405,1.61628,0
7303,11,11,0,108,1,11,0,110,2,1,0,0.16,0.0669,0.974202,1.17491,0
7304,49,36,14,110,1,36,0,110,0,1,0,0.16,0,1,1.58958,0
7305,5,4,4,109,1,4,0,110,2,4,1,0.16,0.0699918,0.967389,4.4912,1
7306,11,11,2,110,1,11,0,110,0,1,0,0.16,0.0623015,0.970553,1.68465,0
7307,23,22,6,108,1,22,0,110,6,2,1,0.171717,0.101351,0.971174,1.46728,0
7308,55,36,9,109,1,36,0,110,1,1,0,0.16,0,1,1.57533,0
7309,12,12,6,110,1,12,0,110,0,1,0,0.176623,0.0603756,0.970745,1.38031,0
7310,16,16,5,109,1,16,0,110,1,0,0,0.16,0.0636507,0.97015,1.31804,0
7311,4,4,0,109,1,4,0,110,1,0,0,1,0.0570915,0.971954,2.09737,0
7312,34,34,27,109,1,34,0,110,2,3,0,0.16,0.0668779,0.968492,4.10986,1
7313,52,36,18,108,1,36,0,110,2,1,0,0.16,0,1,4.07198,1
7314,27,27,10,110,1,27,0,110,1,0,0,0.16,0.0585338,0.975095,1.64629,0
7315,9,9,5,111,1,9,0,110,1,3,0,0.162162,0.0916798,0.963836,4.27938,1
7316,33,33,26,110,1,33,0,110,0,0,0,0.16,0.052693,0.976468,1.83414,0
7317,15,15,0,109,1,15,0,110,2,0,0,0.16,0.0681526,0.973032,1.58028,0
7318,49,36,9,110,1,36,0,110,0,1,0,0.16,0,1,1.34679,0
7319,27,27,1,110,1,27,0,110,1,0,0,0.16,0.054164,0.977607,1.73397,0
7320,28,28,14,110,1,28,0,110,0,1,0,0.16,0.0502841,0.976145,1.25727,0
7321,14,14,12,110,1,14,0,110,0,1,0,0.16,0.0607843,0.971046,1.83638,0
7322,4,4,2,112,1,4,0,110,2,5,0,1,0.0645149,0.968249,4.3098,1
7323,54,36,43,110,1,36,0,110,0,1,0,0.16,0,1,1.44952,0
7324,32,32,30,110,1,32,0,110,1,0,0,0.16,0.060627,0.97347,1.4479,0
7325,13,13,8,110,1,13,0,110,0,2,0,0.16,0.0502804,0.97543,1.42006,0
7326,24,24,18,109,1,24,0,110,1,0,0,0.16,0.0559697,0.973248,1.4698,0
7327,44,36,36,108,1,36,0,110,2,1,0,0.16,0,1,1.39198,0
7328,12,12,10,110,1,12,0,110,0,4,0,0.16,0.0746358,0.968858,2.33423,1
7329,40,36,34,110,1,36,0,110,2,1,1,0.16,0,1,1.58593,0
7330,33,33,23,110,1,33,0,110,4,2,0,0.16,0.0743078,0.971395,1.29736,0
7331,23,23,4,110,1,23,0,110,0,1,0,0.16,0.0531902,0.975879,1.53941,0
7332,10,10,0,110,1,10,0,110,3,6,0,0.181818,0.0851537,0.962634,1.75866,0
7333,24,24,20,110,1,24,0,110,2,2,0,0.16,0.0761387,0.967647,1.48014,0
7334,25,25,12,110,1,25,0,110,0,0,0,0.16,0.0501261,0.976361,1.34378,0
7335,8,8,4,110,1,8,0,110,3,3,0,0.196069,0.0983536,0.956697,2.0279,0
7336,23,23,14,110,1,23,0,110,1,1,0,0.16,0.0536483,0.97765,1.54938,0
7337,21,21,8,108,1,21,0,110,2,0,0,0.16,0.0692341,0.969146,1.62168,0
7338,25,25,6,110,1,25,0,110,2,1,0,0.16,0.0737397,0.968577,1.75565,0
7339,18,18,13,110,1,18,0,110,1,2,0,0.16,0.0537109,0.975215,2.00787,0
7340,80,36,2,110,1,36,0,110,0,1,0,0.16,0,1,1.58081,0
7341,25,25,22,110,1,25,0,110,0,0,0,0.16,0.0524296,0.974188,1.49491,0
7342,44,36,41,109,1,36,0,110,1,1,0,0.16,0,1,1.40638,0
7343,72,36,20,110,1,36,0,110,0,1,0,0.16,0,1,1.70168,0
7344,13,13,0,110,1,13,0,110,0,3,0,0.16,0.0467169,0.976475,1.64467,0
7345,27,27,21,111,1,27,0,110,2,1,0,0.16,0.0766841,0.970502,1.4822,0
7346,17,17,4,108,1,17,0,110,2,0,0,0.16,0.0625398,0.969479,1.35339,0
7347,19,19,13,110,1,19,0,110,0,0,0,0.16,0.0527048,0.975566,1.51587,0
7348,9,9,2,110,1,9,0,110,1,1,0,0.16,0.0462127,0.978589,1.66688,0
7349,8,8,0,107,1,8,0,110,3,2,0,0.16,0.0885544,0.967692,1.89021,0
7350,23,23,9,111,1,23,0,110,1,2,0,0.16,0.0706233,0.969661,1.46166,0
7351,20,20,7,108,1,20,0,110,0,0,0,0.16,0.0506914,0.976591,2.37406,1
7352,128,36,37,110,1,36,0,110,0,1,0,0.16,0,1,1.5266,0
7353,59,36,24,110,1,36,0,110,0,1,0,0.16,0,1,1.59278,0
7354,41,36,29,111,1,36,0,110,1,1,0,0.16,0,1,1.31391,0
7355,17,17,10,109,1,17,0,110,3,4,0,0.193912,0.0812533,0.962776,1.57154,0
7356,26,26,6,109,1,26,0,110,1,2,0,0.16,0.0629506,0.971793,1.31038,0
7357,28,28,12,110,1,28,0,110,0,0,0,0.16,0.0540932,0.97372,1.25876,0
7358,26,26,23,110,1,26,0,110,0,0,0,0.16,0.0557902,0.974133,1.83576,0
7359,20,20,10,107,1,20,0,110,5,2,0,0.16,0.0988485,0.961953,1.72385,0
7360,9,9,4,108,1,9,0,110,4,1,0,0.16,0.0558439,0.974102,1.42907,0
7361,12,12,8,108,1,12,0,110,2,0,0,0.16,0.058727,0.970976,1.70474,0
7362,27,27,8,110,1,27,0,110,0,0,0,0.16,0.0469227,0.97744,1.27174,0
7363,10,10,3,109,1,10,0,110,0,2,0,0.16,0.0399302,0.979182,2.14918,1
7364,28,28,16,108,1,28,0,110,2,0,0,0.16,0.0675133,0.968795,1.46744,0
7365,47,36,6,110,1,36,0,110,0,1,0,0.16,0,1,1.6414,0
7366,14,14,1,111,1,14,0,110,2,3,0,0.16,0.0688724,0.971939,2.07604,0
7367,10,10,3,107,1,10,0,110,0,1,0,0.16,0.0710353,0.97322,2.44443,1
7368,53,36,16,110,1,36,0,110,0,1,0,0.16,0,1,1.56055,0
7369,55,36,12,110,1,36,0,110,0,1,0,0.16,0,1,1.50393,0
7370,17,17,11,110,1,17,0,110,0,1,0,0.16,0.0583446,0.971629,1.46471,0
7371,21,21,12,109,1,21,0,110,1,0,0,0.16,0.0612435,0.972035,1.51897,0
7372,31,31,16,110,1,31,0,110,0,0,0,0.16,0.0499144,0.975825,1.48151,0
7373,17,17,10,110,1,17,0,110,1,0,0,0.16,0.0641858,0.972426,1.83481,0
7374,12,12,6,107,1,12,0,110,3,0,0,0.16,0.0638915,0.971094,1.55724,0
7375,15,15,9,109,1,15,0,110,1,0,0,0.16,0.046822,0.976683,1.63055,0
7376,15,15,1,108,1,15,0,110,2,0,0,0.16,0.0480345,0.973091,4.32651,1
7377,7,7,3,110,1,7,0,110,2,5,0,0.16,0.0597403,0.974418,1.7608,0
7378,16,16,10,109,1,16,0,110,2,1,0,0.16,0.068003,0.971287,2.09964,0
7379,18,18,13,109,1,18,0,110,1,0,0,0.16,0.0493649,0.975496,1.64152,0
7380,9,9,5,108,1,9,0,110,2,2,0,0.16,0.0677876,0.96745,1.54697,0
7381,21,21,8,112,1,21,0,110,5,5,0,0.1875,0.103592,0.960086,1.67961,0
7382,37,36,21,110,1,36,0,110,0,0,0,0.16,0.0565548,0.973276,1.34523,0
7383,23,23,10,110,1,23,0,110,6,3,0,0.16,0.0875628,0.967028,1.58238,0
7384,34,34,25,110,1,34,0,110,0,2,0,0.16,0.0609319,0.971702,1.92756,0
7385,84,36,35,110,1,36,0,110,0,1,0,0.16,0,1,1.68908,0
7386,34,34,14,110,1,34,0,110,0,0,0,0.16,0.0517686,0.975295,1.34132,0
7387,11,11,7,112,1,11,0,110,2,4,0,0.16,0.0638935,0.973497,1.57437,0
7388,19,19,9,110,1,19,0,110,0,1,0,0.16,0.064007,0.970327,1.78994,0
7389,14,14,8,111,1,14,0,110,1,3,0,0.16,0.0660701,0.970982,1.90917,0
7390,11,11,7,111,1,11,0,110,1,1,0,0.16,0.0543333,0.976924,1.6693,0
7391,34,34,32,110,1,34,0,110,0,2,0,0.16,0.0600677,0.971569,1.84298,0
7392,29,29,15,109,1,29,0,110,1,1,0,0.16,0.0649249,0.971246,1.5665,0
7393,15,15,13,112,1,15,0,110,2,4,0,0.16,0.065383,0.974932,1.71101,0
7394,11,11,0,110,1,11,0,110,3,3,0,0.16,0.0791244,0.966856,4.20281,1
7395,9,9,2,110,1,9,0,110,0,4,0,0.16,0.0580465,0.972057,1.57421,0
7396,35,35,19,110,1,35,0,110,0,1,0,0.16,0.0478074,0.977296,1.78893,0
7397,28,28,23,111,1,28,0,110,3,3,0,0.16,0.0912917,0.964189,1.84803,0
7398,59,36,10,110,1,36,0,110,0,1,0,0.16,0,1,1.1607,0
7399,16,16,5,109,1,16,0,110,1,4,0,0.16,0.0769108,0.966156,3.87723,1
7400,14,14,0,109,1,14,0,110,2,2,0,0.16,0.0582834,0.97502,1.95679,0
7401,24,24,0,109,1,24,0,110,1,2,0,0.16,0.0680967,0.96621,1.68885,0
7402,61,36,35,110,1,36,0,110,0,1,0,0.16,0,1,1.80764,0
7403,56,36,25,109,1,36,0,110,2,1,0,0.16,0,1,1.43519,0
7404,14,14,6,109,1,14,0,110,1,1,0,0.16,0.0543175,0.974692,1.39217,0
7405,21,21,3,110,1,21,0,110,0,0,0,0.16,0.0560306,0.973152,1.4122,0
7406,75,36,29,110,1,36,0,110,0,1,0,0.16,0,1,1.42266,0
7407,16,16,14,109,1,16,0,110,1,1,0,0.16,0.0505372,0.974716,1.8517,0
7408,42,36,10,110,1,36,0,110,0,1,0,0.16,0,1,1.45401,0
7409,5,5,2,108,1,5,0,110,6,6,0,0.204893,0.0665477,0.964468,4.57213,1
7410,33,33,20,110,1,33,0,110,1,1,0,0.16,0.0572416,0.974822,1.55602,0
7411,14,14,12,109,1,14,0,110,1,3,0,0.16643,0.071623,0.966542,1.99066,0
7412,50,36,43,108,1,36,0,110,2,1,0,0.16,0,1,3.24138,1
7413,15,15,10,110,1,15,0,110,0,2,0,0.16,0.0586826,0.971765,1.80757,0
7414,15,15,8,108,1,15,0,110,3,1,0,0.16,0.0743591,0.96879,1.6512,0
7415,26,26,14,110,1,26,0,110,0,1,0,0.16,0.0522536,0.975006,1.54774,0
7416,13,13,3,109,1,13,0,110,1,0,0,0.16,0.0590402,0.972394,1.93983,0
7417,20,20,5,111,1,20,0,110,2,4,0,0.16,0.0707207,0.968702,1.74535,0
7418,26,26,6,111,1,26,0,110,3,3,0,0.16,0.0792686,0.967642,1.81191,0
7419,66,36,31,110,1,36,0,110,1,1,0,0.162137,0,1,1.30476,0
7420,11,11,7,110,1,11,0,110,3,1,0,0.16,0.068657,0.970964,1.20782,0
7421,5,5,4,110,1,5,0,110,3,3,0,0.162162,0.0699876,0.971425,2.10863,0
7422,38,36,31,110,1,36,0,110,1,0,0,0.16,0.0667576,0.972269,1.44534,0
7423,17,17,7,110,1,17,0,110,0,0,0,0.16,0.0477855,0.976684,1.53213,0
7424,14,14,3,107,1,14,0,110,2,1,0,0.16,0.0748539,0.967914,3.37105,1
7425,40,36,10,110,1,36,0,110,0,1,0,0.16,0,1,1.79331,0
7426,12,12,1,108,1,12,0,110,2,2,0,0.16,0.0691459,0.970206,1.44471,0
7427,63,36,10,110,1,36,0,110,0,1,0,0.16,0,1,1.67105,0
7428,16,16,8,109,1,16,0,110,2,0,0,0.16,0.0762898,0.968152,1.9463,0
7429,15,15,6,110,1,15,0,110,0,0,0,0.16,0.0493732,0.976593,1.69921,0
7430,10,10,5,110,1,10,0,110,0,1,0,0.16,0.0499675,0.974849,1.90147,0
7431,10,10,9,110,1,10,0,110,1,3,0,0.16,0.0581085,0.97485,1.20361,0
7432,23,23,19,109,1,23,0,110,2,3,0,0.163636,0.0713134,0.966528,1.57702,0
7433,47,36,4,110,1,36,0,110,0,1,0,0.16,0,1,1.65815,0
7434,26,26,14,110,1,26,0,110,0,0,0,0.16,0.0484267,0.976744,1.17206,0
7435,33,33,30,108,1,33,0,110,2,0,0,0.16,0.0756102,0.968215,1.69311,0
7436,43,36,22,110,1,36,0,110,0,1,0,0.16,0,1,1.67424,0
7437,29,29,19,110,1,29,0,110,0,1,0,0.16,0.0570056,0.973376,1.66802,0
7438,25,25,13,109,1,25,0,110,2,1,0,0.16,0.0711325,0.969203,1.68835,0
7439,23,23,20,109,1,23,0,110,1,0,0,0.16,0.054996,0.975065,2.06587,0
7440,11,11,2,110,1,11,0,110,0,1,0,0.16,0.0428642,0.980836,1.20847,0
7441,20,20,2,109,1,20,0,110,1,0,0,0.16,0.0570794,0.974067,1.53314,0
7442,25,25,7,110,1,25,0,110,0,0,0,0.16,0.05,0.976359,1.5994,0
7443,36,36,22,109,1,36,0,110,1,0,0,0.16,0.0627158,0.97113,1.86682,0
7444,34,34,13,109,1,34,0,110,2,1,0,0.16,0.0614952,0.972656,1.27628,0
7445,27,27,24,110,1,27,0,110,0,2,0,0.16,0.0519969,0.975095,1.51192,0
7446,27,27,22,109,1,27,0,110,1,1,0,0.16,0.0610603,0.97453,1.35616,0
7447,70,36,57,110,1,36,0,110,0,1,0,0.16,0,1,1.52893,0
7448,42,36,20,110,1,36,0,110,4,1,0,0.172727,0,1,1.83893,0
7449,11,11,10,107,1,11,0,110,3,1,0,0.16,0.0621671,0.972272,1.82589,0
7450,9,9,5,109,1,9,0,110,3,1,0,0.16,0.0831679,0.967233,1.54492,0
7451,26,26,0,110,1,26,0,110,0,0,0,0.16,0.0411973,0.981099,1.87162,0
7452,19,19,13,107,1,19,0,110,3,1,0,0.163636,0.084636,0.964849,1.63502,0
7453,27,27,17,110,1,27,0,110,0,2,0,0.16,0.0608102,0.971072,1.28729,0
7454,27,27,14,110,1,27,0,110,0,0,0,0.161671,0.0558485,0.972748,2.05714,0
7455,16,16,5,109,1,16,0,110,2,0,0,0.16,0.063294,0.97529,1.3448,0
7456,19,19,12,110,1,19,0,110,0,1,0,0.16,0.0514021,0.975091,1.53223,0
7457,13,13,8,110,1,13,0,110,3,3,0,0.16,0.0759173,0.969864,1.94831,0
7458,33,33,19,109,1,33,0,110,1,0,0,0.16,0.0557705,0.970719,1.52145,0
7459,25,25,8,110,1,25,0,110,0,0,0,0.16,0.051525,0.975273,1.45432,0
7460,28,28,1,110,1,28,0,110,1,2,0,0.16,0.0624433,0.972751,1.85894,0
7461,60,36,9,110,1,36,0,110,0,1,0,0.16,0,1,1.57604,0
7462,10,10,3,109,1,10,0,110,1,3,0,0.16,0.0523577,0.976901,1.41839,0
7463,89,36,53,110,1,36,0,110,0,1,0,0.16,0,1,1.70686,0
7464,13,13,3,108,1,13,0,110,2,2,0,0.16,0.0805964,0.967541,1.51464,0
7465,11,11,2,110,1,11,0,110,0,0,0,0.16,0.04612,0.977548,1.33929,0
7466,28,28,20,110,1,28,0,110,0,0,0,0.16,0.0438185,0.979701,1.36902,0
7467,7,7,6,109,1,7,0,110,1,5,0,0.16,0.0531493,0.975489,1.40334,0
7468,20,20,5,110,1,20,0,110,2,1,0,0.16,0.0633563,0.972938,1.20777,0
7469,11,11,5,108,1,11,0,110,2,1,0,0.16,0.0625733,0.970432,1.49421,0
7470,25,25,3,110,1,25,0,110,0,1,0,0.16,0.0547462,0.973828,1.38916,0
7471,12,12,3,110,1,12,0,110,3,5,0,0.16,0.074448,0.968104,1.57568,0
7472,47,36,15,110,1,36,0,110,0,1,0,0.16,0,1,1.27444,0
7473,10,10,2,110,1,10,0,110,0,0,0,0.16,0.0462735,0.977564,1.31827,0
7474,18,18,6,110,1,18,0,110,0,1,0,0.16,0.0771457,0.963148,1.54939,0
7475,12,12,3,107,1,12,0,110,5,0,0,0.178378,0.091692,0.962955,1.58115,0
7476,15,15,6,110,1,15,0,110,1,2,0,0.16,0.0715675,0.970561,4.26802,1
7477,70,36,66,110,1,36,0,110,0,1,0,0.16,0,1,1.46935,0
7478,20,20,9,109,1,20,0,110,1,1,0,0.16,0.0577397,0.975436,1.37844,0
7479,38,36,0,110,1,36,0,110,0,0,0,0.16,0.0520814,0.975287,1.83404,0
7480,62,36,49,110,1,36,0,110,0,1,0,0.16,0,1,1.6265,0
7481,39,36,23,110,1,36,0,110,0,0,0,0.16,0.0529003,0.97516,1.35376,0
7482,20,20,16,109,1,20,0,110,2,1,0,0.16,0.052658,0.972922,3.98917,1
7483,44,36,37,109,1,36,0,110,1,1,0,0.16,0,1,1.4163,0
7484,41,36,29,109,1,36,0,110,1,1,0,0.16,0,1,1.55579,0
7485,14,14,8,111,1,14,0,110,1,4,0,0.16,0.0682058,0.971943,1.88976,0
7486,9,9,8,110,1,9,0,110,3,2,0,0.16,0.0602852,0.976076,1.10809,0
7487,15,15,0,109,1,15,0,110,2,1,0,0.16,0.0659793,0.971813,1.8534,0
7488,29,29,0,110,1,29,0,110,0,0,0,0.16,0.051497,0.976029,1.35648,0
7489,38,36,33,112,1,36,0,110,2,2,0,0.16,0.0743415,0.968935,1.58629,0
7490,15,15,1,110,1,15,0,110,1,3,0,0.16,0.0625876,0.973878,1.50769,0
7491,11,11,1,110,1,11,0,110,0,1,0,0.16,0.0637726,0.972194,2.20712,1
7492,36,36,31,111,1,36,0,110,1,2,0,0.16,0.0631255,0.974261,1.23158,0
7493,30,30,11,109,1,30,0,110,1,0,0,0.16,0.0704763,0.968095,1.39565,0
7494,26,24,3,111,1,24,0,110,5,3,2,0.169749,0.0889675,0.970549,1.43798,0
7495,53,36,24,110,1,36,0,110,0,1,0,0.16,0,1,1.95435,0
7496,23,23,1,110,1,23,0,110,2,1,0,0.16,0.0566641,0.978437,1.24695,0
7497,19,19,5,110,1,19,0,110,1,1,0,0.16,0.0529424,0.975325,1.33413,0
7498,35,35,30,110,1,35,0,110,0,0,0,0.16,0.0510055,0.976132,1.55602,0
7499,31,31,8,110,1,31,0,110,0,0,0,0.16,0.0501451,0.975533,1.66335,0
7500,5,5,2,107,1,5,0,110,3,2,0,0.16,0.0743892,0.965058,1.61627,0
7501,81,36,27,110,1,36,0,110,0,1,0,0.16,0,1,1.39452,0
7502,12,12,11,112,1,12,0,110,4,3,0,0.16,0.0958834,0.962008,1.42989,0
7503,21,21,2,110,1,21,0,110,2,3,0,0.16,0.0592704,0.975521,1.71596,0
7504,39,36,22,108,1,36,0,110,2,0,0,0.16,0.0534267,0.97432,1.85395,0
7505,17,17,13,110,1,17,0,110,0,1,0,0.16,0.0395958,0.980676,1.51051,0
7506,12,12,5,107,1,12,0,110,3,1,0,0.16,0.075063,0.969152,1.46068,0
7507,11,11,10,108,1,11,0,110,2,3,0,0.16,0.0567665,0.970435,3.98536,1
7508,11,11,2,108,1,11,0,110,3,0,0,0.16,0.0646714,0.974206,1.92887,0
7509,21,21,14,111,1,21,0,110,1,4,0,0.16,0.0716404,0.968693,1.78659,0
7510,15,15,1,107,1,15,0,110,4,1,0,0.16,0.0844409,0.965715,1.97798,0
7511,9,9,7,110,1,9,0,110,0,0,0,0.16,0.0466958,0.97758,1.42343,0
7512,29,29,4,110,1,29,0,110,0,0,0,0.16,0.0499295,0.976029,1.34257,0
7513,61,36,49,110,1,36,0,110,0,1,0,0.16,0,1,1.71758,0
7514,12,12,3,109,1,12,0,110,3,1,0,0.16,0.0666083,0.968577,1.5901,0
7515,15,15,8,107,1,15,0,110,3,0,0,0.16,0.0602201,0.976254,1.38395,0
7516,69,36,8,109,1,36,0,110,2,1,0,0.16,0,1,1.67454,0
7517,32,32,7,109,1,32,0,110,1,0,0,0.16,0.0589693,0.974227,1.24437,0
7518,38,36,6,110,1,36,0,110,0,0,0,0.16,0.0544226,0.974406,1.51473,0
7519,9,9,4,109,1,9,0,110,1,0,0,0.16,0.0548806,0.975863,1.41104,0
7520,89,36,5,110,1,36,0,110,0,1,0,0.16,0,1,1.88638,0
7521,61,36,24,110,1,36,0,110,0,1,0,0.16,0,1,1.60326,0
7522,23,23,12,110,1,23,0,110,0,1,0,0.16,0.0546119,0.974895,1.73589,0
7523,20,20,17,110,1,20,0,110,1,5,0,0.16,0.0744513,0.963895,2.01199,0
7524,10,10,9,109,1,10,0,110,2,1,0,0.16,0.0640191,0.968223,4.43834,1
7525,10,10,2,110,1,10,0,110,0,4,0,0.16,0.0652201,0.96761,1.89988,0
7526,6,6,2,110,1,6,0,110,0,2,0,0.16,0.0480595,0.979952,1.59699,0
7527,28,28,9,110,1,28,0,110,0,1,0,0.16,0.0631911,0.970167,1.60183,0
7528,37,36,28,110,1,36,0,110,0,0,0,0.16,0.0485506,0.977298,1.41528,0
7529,6,6,4,110,1,6,0,110,0,2,0,0.16,0.0314446,0.98372,1.41332,0
7530,27,27,26,109,1,27,0,110,1,1,0,0.16,0.067966,0.970471,1.92833,0
7531,17,17,1,109,1,17,0,110,4,1,0,0.16,0.0768845,0.970297,1.51192,0
7532,11,11,1,109,1,11,0,110,1,1,0,0.16,0.0537007,0.973607,1.88223,0
7533,37,36,26,110,1,36,0,110,0,0,0,0.16,0.0512183,0.975287,1.59252,0
7534,16,16,7,109,1,16,0,110,1,1,0,0.16,0.0641604,0.971579,1.60106,0
7535,40,36,0,110,1,36,0,110,0,1,0,0.16,0,1,1.58176,0
7536,11,11,0,108,1,11,0,110,2,2,0,0.16,0.066337,0.968762,1.88849,0
7537,41,36,10,110,1,36,0,110,0,1,0,0.16,0,1,1.93729,0
7538,11,11,1,110,1,11,0,110,1,1,0,0.16,0.0618796,0.972203,1.28379,0
7539,30,30,14,110,1,30,0,110,0,0,0,0.16,0.0548614,0.973361,1.62018,0
7540,31,31,0,110,1,31,0,110,0,0,0,0.16,0.0573218,0.974219,1.74095,0
7541,15,15,5,110,1,15,0,110,0,1,0,0.16,0.0522717,0.975687,1.63192,0
7542,16,16,15,110,1,16,0,110,1,3,0,0.16,0.0553251,0.973816,1.77978,0
7543,28,28,7,111,1,28,0,110,2,1,0,0.16,0.069607,0.973956,1.34227,0
7544,19,19,10,111,1,19,0,110,1,1,0,0.16,0.057755,0.977198,1.4794,0
7545,37,36,17,110,1,36,0,110,1,0,0,0.16,0.0659339,0.972143,1.72433,0
7546,6,6,0,112,1,6,0,110,2,3,0,0.16,0.0535714,0.977344,1.4575,0
7547,13,13,4,111,1,13,0,110,1,1,0,0.16,0.0588795,0.973922,1.82237,0
7548,10,10,7,110,1,10,0,110,0,3,0,0.191311,0.0665459,0.968514,1.65604,0
7549,15,15,8,110,1,15,0,110,0,2,0,0.16,0.0516659,0.975386,1.91568,0
7550,15,15,4,109,1,15,0,110,1,2,0,0.16,0.069688,0.969076,1.40183,0
7551,40,36,31,110,1,36,0,110,0,1,0,0.16,0,1,1.95955,0
7552,78,36,64,110,1,36,0,110,0,1,0,0.16,0,1,1.67348,0
7553,24,24,3,109,1,24,0,110,2,2,0,0.16,0.0740853,0.969253,2.03815,0
7554,9,9,5,108,1,9,0,110,2,2,0,0.16,0.0714571,0.965909,1.55304,0
7555,28,28,25,110,1,28,0,110,0,0,0,0.16,0.0555882,0.973073,1.40684,0
7556,13,13,3,109,1,13,0,110,1,3,0,0.16,0.0589423,0.974856,1.30236,0
7557,14,14,6,109,1,14,0,110,1,3,0,0.16,0.0685124,0.967851,1.5549,0
7558,52,36,27,109,1,36,0,110,1,1,0,0.16,0,1,1.68011,0
7559,70,36,4,109,1,36,0,110,1,1,0,0.16,0,1,1.58417,0
7560,15,15,2,109,1,15,0,110,1,0,0,0.16,0.0462637,0.974859,1.85528,0
7561,11,11,2,108,1,11,0,110,5,1,0,0.16,0.0707432,0.972947,1.78011,0
7562,83,36,57,110,1,36,0,110,0,1,0,0.16,0,1,1.73674,0
7563,70,36,2,110,1,36,0,110,0,1,0,0.16,0,1,1.27736,0
7564,26,26,19,111,1,26,0,110,1,1,0,0.16,0.0677768,0.9704,1.97909,0
7565,7,7,1,107,1,7,0,110,2,1,0,0.16,0.0783892,0.968394,4.70815,1
7566,39,36,35,110,1,36,0,110,0,0,0,0.16,0.0645256,0.968751,1.42826,0
7567,18,18,2,110,1,18,0,110,0,0,0,0.16,0.0562201,0.972701,1.6659,0
7568,9,9,1,110,1,9,0,110,2,5,0,0.16,0.0687904,0.968028,1.61258,0
7569,24,24,19,110,1,24,0,110,3,1,0,0.16,0.0827681,0.969906,1.6531,0
7570,24,24,19,111,1,24,0,110,1,2,0,0.16,0.0613296,0.973729,1.51842,0
7571,34,34,33,109,1,34,0,110,1,0,0,0.16,0.0516718,0.976414,1.69363,0
7572,48,36,7,110,1,36,0,110,2,1,0,0.16,0,1,1.51377,0
7573,16,16,9,110,1,16,0,110,0,2,0,0.16,0.0566416,0.972969,1.54569,0
7574,16,16,10,109,1,16,0,110,4,2,0,0.16,0.0787021,0.967295,1.8402,0
7575,58,36,17,110,1,36,0,110,0,1,0,0.16,0,1,1.39167,0
7576,35,35,22,111,1,35,0,110,1,1,0,0.16,0.0625249,0.97391,1.76019,0
7577,72,36,28,110,1,36,0,110,0,1,0,0.16,0,1,1.50575,0
7578,20,20,12,111,1,20,0,110,2,4,0,0.16,0.0855051,0.965113,4.08406,1
7579,20,20,16,108,1,20,0,110,2,0,0,0.16,0.0692016,0.973363,1.37694,0
7580,27,27,25,110,1,27,0,110,0,3,0,0.16,0.0577235,0.972077,2.35028,1
7581,18,18,0,112,1,18,0,110,2,3,0,0.16,0.0772981,0.970964,1.88704,0
7582,20,20,14,110,1,20,0,110,1,4,0,0.16,0.0661391,0.970229,1.94436,0
7583,39,36,31,110,1,36,0,110,0,0,0,0.16,0.0497386,0.976166,1.56196,0
7584,24,24,17,109,1,24,0,110,1,1,0,0.16,0.066886,0.969255,1.38245,0
7585,39,36,7,108,1,36,0,110,2,0,0,0.16,0.06892,0.973935,1.42002,0
7586,17,17,3,107,1,17,0,110,2,1,0,0.16,0.0563068,0.971658,4.16405,1
7587,7,7,0,111,1,7,0,110,2,10,0,0.16,0.0729825,0.970163,1.80366,0
7588,21,21,0,109,1,21,0,110,3,1,0,0.16,0.0742255,0.970081,1.45532,0
7589,46,36,8,110,1,36,0,110,0,1,0,0.16,0,1,1.70285,0
7590,19,19,8,110,1,19,0,110,0,2,0,0.16,0.0671883,0.968183,1.61465,0
7591,19,19,15,110,1,19,0,110,0,0,0,0.16,0.056184,0.972471,1.40545,0
7592,10,10,5,109,1,10,0,110,1,1,0,0.16,0.0584201,0.970969,2.02992,0
7593,33,33,10,109,1,33,0,110,1,0,0,0.16,0.0575395,0.975975,1.70869,0
7594,164,36,4,110,1,36,0,110,0,1,0,0.16,0,1,1.60013,0
7595,6,6,2,108,1,6,0,110,3,3,0,0.19483,0.0805367,0.968837,1.27113,0
7596,23,23,16,109,1,23,0,110,1,0,0,0.16,0.0729006,0.969504,1.35036,0
7597,39,36,37,110,1,36,0,110,2,2,0,0.16,0.0759795,0.966364,1.47284,0
7598,89,36,4,110,1,36,0,110,0,1,0,0.16,0,1,1.70997,0
7599,14,14,12,110,1,14,0,110,2,2,0,0.16,0.0574468,0.977505,1.72758,0
7600,24,24,14,109,1,24,0,110,1,2,0,0.16,0.0555831,0.973439,1.85976,0
7601,16,16,14,110,1,16,0,110,0,0,0,0.16,0.0674972,0.967876,1.45847,0
7602,7,7,4,111,1,7,0,110,4,10,0,0.19765,0.0972483,0.956075,4.33024,1
7603,22,22,15,110,1,22,0,110,0,2,0,0.16,0.0570485,0.973549,1.51549,0
7604,32,32,13,109,1,32,0,110,1,0,0,0.16,0.0598754,0.972945,1.20939,0
7605,30,30,6,110,1,30,0,110,0,1,0,0.16,0.0540852,0.973964,1.6084,0
7606,50,36,5,110,1,36,0,110,0,1,0,0.16,0,1,1.83153,0
7607,22,22,15,107,1,22,0,110,3,1,0,0.16,0.0740872,0.967527,1.62685,0
7608,13,13,8,111,1,13,0,110,3,5,0,0.16,0.0788298,0.968748,1.47184,0
7609,14,14,2,111,1,14,0,110,2,3,0,0.177606,0.0659106,0.970341,4.21855,1
7610,10,10,3,112,1,10,0,110,0,2,0,0.16,0.0811473,0.969518,2.2012,1
7611,16,16,3,110,1,16,0,110,0,0,0,0.16,0.0432254,0.9806,1.4174,0
7612,15,15,11,109,1,15,0,110,4,3,0,0.16,0.0809303,0.965728,1.66877,0
7613,6,6,3,111,1,6,0,110,3,8,0,0.16,0.0809202,0.964444,2.07291,0
7614,14,14,11,110,1,14,0,110,1,2,0,0.16,0.0557478,0.974598,1.45013,0
7615,40,36,13,110,1,36,0,110,0,1,0,0.16,0,1,1.93593,0
7616,47,36,19,110,1,36,0,110,0,1,0,0.16,0,1,1.61977,0
7617,27,27,17,110,1,27,0,110,4,2,0,0.16,0.0782258,0.970907,1.50844,0
7618,22,22,10,106,1,22,0,110,4,1,0,0.16,0.08297,0.971919,1.28341,0
7619,10,10,4,109,1,10,0,110,1,1,0,0.16,0.0629965,0.971877,1.65437,0
7620,14,14,7,112,1,14,0,110,2,4,0,0.16,0.0845119,0.964253,4.41844,1
7621,29,29,16,109,1,29,0,110,1,0,0,0.16,0.0490554,0.975812,1.84092,0
7622,31,31,20,109,1,31,0,110,1,1,0,0.16,0.0616296,0.972219,1.93375,0
7623,22,22,11,110,1,22,0,110,0,0,0,0.16,0.0468936,0.977868,1.61594,0
7624,25,25,2,110,1,25,0,110,0,0,0,0.16,0.0487337,0.977085,1.70214,0
7625,27,27,20,109,1,27,0,110,2,1,0,0.16,0.069509,0.968441,1.83889,0
7626,23,23,0,109,1,23,0,110,1,0,0,0.16,0.0519667,0.976849,1.27306,0
7627,18,18,9,110,1,18,0,110,0,2,0,0.16,0.0651807,0.970188,1.71953,0
7628,8,8,1,109,1,8,0,110,1,2,0,0.16,0.066296,0.968277,1.5543,0
7629,28,28,21,110,1,28,0,110,0,1,0,0.16,0.0507551,0.975821,2.08476,0
7630,20,20,11,110,1,20,0,110,0,0,0,0.16,0.0423863,0.98086,1.65356,0
7631,29,29,3,110,1,29,0,110,2,2,0,0.16,0.0805857,0.966202,1.64405,0
7632,6,6,2,110,1,6,0,110,3,6,0,0.163315,0.082594,0.961113,1.9038,0
7633,33,33,21,108,1,33,0,110,2,0,0,0.16,0.06206,0.97394,1.51646,0
7634,69,36,17,110,1,36,0,110,0,1,0,0.16,0,1,1.33315,0
7635,26,26,2,110,1,26,0,110,0,0,0,0.16,0.0550257,0.97292,1.49848,0
7636,71,36,35,110,1,36,0,110,0,1,0,0.16,0,1,1.86505,0
7637,22,22,2,107,1,22,0,110,3,0,0,0.16,0.0660615,0.973658,1.23354,0
7638,17,17,8,110,1,17,0,110,0,0,0,0.16,0.0475895,0.976152,1.20535,0
7639,27,27,1,109,1,27,0,110,1,0,0,0.16,0.0615371,0.971318,1.80592,0
7640,16,16,13,110,1,16,0,110,0,2,0,0.16,0.0552726,0.974096,1.40376,0
7641,14,14,1,110,1,14,0,110,0,2,0,0.16,0.0379078,0.981385,1.49067,0
7642,78,36,22,110,1,36,0,110,0,1,0,0.16,0,1,1.71667,0
7643,23,23,21,110,1,23,0,110,0,2,0,0.16,0.0583878,0.971356,1.47554,0
7644,29,29,22,110,1,29,0,110,2,1,0,0.16,0.067844,0.971195,1.3596,0
7645,36,36,18,110,1,36,0,110,0,1,0,0.16,0.0566065,0.973525,1.46773,0
7646,5,5,3,111,1,5,0,110,3,6,0,0.16,0.0756757,0.970789,1.73595,0
7647,63,36,27,110,1,36,0,110,0,1,0,0.16,0,1,1.79004,0
7648,10,10,6,109,1,10,0,110,1,1,0,0.16,0.0648338,0.969141,1.22963,0
7649,43,36,40,110,1,36,0,110,0,1,0,0.16,0,1,1.97606,0
7650,41,36,18,110,1,36,0,110,0,1,0,0.16,0,1,1.83216,0
7651,27,27,10,111,1,27,0,110,1,1,0,0.16,0.0639126,0.974319,1.62906,0
7652,53,36,42,110,1,36,0,110,2,1,0,0.16,0,1,1.82304,0
7653,16,16,13,109,1,16,0,110,1,3,0,0.16,0.0650807,0.970719,1.51946,0
7654,21,21,16,110,1,21,0,110,0,2,0,0.16,0.0530795,0.97423,1.8027,0
7655,41,36,15,110,1,36,0,110,1,1,0,0.16,0,1,1.79389,0
7656,84,36,28,110,1,36,0,110,0,1,0,0.16,0,1,1.2569,0
7657,20,20,3,110,1,20,0,110,0,3,0,0.16,0.0555322,0.974073,1.88528,0
7658,15,15,2,108,1,15,0,110,2,2,0,0.16,0.065764,0.97217,1.71795,0
7659,17,17,0,110,1,17,0,110,0,2,0,0.16,0.0598786,0.971098,1.66886,0
7660,11,11,9,110,1,11,0,110,0,0,0,0.16,0.0578102,0.973018,2.33049,1
7661,37,36,5,110,1,36,0,110,0,1,0,0.16,0.0564948,0.973525,1.59236,0
7662,3,3,1,109,1,3,0,110,2,6,0,1,0.0560255,0.973235,1.66277,0
7663,8,8,7,109,1,8,0,110,0,1,0,0.16,0.0665606,0.971701,2.34785,1
7664,40,36,0,109,1,36,0,110,1,1,0,0.16,0,1,1.45638,0
7665,7,7,2,113,1,7,0,110,1,8,0,0.16,0.0809102,0.967536,4.44326,1
7666,23,23,12,110,1,23,0,110,1,3,0,0.16,0.0679818,0.970962,1.77001,0
7667,17,17,7,110,1,17,0,110,0,3,0,0.16,0.053187,0.974823,1.27254,0
7668,29,29,24,109,1,29,0,110,1,1,0,0.16,0.0681737,0.967783,1.58501,0
7669,50,36,15,110,1,36,0,110,0,1,0,0.16,0,1,1.09856,0
7670,10,10,4,110,1,10,0,110,0,2,0,0.163636,0.0589702,0.971235,1.58715,0
7671,32,32,24,108,1,32,0,110,2,0,0,0.16,0.0697458,0.972551,1.4729,0
7672,25,25,13,110,1,25,0,110,0,1,0,0.16,0.0458549,0.979619,1.32699,0
7673,38,36,25,109,1,36,0,110,1,0,0,0.16,0.052716,0.974806,1.49725,0
7674,17,17,1,110,1,17,0,110,0,1,0,0.16,0.059745,0.970567,1.72806,0
7675,18,18,7,110,1,18,0,110,0,0,0,0.16,0.0492687,0.976469,1.76559,0
7676,32,32,8,110,1,32,0,110,0,1,0,0.16,0.0547891,0.973327,1.4171,0
7677,70,36,12,110,1,36,0,110,0,1,0,0.16,0,1,1.46941,0
7678,12,12,8,110,1,12,0,110,0,1,0,0.16,0.0578349,0.971117,1.85043,0
7679,19,19,11,111,1,19,0,110,1,2,0,0.16,0.0687272,0.969176,1.11882,0
7680,32,32,5,108,1,32,0,110,0,0,0,0.16,0.0730762,0.970968,2.15147,1
7681,24,24,22,110,1,24,0,110,0,1,0,0.16,0.0565819,0.973303,1.70747,0
7682,48,36,17,110,1,36,0,110,0,1,0,0.16,0,1,1.11648,0
7683,48,36,20,109,1,36,0,110,1,1,0,0.16,0,1,1.36566,0
7684,12,12,10,110,1,12,0,110,0,1,0,0.16,0.0564608,0.973005,1.75262,0
7685,58,36,40,108,1,36,0,110,0,1,0,0.16,0,1,2.19182,1
7686,3,3,1,108,1,3,0,110,3,17,0,1,0.091807,0.963828,4.72515,1
7687,68,36,7,110,1,36,0,110,0,1,0,0.16,0,1,2.13246,1
7688,27,27,8,110,1,27,0,110,1,1,0,0.16,0.0585661,0.974258,1.64296,0
7689,30,30,11,109,1,30,0,110,2,0,0,0.16,0.0643517,0.971901,1.42314,0
7690,17,17,11,111,1,17,0,110,3,5,0,0.162162,0.0740408,0.969771,1.54689,0
7691,47,36,38,109,1,36,0,110,1,1,0,0.16,0,1,1.61548,0
7692,24,24,20,110,1,24,0,110,0,0,0,0.16,0.0558055,0.972549,1.33117,0
7693,29,29,19,108,1,29,0,110,2,0,0,0.16,0.0747872,0.970029,1.90388,0
7694,25,25,20,110,1,25,0,110,0,0,0,0.16,0.0451764,0.978351,1.53926,0
7695,22,22,16,110,1,22,0,110,1,3,0,0.16,0.0681185,0.969439,1.41759,0
7696,33,33,22,110,1,33,0,110,0,0,0,0.16,0.0576133,0.972767,1.55568,0
7697,11,11,1,109,1,11,0,110,1,1,0,0.16,0.071976,0.966968,1.52733,0
7698,58,36,3,110,1,36,0,110,0,1,0,0.16,0,1,1.53773,0
7699,69,36,43,110,1,36,0,110,0,1,0,0.16,0,1,1.46715,0
7700,46,36,15,110,1,36,0,110,0,1,0,0.16,0,1,1.17102,0
7701,28,28,8,109,1,28,0,110,3,2,0,0.16,0.0820235,0.969242,1.19972,0
7702,36,36,7,110,1,36,0,110,0,1,0,0.16,0.0520277,0.975663,1.72195,0
7703,30,30,23,109,1,30,0,110,1,0,0,0.16,0.0628494,0.972508,1.34401,0
7704,3,3,0,108,1,3,0,110,3,13,0,1,0.0645033,0.969952,4.57144,1
7705,28,28,13,110,1,28,0,110,0,1,0,0.16,0.0464589,0.977599,1.57297,0
7706,87,36,35,110,1,36,0,110,0,1,0,0.16,0,1,1.44979,0
7707,12,12,3,111,1,12,0,110,2,2,0,0.16,0.0696193,0.972874,1.57789,0
7708,45,36,2,109,1,36,0,110,2,1,0,0.16,0,1,1.61037,0
7709,33,33,11,110,1,33,0,110,0,1,0,0.16,0.0572003,0.973177,2.02757,0
7710,51,36,49,109,1,36,0,110,2,1,0,0.16,0,1,1.46003,0
7711,10,10,0,109,1,10,0,110,2,3,0,0.16,0.0651775,0.965945,4.81309,1
7712,12,12,10,110,1,12,0,110,0,0,0,0.16,0.0591669,0.972626,1.56063,0
7713,18,18,2,109,1,18,0,110,2,0,0,0.16,0.0672764,0.973211,1.55654,0
7714,14,14,4,109,1,14,0,110,1,2,0,0.16,0.0629404,0.969479,5.04671,1
7715,11,11,4,111,1,11,0,110,5,3,0,0.16,0.0900901,0.963482,1.86903,0
7716,14,14,7,109,1,14,0,110,2,2,0,0.16,0.0661799,0.97339,3.54327,1
7717,14,14,4,110,1,14,0,110,2,2,0,0.16,0.0600103,0.973628,1.24986,0
7718,4,4,0,109,1,4,0,110,4,4,0,1,0.118125,0.948016,4.67226,1
7719,42,36,21,110,1,36,0,110,0,1,0,0.16,0,1,1.85577,0
7720,20,20,12,111,1,20,0,110,1,2,0,0.16,0.0620379,0.974302,1.83357,0
7721,12,12,3,110,1,12,0,110,1,0,0,0.16,0.0389083,0.983934,1.806,0
7722,17,17,0,108,1,17,0,110,2,1,0,0.16,0.0671329,0.972191,1.86719,0
7723,43,36,21,110,1,36,0,110,0,1,0,0.16,0,1,1.41868,0
7724,17,17,15,109,1,17,0,110,1,3,0,0.16,0.057925,0.972176,1.17732,0
7725,49,36,14,110,1,36,0,110,0,1,0,0.16,0,1,1.62393,0
7726,19,19,10,109,1,19,0,110,1,0,0,0.16,0.0547283,0.973662,1.17778,0
7727,18,18,13,111,1,18,0,110,2,4,0,0.16,0.0680061,0.972199,1.33443,0
7728,14,14,3,110,1,14,0,110,0,2,0,0.16,0.0517899,0.975888,1.68986,0
7729,21,21,12,108,1,21,0,110,0,3,0,0.16,0.0878006,0.959058,2.55109,1
7730,22,22,12,110,1,22,0,110,0,0,0,0.16,0.0523672,0.974372,1.40534,0
7731,12,12,10,109,1,12,0,110,1,1,0,0.16,0.0547184,0.975425,1.92437,0
7732,12,12,0,109,1,12,0,110,1,0,0,0.16,0.0661771,0.966674,1.62283,0
7733,7,7,2,110,1,7,0,110,5,10,0,0.16,0.0879164,0.963431,2.00473,0
7734,58,36,14,110,1,36,0,110,0,1,0,0.16,0,1,1.38373,0
7735,22,22,1,111,1,22,0,110,2,4,0,0.16,0.0791067,0.966858,4.50565,1
7736,24,24,15,110,1,24,0,110,0,2,0,0.172727,0.0601971,0.971415,1.46789,0
7737,25,25,13,109,1,25,0,110,1,1,0,0.16,0.060634,0.973408,1.80332,0
7738,9,9,5,110,1,9,0,110,0,1,0,0.16,0.0546138,0.97356,1.70334,0
7739,33,33,2,110,1,33,0,110,0,0,0,0.16,0.0438721,0.979623,1.75985,0
7740,10,10,3,110,1,10,0,110,2,1,0,0.16,0.0802793,0.970771,1.62748,0
7741,24,24,8,110,1,24,0,110,0,0,0,0.16,0.0520202,0.974809,1.54221,0
7742,63,36,15,110,1,36,0,110,0,1,0,0.16,0,1,1.07129,0
7743,4,4,2,111,1,4,0,110,2,3,0,1,0.0563063,0.975798,4.76902,1
7744,38,36,20,110,1,36,0,110,0,2,0,0.16,0.0599618,0.97139,2.0289,0
7745,26,26,22,110,1,26,0,110,0,0,0,0.16,0.0551083,0.973789,1.37721,0
7746,17,17,5,110,1,17,0,110,0,3,0,0.170354,0.0660518,0.970294,1.67699,0
7747,9,9,1,109,1,9,0,110,1,0,0,0.16,0.061449,0.971289,1.77555,0
7748,11,11,6,109,1,11,0,110,2,2,0,0.16,0.072514,0.967797,4.7739,1
7749,58,36,45,109,1,36,0,110,1,1,0,0.16,0,1,1.66984,0
7750,13,13,9,110,1,13,0,110,0,2,0,0.16,0.061675,0.969163,1.71871,0
7751,17,17,8,108,1,17,0,110,2,1,0,0.16,0.0600671,0.970832,1.90906,0
7752,12,12,6,108,1,12,0,110,2,0,0,0.16,0.0676416,0.97059,1.68341,0
7753,84,36,80,110,1,36,0,110,0,1,0,0.16,0,1,1.59033,0
7754,32,32,29,109,1,32,0,110,0,0,0,0.16,0.0489592,0.97908,2.19129,1
7755,101,36,38,110,1,36,0,110,0,1,0,0.16,0,1,1.24861,0
7756,43,36,18,110,1,36,0,110,0,1,0,0.16,0,1,1.3159,0
7757,19,19,12,109,1,19,0,110,1,1,0,0.16,0.0573953,0.976542,1.60218,0
7758,22,22,8,108,1,22,0,110,3,1,0,0.16,0.0841526,0.960916,1.65819,0
7759,17,17,10,110,1,17,0,110,0,2,0,0.16,0.0651608,0.967902,1.32961,0
7760,28,28,13,111,1,28,0,110,1,2,0,0.16,0.062145,0.973635,1.35772,0
7761,47,36,26,108,1,36,0,110,2,1,0,0.16,0,1,1.33438,0
7762,72,36,4,110,1,36,0,110,0,1,0,0.16,0,1,1.34913,0
7763,27,27,11,110,1,27,0,110,0,1,0,0.16,0.0648547,0.968897,1.51334,0
7764,19,19,5,111,1,19,0,110,1,2,0,0.16,0.0662772,0.970594,1.24464,0
7765,8,8,0,108,1,8,0,110,4,1,0,0.16,0.0692631,0.97374,1.55918,0
7766,21,21,12,109,1,21,0,110,2,1,0,0.16,0.0615657,0.977038,1.48352,0
7767,15,15,11,109,1,15,0,110,1,0,0,0.16,0.0397908,0.982464,1.72296,0
7768,40,36,19,110,1,36,0,110,0,1,0,0.16,0,1,1.54926,0
7769,39,36,35,110,1,36,0,110,0,0,0,0.16,0.0425348,0.979435,1.41125,0
7770,15,15,10,108,1,15,0,110,2,0,0,0.16,0.0691925,0.968176,1.41857,0
7771,16,16,1,110,1,16,0,110,0,0,0,0.16,0.0503694,0.975795,1.36717,0
7772,14,14,6,110,1,14,0,110,0,1,0,0.16,0.0427577,0.979123,2.06747,0
7773,44,36,37,110,1,36,0,110,0,1,0,0.16,0,1,1.30655,0
7774,3,3,0,110,1,3,0,110,3,12,0,1,0.069697,0.968973,4.69719,1
7775,29,29,16,107,1,29,0,110,3,0,0,0.163029,0.0869631,0.963333,1.9537,0
7776,47,36,44,110,1,36,0,110,0,1,0,0.16,0,1,2.00387,0
7777,11,11,6,110,1,11,0,110,0,1,0,0.16,0.050842,0.97672,1.67656,0
7778,12,12,11,110,1,12,0,110,1,0,0,0.16,0.0612392,0.97602,1.69246,0
7779,10,10,8,110,1,10,0,110,1,2,0,0.16,0.059669,0.973488,1.88843,0
7780,89,36,16,110,1,36,0,110,0,1,0,0.16,0,1,1.61972,0
7781,23,23,13,109,1,23,0,110,1,1,0,0.16,0.0645321,0.969902,1.47484,0
7782,14,14,7,110,1,14,0,110,0,0,0,0.16,0.0510555,0.976215,1.94647,0
7783,22,22,0,110,1,22,0,110,0,0,0,0.16,0.048099,0.97684,1.83559,0
7784,30,30,2,108,1,30,0,110,2,2,0,0.16,0.0718846,0.969801,1.3962,0
7785,29,28,13,112,1,28,0,110,6,4,1,0.16,0.0955297,0.966567,1.71289,0
7786,19,19,10,108,1,19,0,110,2,0,0,0.16,0.0615202,0.975599,1.77217,0
7787,19,19,15,111,1,19,0,110,1,1,0,0.16,0.0643893,0.972714,1.2892,0
7788,3,3,2,111,1,3,0,110,5,13,0,1,0.0570571,0.978211,1.77796,0
7789,13,13,7,108,1,13,0,110,2,1,0,0.16,0.0758292,0.966121,1.66955,0
7790,9,9,7,110,1,9,0,110,0,4,0,0.16,0.0594868,0.971051,1.93926,0
7791,11,11,5,111,1,11,0,110,1,1,0,0.16,0.058054,0.975708,1.24457,0
7792,21,21,5,110,1,21,0,110,1,1,0,0.16,0.0638561,0.973583,1.66584,0
7793,13,13,4,110,1,13,0,110,0,1,0,0.16,0.0505244,0.977515,1.5397,0
7794,15,15,9,109,1,15,0,110,1,1,0,0.16,0.0566039,0.97638,1.8329,0
7795,12,12,3,110,1,12,0,110,0,1,0,0.16,0.0484848,0.975649,1.45849,0
7796,32,32,18,109,1,32,0,110,1,2,0,0.16,0.0596322,0.973655,1.83214,0
7797,30,30,12,110,1,30,0,110,0,0,0,0.16,0.0458521,0.978036,1.46031,0
7798,36,36,0,110,1,36,0,110,0,1,0,0.16,0.058437,0.973524,1.14196,0
7799,11,11,0,110,1,11,0,110,2,2,0,0.16,0.0574468,0.974251,1.62858,0
7800,31,31,8,109,1,31,0,110,1,1,0,0.16,0.063251,0.970892,1.41799,0
7801,15,15,9,110,1,15,0,110,0,2,0,0.16,0.0549089,0.973579,1.56001,0
7802,10,10,5,110,1,10,0,110,2,7,0,0.16,0.0752826,0.966255,1.96308,0
7803,14,14,11,110,1,14,0,110,2,4,0,0.16,0.0676481,0.971045,1.75201,0
7804,9,9,5,110,1,9,0,110,2,4,0,0.18539,0.0898848,0.961499,3.95289,1
7805,28,28,4,110,1,28,0,110,0,1,0,0.16,0.0487937,0.977599,1.25585,0
7806,22,22,6,109,1,22,0,110,1,1,0,0.16,0.0600541,0.973725,1.58636,0
7807,8,8,4,109,1,8,0,110,1,1,0,0.183486,0.0629691,0.971139,1.56073,0
7808,26,26,6,111,1,26,0,110,2,1,0,0.16,0.070668,0.974368,1.36818,0
7809,14,14,5,109,1,14,0,110,2,0,0,0.16,0.0679676,0.970453,1.64865,0
7810,5,5,1,110,1,5,0,110,4,5,0,0.16,0.0754083,0.968709,2.01231,0
7811,13,13,6,110,1,13,0,110,1,1,0,0.16,0.0487772,0.978563,1.90243,0
7812,23,23,2,110,1,23,0,110,0,0,0,0.16,0.0446211,0.978831,1.48213,0
7813,25,24,17,107,1,24,0,110,3,1,1,0.16,0.0793784,0.968297,1.71155,0
7814,24,24,7,110,1,24,0,110,0,0,0,0.16,0.0548533,0.973302,1.30269,0
7815,20,20,6,110,1,20,0,110,0,0,0,0.16,0.0480882,0.978143,1.76613,0
7816,60,36,0,110,1,36,0,110,0,1,0,0.16,0,1,1.24993,0
7817,9,9,6,109,1,9,0,110,1,1,0,0.16,0.0580121,0.971299,1.68172,0
7818,15,15,10,111,1,15,0,110,1,2,0,0.16,0.0507521,0.979192,1.42948,0
7819,14,14,2,109,1,14,0,110,1,3,0,0.16,0.0523132,0.977628,1.90331,0
7820,16,16,6,111,1,16,0,110,1,2,0,0.16,0.0588856,0.975449,1.92835,0
7821,61,36,33,110,1,36,0,110,0,1,0,0.16,0,1,1.90519,0
7822,11,11,3,110,1,11,0,110,0,2,0,0.16,0.0725346,0.967675,2.2778,1
7823,56,36,32,110,1,36,0,110,0,1,0,0.16,0,1,1.33232,0
7824,17,17,0,106,1,17,0,110,4,0,0,0.16,0.060778,0.970566,1.37238,0
7825,9,9,1,110,1,9,0,110,0,1,0,0.16,0.0348384,0.983613,1.84325,0
7826,29,29,1,111,1,29,0,110,1,1,0,0.16,0.0746566,0.967587,1.87058,0
7827,12,12,2,109,1,12,0,110,1,1,0,0.16,0.0668564,0.970479,1.78752,0
7828,15,15,7,108,1,15,0,110,2,0,0,0.16,0.0701722,0.972474,1.73071,0
7829,10,10,1,109,1,10,0,110,4,4,0,0.16,0.0765352,0.969601,1.57049,0
7830,31,31,4,110,1,31,0,110,0,0,0,0.16,0.0473401,0.977577,1.24438,0
7831,46,36,37,108,1,36,0,110,2,1,0,0.16,0,1,1.65131,0
7832,4,4,3,108,1,4,0,110,2,2,0,1,0.0625,0.968251,1.82281,0
7833,25,25,0,110,1,25,0,110,0,1,0,0.16,0.0510326,0.976721,1.76398,0
7834,12,12,1,109,1,12,0,110,1,3,0,0.16,0.0665665,0.969716,1.54778,0
7835,19,19,1,110,1,19,0,110,0,0,0,0.16,0.0530133,0.975564,1.39395,0
7836,20,20,12,110,1,20,0,110,0,2,0,0.16,0.0561616,0.973617,1.51445,0
7837,65,36,4,110,1,36,0,110,0,1,0,0.16,0,1,1.82777,0
7838,11,11,2,110,1,11,0,110,3,0,0,0.16,0.0758613,0.972196,1.15987,0
7839,13,12,11,107,1,12,0,110,3,1,1,0.16,0.0784468,0.961409,1.89029,0
7840,28,28,6,109,1,28,0,110,1,0,0,0.16,0.0577286,0.973809,1.20169,0
7841,13,13,3,110,1,13,0,110,0,1,0,0.16,0.0390789,0.980304,1.61555,0
7842,14,14,0,110,1,14,0,110,0,0,0,0.16,0.050282,0.97492,1.40296,0
7843,11,11,4,110,1,11,0,110,1,1,0,0.16,0.0584349,0.974664,1.37024,0
7844,40,36,35,110,1,36,0,110,0,1,0,0.16,0,1,2.02288,0
7845,24,24,8,109,1,24,0,110,1,1,0,0.16,0.0643239,0.972103,1.79019,0
7846,20,20,4,110,1,20,0,110,0,0,0,0.16,0.0611594,0.972261,1.58567,0
7847,24,24,21,109,1,24,0,110,1,3,0,0.16,0.0637767,0.970206,1.84995,0
7848,15,15,8,110,1,15,0,110,1,0,0,0.16,0.0542965,0.977197,1.65177,0
7849,10,10,6,110,1,10,0,110,0,0,0,0.16,0.0505156,0.976655,1.84536,0
7850,7,7,6,108,1,7,0,110,2,8,0,0.16,0.0815831,0.967375,1.33012,0
7851,19,19,15,110,1,19,0,110,3,1,0,0.16,0.0708864,0.968899,1.35181,0
7852,28,28,14,111,1,28,0,110,1,2,0,0.16,0.0632012,0.972677,1.52987,0
7853,25,25,17,110,1,25,0,110,0,0,0,0.16,0.0499882,0.976179,1.30427,0
7854,11,11,0,110,1,11,0,110,2,1,0,0.16,0.0693843,0.967678,1.78963,0
7855,36,36,24,110,1,36,0,110,0,1,0,0.16,0.0620118,0.970636,1.39072,0
7856,15,15,1,109,1,15,0,110,1,2,0,0.16,0.0576095,0.974553,1.57671,0
7857,14,14,2,108,1,14,0,110,2,2,0,0.16,0.0715368,0.96722,1.63574,0
7858,11,11,10,110,1,11,0,110,1,0,0,0.16,0.0638986,0.972198,1.94931,0
7859,13,13,12,106,1,13,0,110,1,1,0,0.16,0.0694204,0.969097,2.95998,1
7860,13,13,7,110,1,13,0,110,1,0,0,0.16,0.0588567,0.97543,1.6461,0
7861,31,31,13,109,1,31,0,110,1,0,0,0.16,0.0630724,0.971922,1.7076,0
7862,52,36,5,110,1,36,0,110,0,1,0,0.16,0,1,1.63435,0
7863,6,6,3,108,1,6,0,110,2,1,0,0.183973,0.0550772,0.971908,3.24909,1
7864,58,36,49,110,1,36,0,110,4,1,0,0.16,0,1,1.81053,0
7865,37,36,4,110,1,36,0,110,0,0,0,0.16,0.0598518,0.971639,1.54715,0
7866,22,22,20,110,1,22,0,110,0,0,0,0.16,0.0748514,0.963472,1.3517,0
7867,16,16,15,110,1,16,0,110,0,0,0,0.16,0.0567253,0.973812,1.03504,0
7868,41,36,10,109,1,36,0,110,1,1,0,0.16,0,1,1.43247,0
7869,19,19,0,108,1,19,0,110,2,1,0,0.16,0.0462136,0.977297,3.58189,1
7870,25,25,16,110,1,25,0,110,0,0,0,0.16,0.0509662,0.976902,1.82391,0
7871,75,36,34,109,1,36,0,110,2,1,0,0.16,0,1,1.47527,0
7872,57,36,10,110,1,36,0,110,0,1,0,0.16,0,1,1.72701,0
7873,9,9,7,107,1,9,0,110,3,2,0,0.16,0.0767982,0.971797,1.40911,0
7874,43,36,15,109,1,36,0,110,1,1,0,0.16,0,1,1.0825,0
7875,14,14,0,108,1,14,0,110,0,1,0,0.16,0.0559166,0.973805,2.26603,1
7876,48,36,12,110,1,36,0,110,0,1,0,0.16,0,1,1.33435,0
7877,21,21,10,110,1,21,0,110,2,1,0,0.16,0.0747967,0.969059,1.48053,0
7878,35,35,23,110,1,35,0,110,0,0,0,0.16,0.0571256,0.97277,2.10212,0
7879,16,16,2,109,1,16,0,110,1,1,0,0.16,0.0474851,0.976143,1.47391,0
7880,20,20,3,108,1,20,0,110,2,0,0,0.16,0.0709467,0.96968,1.47137,0
7881,20,20,5,110,1,20,0,110,0,1,0,0.16,0.0538847,0.974749,2.32256,1
7882,25,25,4,108,1,25,0,110,2,1,0,0.16,0.0729769,0.969659,1.93438,0
7883,48,36,28,110,1,36,0,110,0,1,0,0.16,0,1,1.68829,0
7884,5,5,1,111,1,5,0,110,1,2,0,0.171171,0.0522523,0.973477,1.48623,0
7885,15,15,7,111,1,15,0,110,1,1,0,0.16,0.0598761,0.973813,1.51751,0
7886,29,29,4,110,1,29,0,110,4,2,0,0.16,0.0772305,0.970258,1.33532,0
7887,9,9,7,109,1,9,0,110,4,3,0,0.16,0.0932959,0.961655,1.6105,0
7888,28,28,22,108,1,28,0,110,2,0,0,0.16,0.0717324,0.971591,1.48476,0
7889,37,36,17,110,1,36,0,110,3,1,0,0.163636,0.081963,0.966739,1.95354,0
7890,25,25,16,107,1,25,0,110,3,0,0,0.16,0.0665267,0.967888,2.09553,0
7891,11,11,2,110,1,11,0,110,0,1,0,0.16,0.051918,0.974258,1.77968,0
7892,11,11,3,108,1,11,0,110,4,0,0,0.16,0.0471715,0.973781,4.23621,1
7893,56,36,1,110,1,36,0,110,0,1,0,0.16,0,1,1.1578,0
7894,75,36,0,110,1,36,0,110,0,1,0,0.16,0,1,1.74407,0
7895,15,15,2,108,1,15,0,110,2,0,0,0.16,0.0528289,0.978313,1.69174,0
7896,14,14,10,108,1,14,0,110,2,3,0,0.16,0.0584285,0.974463,1.45515,0
7897,37,36,24,111,1,36,0,110,2,4,0,0.16,0.066938,0.971275,1.33621,0
7898,7,7,1,108,1,7,0,110,2,2,0,0.16,0.0509119,0.976582,1.64107,0
7899,24,24,12,110,1,24,0,110,4,1,0,0.16,0.0865587,0.969721,1.52463,0
7900,11,11,6,107,1,11,0,110,4,1,0,0.172727,0.0880366,0.960431,1.55095,0
7901,20,20,19,111,1,20,0,110,1,2,0,0.16,0.058354,0.972961,1.48424,0
7902,5,4,0,110,1,4,0,110,5,3,1,0.16,0.0598325,0.978977,2.01114,0
7903,25,25,8,109,1,25,0,110,1,0,0,0.16,0.0620039,0.973952,1.31223,0
7904,6,6,2,108,1,6,0,110,2,6,0,0.208206,0.09989,0.955025,4.47377,1
7905,10,10,3,111,1,10,0,110,1,4,0,0.16,0.0504505,0.977766,1.92938,0
7906,14,14,4,110,1,14,0,110,2,2,0,0.183129,0.0620141,0.972983,1.77142,0
7907,40,36,1,110,1,36,0,110,0,1,0,0.16,0,1,1.89496,0
7908,53,36,16,110,1,36,0,110,0,1,0,0.16,0,1,1.27477,0
7909,21,21,16,109,1,21,0,110,2,1,0,0.16,0.065429,0.970514,1.38841,0
7910,17,17,14,110,1,17,0,110,0,0,0,0.16,0.0509817,0.975885,1.65451,0
7911,27,27,3,111,1,27,0,110,1,1,0,0.16,0.066492,0.971664,1.9404,0
7912,60,36,24,110,1,36,0,110,0,1,0,0.16,0,1,1.58794,0
7913,15,15,1,110,1,15,0,110,0,0,0,0.16,0.0517862,0.975689,1.05758,0
7914,54,36,6,109,1,36,0,110,1,1,0,0.16,0,1,1.48876,0
7915,47,36,4,110,1,36,0,110,0,1,0,0.16,0,1,1.32537,0
7916,18,18,15,108,1,18,0,110,3,2,0,0.16,0.0714004,0.965547,1.31035,0
7917,17,17,3,108,1,17,0,110,4,3,0,0.16,0.0787452,0.968395,1.56585,0
7918,19,19,17,110,1,19,0,110,2,3,0,0.16,0.068557,0.971281,1.73207,0
7919,73,36,39,109,1,36,0,110,1,1,0,0.16,0,1,1.74168,0
7920,26,26,19,111,1,26,0,110,1,2,0,0.16,0.06363,0.970747,1.92666,0
7921,16,16,7,110,1,16,0,110,0,1,0,0.16,0.0524506,0.976359,1.4734,0
7922,46,36,38,110,1,36,0,110,0,1,0,0.16,0,1,1.38239,0
7923,18,18,6,110,1,18,0,110,2,3,0,0.16,0.0706116,0.968929,1.5966,0
7924,9,9,4,108,1,9,0,110,3,0,0,0.16,0.064781,0.976147,1.53101,0
7925,17,17,3,110,1,17,0,110,2,1,0,0.16,0.0686341,0.973486,1.79531,0
7926,18,18,8,108,1,18,0,110,2,0,0,0.16,0.0677365,0.973734,1.60696,0
7927,11,11,8,110,1,11,0,110,1,1,0,0.16,0.0627066,0.97179,1.69368,0
7928,13,13,6,110,1,13,0,110,0,3,0,0.16,0.0743022,0.967775,2.36286,1
7929,39,36,1,110,1,36,0,110,0,0,0,0.16,0.0566047,0.973779,1.84035,0
7930,46,36,21,109,1,36,0,110,1,1,0,0.16,0,1,1.88905,0
7931,8,8,7,111,1,8,0,110,4,3,0,0.171171,0.0804131,0.968281,1.9958,0
7932,70,36,4,110,1,36,0,110,1,1,0,0.16,0,1,1.776,0
7933,23,23,0,109,1,23,0,110,3,2,0,0.16,0.0763843,0.972682,1.56185,0
7934,22,22,1,109,1,22,0,110,1,1,0,0.16,0.064705,0.972685,1.72115,0
7935,20,20,10,109,1,20,0,110,1,1,0,0.16,0.0668031,0.967217,1.63473,0
7936,19,19,10,108,1,19,0,110,3,0,0,0.16,0.0809163,0.965657,1.81965,0
7937,22,22,15,113,1,22,0,110,0,4,0,0.16,0.0892371,0.971843,2.32822,1
7938,8,8,0,109,1,8,0,110,1,0,0,0.16,0.0457357,0.977973,1.62864,0
7939,21,21,7,109,1,21,0,110,1,0,0,0.16,0.0633215,0.96834,1.82911,0
7940,34,34,16,110,1,34,0,110,0,3,0,0.16,0.0593417,0.972103,1.64935,0
7941,60,36,2,110,1,36,0,110,0,1,0,0.16,0,1,1.48305,0
7942,48,36,5,110,1,36,0,110,0,1,0,0.16,0,1,1.58274,0
7943,24,24,8,108,1,24,0,110,2,1,0,0.16,0.0689998,0.970316,1.32651,0
7944,21,21,18,110,1,21,0,110,4,3,0,0.16,0.0877402,0.968843,1.38054,0
7945,10,10,0,110,1,10,0,110,1,1,0,0.198884,0.0637759,0.973941,1.78192,0
7946,45,36,9,110,1,36,0,110,0,1,0,0.16,0,1,1.34148,0
7947,69,36,2,110,1,36,0,110,0,1,0,0.16,0,1,1.44984,0
7948,12,12,4,108,1,12,0,110,4,2,0,0.16,0.0650886,0.964444,4.34668,1
7949,21,21,2,109,1,21,0,110,2,1,0,0.16,0.0642382,0.97443,1.85676,0
7950,20,20,8,110,1,20,0,110,0,3,0,0.16,0.0546367,0.97475,1.71025,0
7951,18,18,8,110,1,18,0,110,1,3,0,0.16,0.070458,0.968683,1.76824,0
7952,14,14,7,109,1,14,0,110,1,4,0,0.16,0.0753786,0.962956,1.90417,0
7953,16,16,12,109,1,16,0,110,3,1,0,0.16,0.0733231,0.971864,1.69845,0
7954,17,17,2,110,1,17,0,110,0,0,0,0.16,0.0477757,0.977749,1.94642,0
7955,17,17,1,110,1,17,0,110,0,1,0,0.16,0.0508087,0.97482,1.94623,0
7956,35,35,15,110,1,35,0,110,0,0,0,0.16,0.0553632,0.975096,1.85938,0
7957,11,11,5,111,1,11,0,110,2,1,0,0.16,0.0560007,0.977334,1.87504,0
7958,11,11,4,108,1,11,0,110,3,1,0,0.16,0.0710611,0.972108,2.09543,0
7959,19,19,12,110,1,19,0,110,2,1,0,0.16,0.0672372,0.970566,1.47019,0
7960,56,36,4,110,1,36,0,110,0,1,0,0.16,0,1,1.65537,0
7961,36,36,7,110,1,36,0,110,3,3,0,0.16,0.0758987,0.967117,1.56363,0
7962,18,18,9,107,1,18,0,110,3,0,0,0.16,0.0773364,0.966513,1.87441,0
7963,16,16,14,112,1,16,0,110,2,6,0,0.16,0.0752217,0.97011,1.88625,0
7964,44,36,14,110,1,36,0,110,4,1,0,0.16,0,1,1.52783,0
7965,36,36,9,111,1,36,0,110,1,1,0,0.16,0.0692639,0.969029,1.71641,0
7966,20,20,8,110,1,20,0,110,1,1,0,0.16,0.060122,0.974299,1.4318,0
7967,31,31,13,109,1,31,0,110,1,0,0,0.16,0.0554583,0.973693,1.4401,0
7968,23,23,4,110,1,23,0,110,2,2,0,0.16,0.0661072,0.968208,4.03408,1
7969,61,36,43,110,1,36,0,110,0,1,0,0.16,0,1,1.4568,0
7970,26,26,22,110,1,26,0,110,0,1,0,0.16,0.0503866,0.975355,1.62541,0
7971,12,12,4,110,1,12,0,110,0,1,0,0.16,0.0467525,0.97866,1.67372,0
7972,30,30,3,108,1,30,0,110,2,0,0,0.16,0.0679785,0.972258,1.45115,0
7973,8,8,0,110,1,8,0,110,0,0,0,0.16,0.0408477,0.979874,1.32853,0
7974,8,8,1,111,1,8,0,110,2,4,0,0.171171,0.079955,0.96717,1.77609,0
7975,23,23,7,110,1,23,0,110,0,1,0,0.194216,0.0648128,0.970368,1.33593,0
7976,18,18,13,110,1,18,0,110,0,0,0,0.16,0.0497332,0.975718,1.47995,0
7977,26,26,17,111,1,26,0,110,1,2,0,0.16,0.0592268,0.974023,1.99466,0
7978,14,14,10,111,1,14,0,110,2,3,0,0.16,0.0641227,0.972903,2.07343,0
7979,16,16,0,109,1,16,0,110,1,0,0,0.16,0.0517864,0.977286,1.9654,0
7980,62,36,58,110,1,36,0,110,0,1,0,0.16,0,1,1.73985,0
7981,14,14,2,109,1,14,0,110,1,1,0,0.16,0.0501941,0.978279,1.70445,0
7982,22,22,12,109,1,22,0,110,1,0,0,0.16,0.0494836,0.977666,1.17671,0
7983,7,7,5,110,1,7,0,110,1,7,0,0.16,0.0518194,0.976353,1.66526,0
7984,47,36,42,111,1,36,0,110,3,1,1,0.16,0,1,1.20058,0
7985,25,25,6,111,1,25,0,110,1,1,0,0.16,0.0622587,0.974418,1.73918,0
7986,12,12,6,109,1,12,0,110,1,0,0,0.16,0.0564467,0.976563,1.49878,0
7987,25,25,15,111,1,25,0,110,1,1,0,0.16,0.0596923,0.975138,1.21746,0
7988,33,33,3,110,1,33,0,110,0,0,0,0.16,0.0462488,0.977976,1.39538,0
7989,13,13,11,110,1,13,0,110,0,1,0,0.16,0.048318,0.978561,1.65118,0
7990,49,36,39,109,1,36,0,110,1,1,0,0.16,0,1,1.58614,0
7991,25,24,19,112,1,24,0,110,3,2,1,0.160326,0.082068,0.968589,1.78992,0
7992,31,31,4,109,1,31,0,110,1,0,0,0.16,0.0549813,0.974869,1.4157,0
7993,15,15,14,109,1,15,0,110,1,1,0,0.16,0.0613103,0.973033,1.57261,0
7994,17,17,7,108,1,17,0,110,2,2,0,0.16,0.0580407,0.967043,4.42833,1
7995,44,36,18,110,1,36,0,110,0,1,0,0.16,0,1,1.48337,0
7996,11,11,2,111,1,11,0,110,1,1,0,0.16,0.0521496,0.978561,1.44313,0
7997,15,15,9,110,1,15,0,110,0,0,0,0.16,0.0628487,0.970561,1.90138,0
7998,11,11,5,109,1,11,0,110,1,4,0,0.16,0.0709227,0.969455,4.98132,1
7999,20,20,14,110,1,20,0,110,3,1,0,0.16,0.0684288,0.974072,1.48552,0
8000,18,18,4,110,1,18,0,110,1,1,0,0.16,0.0621821,0.973454,2.09033,0
8001,16,16,11,110,1,16,0,110,0,0,0,0.16,0.0437923,0.979749,1.49945,0
8002,2,2,1,110,1,2,0,110,5,7,0,1,0.0614035,0.971548,4.84536,1
8003,18,18,14,110,1,18,0,110,0,1,0,0.16,0.0618654,0.970938,1.54209,0
8004,23,23,17,111,1,23,0,110,3,4,0,0.16,0.0796313,0.968688,1.74026,0
8005,18,18,3,109,1,18,0,110,1,1,0,0.16,0.0623685,0.972704,1.09578,0
8006,22,22,7,109,1,22,0,110,3,1,0,0.16,0.0736144,0.971647,1.94715,0
8007,14,14,12,110,1,14,0,110,1,1,0,0.16,0.0637665,0.974922,1.96344,0
8008,24,24,22,108,1,24,0,110,3,0,0,0.16,0.0813309,0.971274,1.71952,0
8009,15,15,0,109,1,15,0,110,3,2,0,0.16,0.0724477,0.969383,1.76005,0
8010,28,28,9,108,1,28,0,110,3,0,0,0.16,0.0748268,0.971427,1.5505,0
8011,14,14,4,109,1,14,0,110,1,0,0,0.16,0.064885,0.968822,1.60958,0
8012,15,15,8,109,1,15,0,110,2,2,0,0.16,0.0681864,0.967247,1.65522,0
8013,22,22,7,109,1,22,0,110,1,1,0,0.16,0.0609917,0.974552,1.54699,0
8014,28,28,7,110,1,28,0,110,1,1,0,0.16,0.0666088,0.971296,1.42308,0
8015,72,36,2,111,1,36,0,110,1,1,0,0.16,0,1,1.83582,0
8016,14,14,1,108,1,14,0,110,4,2,0,0.16,0.0523098,0.972486,4.56119,1
8017,19,19,15,110,1,19,0,110,1,1,0,0.16,0.0590974,0.974136,1.349,0
8018,11,11,8,108,1,11,0,110,2,0,0,0.16,0.0612589,0.973368,1.85004,0
8019,7,7,1,109,1,7,0,110,6,5,0,0.179817,0.0887575,0.964399,1.7517,0
8020,12,12,6,110,1,12,0,110,1,0,0,0.16,0.0474715,0.979795,1.19483,0
8021,46,36,2,110,1,36,0,110,0,1,0,0.16,0,1,1.48194,0
8022,7,7,1,108,1,7,0,110,2,4,0,0.16,0.0588885,0.971976,1.34391,0
8023,14,14,8,107,1,14,0,110,4,3,0,0.188845,0.0827831,0.964592,1.7755,0
8024,66,36,52,110,1,36,0,110,0,1,0,0.16,0,1,1.23262,0
8025,25,25,11,111,1,25,0,110,1,4,0,0.16,0.0586239,0.976034,1.27461,0
8026,53,36,52,110,1,36,0,110,1,1,0,0.16,0,1,1.45582,0
8027,19,19,2,110,1,19,0,110,2,4,0,0.16,0.0640588,0.972472,1.48021,0
8028,23,23,16,109,1,23,0,110,2,0,0,0.16,0.0661327,0.974468,1.55581,0
8029,14,14,3,109,1,14,0,110,3,3,0,0.16,0.0732381,0.968822,1.68794,0
8030,20,20,13,110,1,20,0,110,0,0,0,0.16,0.0545057,0.974297,1.25655,0
8031,18,18,9,108,1,18,0,110,2,0,0,0.16,0.0730588,0.968104,1.29488,0
8032,34,34,21,110,1,34,0,110,0,0,0,0.16,0.0622327,0.971171,1.64843,0
8033,8,8,4,111,1,8,0,110,3,5,0,0.16,0.0650255,0.975009,1.4554,0
8034,18,18,15,108,1,18,0,110,2,1,0,0.16,0.0635753,0.97015,1.45415,0
8035,18,18,11,110,1,18,0,110,0,0,0,0.16,0.0608594,0.971944,1.61116,0
8036,6,6,1,111,1,6,0,110,0,6,0,0.16,0.0570571,0.976395,2.99409,1
8037,35,35,20,110,1,35,0,110,1,4,0,0.16,0.0645454,0.971092,1.34753,0
8038,18,18,7,110,1,18,0,110,0,0,0,0.16,0.0532957,0.974712,1.20288,0
8039,21,21,11,110,1,21,0,110,0,1,0,0.16,0.0501619,0.976382,1.7971,0
8040,11,11,10,109,1,11,0,110,2,3,0,0.16,0.0671589,0.966136,3.66402,1
8041,10,10,5,110,1,10,0,110,2,4,0,0.181818,0.0720689,0.97123,1.48573,0
8042,15,15,10,109,1,15,0,110,1,1,0,0.16,0.0531885,0.976076,1.63836,0
8043,13,13,9,111,1,13,0,110,1,1,0,0.16,0.0572988,0.974271,1.2217,0
8044,32,32,19,108,1,32,0,110,2,1,0,0.16,0.0676696,0.971686,1.8489,0
8045,21,21,1,110,1,21,0,110,0,0,0,0.16,0.0488088,0.977676,1.62779,0
8046,36,36,8,109,1,36,0,110,0,0,0,0.16,0.0517555,0.975316,2.24473,1
8047,21,21,4,112,1,21,0,110,2,3,0,0.16,0.0695298,0.97299,1.46353,0
8048,38,36,17,110,1,36,0,110,0,0,0,0.16,0.0580856,0.972645,1.18186,0
8049,10,10,3,110,1,10,0,110,0,1,0,0.16,0.0406404,0.980276,1.5805,0
8050,17,17,12,109,1,17,0,110,2,0,0,0.16,0.0590996,0.976206,1.43036,0
8051,15,14,2,108,1,14,0,110,4,2,1,0.16,0.0862003,0.966559,1.61117,0
8052,11,11,4,109,1,11,0,110,4,2,0,0.16,0.0897561,0.960742,1.56359,0
8053,80,36,20,110,1,36,0,110,2,1,0,0.16,0,1,1.93679,0
8054,16,16,4,111,1,16,0,110,1,1,0,0.16,0.0578106,0.974889,1.85114,0
8055,86,36,30,110,1,36,0,110,0,1,0,0.16,0,1,1.79549,0
8056,15,15,0,110,1,15,0,110,0,0,0,0.16,0.0416985,0.979612,1.42088,0
8057,24,24,2,110,1,24,0,110,0,0,0,0.16,0.0607966,0.970662,1.77231,0
8058,43,36,27,109,1,36,0,110,1,1,0,0.16,0,1,1.57697,0
8059,17,17,7,110,1,17,0,110,0,3,0,0.16,0.0640095,0.968967,1.1566,0
8060,25,25,13,111,1,25,0,110,2,1,0,0.16,0.0648116,0.973701,1.75195,0
8061,23,23,14,110,1,23,0,110,0,0,0,0.16,0.0507759,0.974896,1.31452,0
8062,16,16,14,111,1,16,0,110,1,2,0,0.16,0.0539591,0.977129,1.34937,0
8063,14,14,7,113,1,14,0,110,3,5,0,0.163616,0.0731762,0.965513,1.29832,0
8064,6,6,1,108,1,6,0,110,2,3,0,0.16,0.0719718,0.966534,4.50303,1
8065,35,35,6,108,1,35,0,110,2,0,0,0.16,0.0759392,0.968319,1.74931,0
8066,50,36,22,111,1,36,0,110,1,1,0,0.16,0,1,1.27501,0
8067,9,9,6,111,1,9,0,110,2,2,0,0.16,0.0616047,0.976788,1.18003,0
8068,26,26,9,109,1,26,0,110,1,0,0,0.16,0.055025,0.97548,1.71009,0
8069,67,36,25,109,1,36,0,110,1,1,0,0.16,0,1,1.76956,0
8070,12,12,6,110,1,12,0,110,1,2,0,0.16,0.0612398,0.971873,1.71576,0
8071,15,15,13,110,1,15,0,110,0,2,0,0.16,0.055468,0.975086,2.80157,1
8072,50,36,28,109,1,36,0,110,1,1,0,0.16,0,1,2.01684,0
8073,8,8,2,108,1,8,0,110,2,1,0,0.165909,0.0552025,0.973165,1.65173,0
8074,32,32,28,110,1,32,0,110,0,0,0,0.16,0.052926,0.975168,1.25103,0
8075,37,36,2,110,1,36,0,110,0,0,0,0.16,0.0600906,0.97227,1.14336,0
8076,8,8,6,111,1,8,0,110,1,1,0,0.163534,0.0611618,0.97444,1.64362,0
8077,24,24,21,112,1,24,0,110,2,3,0,0.16,0.0642922,0.973407,1.27557,0
8078,9,9,1,110,1,9,0,110,1,5,0,0.16,0.0724292,0.96703,3.21355,1
8079,79,36,18,110,1,36,0,110,0,1,0,0.16,0,1,1.65516,0
8080,9,9,0,110,1,9,0,110,0,1,0,0.16,0.0401699,0.980095,1.87106,0
8081,15,14,3,106,1,14,0,110,4,3,1,0.16,0.0812603,0.961579,1.79916,0
8082,58,36,0,108,1,36,0,110,4,1,2,0.16,0,1,1.60857,0
8083,13,13,8,110,1,13,0,110,1,1,0,0.16,0.0709665,0.969514,1.47007,0
8084,28,28,5,110,1,28,0,110,0,0,0,0.16,0.0509659,0.975013,1.30402,0
8085,7,7,4,110,1,7,0,110,2,4,0,0.16,0.0693081,0.972475,1.71695,0
8086,23,23,11,110,1,23,0,110,0,0,0,0.16,0.047056,0.977257,2.1094,0
8087,69,36,64,110,1,36,0,110,0,1,0,0.16,0,1,1.06429,0
8088,16,16,0,111,1,16,0,110,2,3,0,0.16,0.0777887,0.970406,1.56069,0
8089,30,30,6,110,1,30,0,110,0,0,0,0.16,0.0494298,0.977132,1.76314,0
8090,24,24,18,109,1,24,0,110,2,3,0,0.16,0.0748371,0.968494,1.40955,0
8091,5,5,4,110,1,5,0,110,0,1,0,0.16,0.0488496,0.979561,2.23842,1
8092,32,32,16,109,1,32,0,110,1,0,0,0.169683,0.062441,0.971659,1.21975,0
8093,17,17,8,111,1,17,0,110,1,1,0,0.16,0.0675992,0.970564,1.8963,0
8094,23,23,7,110,1,23,0,110,0,1,0,0.16,0.0516,0.975879,1.78824,0
8095,11,11,3,112,1,11,0,110,2,3,0,0.16,0.0706169,0.971884,1.52706,0
8096,40,36,20,108,1,36,0,110,2,1,0,0.16,0,1,3.19284,1
8097,30,30,7,110,1,30,0,110,0,1,0,0.16,0.0554758,0.973663,1.38628,0
8098,20,20,18,110,1,20,0,110,1,1,0,0.16,0.0464016,0.979727,1.57368,0
8099,2,2,0,108,1,2,0,110,11,13,0,1,0.0840708,0.957271,5.27632,1
8100,20,20,18,109,1,20,0,110,1,3,0,0.16,0.0653065,0.971099,1.48169,0
8101,12,12,9,108,1,12,0,110,2,0,0,0.16,0.0663942,0.974048,1.38552,0
8102,23,23,10,109,1,23,0,110,1,0,0,0.16,0.050661,0.97427,1.69108,0
8103,31,31,4,110,1,31,0,110,4,2,0,0.16,0.0717576,0.970133,1.95386,0
8104,25,25,1,109,1,25,0,110,1,0,0,0.16,0.062724,0.971579,1.52866,0
8105,18,18,10,110,1,18,0,110,1,2,0,0.16,0.0578415,0.97647,1.47442,0
8106,44,36,37,106,1,36,0,110,4,1,0,0.16,0,1,1.49961,0
8107,36,35,13,109,1,35,0,110,3,2,1,0.16,0.0778614,0.967825,1.48291,0
8108,99,36,54,110,1,36,0,110,0,1,0,0.16,0,1,1.68693,0
8109,38,36,9,110,1,36,0,110,0,0,0,0.16,0.0487892,0.976919,1.43876,0
8110,6,6,3,110,1,6,0,110,1,8,0,0.167981,0.0664253,0.970158,4.00108,1
8111,68,36,7,110,1,36,0,110,0,1,0,0.16,0,1,1.48265,0
8112,22,22,2,109,1,22,0,110,1,0,0,0.16,0.0630278,0.971647,1.38675,0
8113,38,36,37,110,1,36,0,110,2,2,0,0.16,0.0619878,0.975036,1.04505,0
8114,39,36,28,109,1,36,0,110,2,1,0,0.16,0.065354,0.971638,1.56627,0
8115,27,27,23,110,1,27,0,110,2,1,0,0.16,0.061556,0.975262,1.57,0
8116,15,15,0,110,1,15,0,110,1,1,0,0.16,0.0576872,0.975385,1.29287,0
8117,13,13,8,110,1,13,0,110,0,1,0,0.16,0.050731,0.974732,2.00336,0
8118,56,36,10,109,1,36,0,110,1,1,0,0.16,0,1,1.3373,0
8119,30,30,25,108,1,30,0,110,2,0,0,0.16,0.0761665,0.966112,1.49839,0
8120,22,22,13,108,1,22,0,110,2,0,0,0.16,0.0729479,0.966778,1.91805,0
8121,19,19,1,109,1,19,0,110,2,1,0,0.16,0.0654753,0.971737,1.53576,0
8122,15,15,9,111,1,15,0,110,2,2,0,0.16,0.0602902,0.974111,1.39123,0
8123,23,23,9,111,1,23,0,110,1,3,0,0.16,0.0713202,0.969074,1.83202,0
8124,14,14,4,108,1,14,0,110,2,3,0,0.16,0.0742282,0.969197,1.53055,0
8125,29,29,24,111,1,29,0,110,1,2,0,0.16,0.0598171,0.973618,1.50985,0
8126,9,9,2,109,1,9,0,110,0,4,0,0.16,0.0860231,0.961151,2.4057,1
8127,11,11,6,109,1,11,0,110,2,2,0,0.16,0.0694211,0.96406,1.99466,0
8128,21,21,8,110,1,21,0,110,0,0,0,0.16,0.0493494,0.977676,1.5024,0
8129,19,19,10,111,1,19,0,110,0,4,0,0.16,0.0681272,0.969651,2.22311,1
8130,18,18,8,109,1,18,0,110,1,0,0,0.16,0.0587065,0.973214,1.74868,0
8131,14,14,10,111,1,14,0,110,1,3,0,0.16,0.0596868,0.975785,1.7524,0
8132,29,29,13,109,1,29,0,110,1,0,0,0.16,0.0647485,0.972033,1.33651,0
8133,56,36,51,109,1,36,0,110,1,1,0,0.16,0,1,1.36193,0
8134,8,8,3,111,1,8,0,110,1,2,0,0.16,0.0650841,0.971084,1.68183,0
8135,44,36,0,110,1,36,0,110,0,1,0,0.16,0,1,1.55387,0
8136,18,18,10,111,1,18,0,110,1,2,0,0.16,0.0610611,0.972947,1.73076,0
8137,47,36,33,109,1,36,0,110,1,1,0,0.16,0,1,2.02792,0
8138,4,4,2,109,1,4,0,110,4,2,0,1,0.0669244,0.968525,4.7645,1
8139,10,10,3,112,1,10,0,110,2,5,0,0.16,0.0660714,0.971297,1.41937,0
8140,23,23,8,110,1,23,0,110,1,2,0,0.16,0.0695278,0.969976,1.52045,0
8141,23,23,21,108,1,23,0,110,3,4,0,0.160688,0.0848397,0.963016,1.58254,0
8142,39,36,35,110,1,36,0,110,0,1,0,0.16,0.0645657,0.970133,1.51064,0
8143,8,8,4,112,1,8,0,110,2,2,0,0.16,0.0611173,0.970228,1.69932,0
8144,9,9,7,111,1,9,0,110,2,3,0,0.16,0.0649846,0.972305,1.62878,0
8145,27,27,16,110,1,27,0,110,0,1,0,0.16,0.0491642,0.976937,1.34028,0
8146,3,3,1,111,1,3,0,110,4,18,0,1,0.0889837,0.957304,4.83258,1
8147,11,11,6,108,1,11,0,110,2,1,0,0.16,0.0504041,0.974197,3.5754,1
8148,41,36,9,110,1,36,0,110,0,1,0,0.16,0,1,1.6985,0
8149,57,36,53,108,1,36,0,110,2,1,1,0.16,0,1,1.50243,0
8150,5,5,1,110,1,5,0,110,2,2,0,0.16,0.0543831,0.976852,1.69681,0
8151,40,36,21,110,1,36,0,110,2,1,0,0.16,0,1,1.29152,0
8152,28,28,3,110,1,28,0,110,0,1,0,0.16,0.047021,0.976632,1.47123,0
8153,21,21,17,110,1,21,0,110,0,0,0,0.16,0.0520215,0.974875,2.02103,0
8154,31,31,11,110,1,31,0,110,0,1,0,0.16,0.0612381,0.970718,1.49617,0
8155,41,36,39,110,1,36,0,110,2,1,0,0.16,0,1,1.71857,0
8156,51,36,24,108,1,36,0,110,2,1,0,0.16,0,1,1.45182,0
8157,13,13,5,111,1,13,0,110,1,2,0,0.16,0.0670306,0.970474,1.8066,0
8158,24,24,16,108,1,24,0,110,2,0,0,0.16,0.0643037,0.966091,1.5497,0
8159,14,14,13,110,1,14,0,110,0,2,0,0.16,0.0474108,0.978151,1.59946,0
8160,24,24,21,111,1,24,0,110,1,1,0,0.16,0.06789,0.971484,1.62221,0
8161,19,19,4,108,1,19,0,110,2,0,0,0.16,0.0625475,0.973662,1.53309,0
8162,17,17,11,109,1,17,0,110,1,1,0,0.16,0.0671576,0.969488,1.7676,0
8163,45,36,34,110,1,36,0,110,0,1,0,0.16,0,1,1.92192,0
8164,14,14,2,107,1,14,0,110,3,1,0,0.168224,0.0716295,0.967916,1.41962,0
8165,12,12,1,109,1,12,0,110,3,1,0,0.16,0.0779507,0.971621,1.70648,0
8166,30,30,18,109,1,30,0,110,1,1,0,0.16,0.0681134,0.968248,1.94174,0
8167,13,13,10,108,1,13,0,110,2,0,0,0.175926,0.0681741,0.965054,1.76734,0
8168,18,18,15,109,1,18,0,110,1,2,0,0.16,0.0443841,0.975495,1.96671,0
8169,35,35,3,110,1,35,0,110,0,1,0,0.16,0.0516567,0.975872,1.58361,0
8170,86,36,29,110,1,36,0,110,0,1,0,0.16,0,1,1.73167,0
8171,59,36,40,110,1,36,0,110,0,1,0,0.16,0,1,1.45194,0
8172,36,36,29,111,1,36,0,110,1,2,0,0.16,0.0675388,0.970773,1.26763,0
8173,19,19,10,107,1,19,0,110,5,3,0,0.16,0.0990312,0.958974,1.21167,0
8174,12,12,1,107,1,12,0,110,3,2,0,0.16,0.068463,0.971095,1.27215,0
8175,17,17,8,110,1,17,0,110,0,0,0,0.16,0.06575,0.968433,1.90081,0
8176,17,17,5,108,1,17,0,110,0,1,0,0.16,0.0687703,0.970023,2.24792,1
8177,28,28,18,110,1,28,0,110,0,0,0,0.16,0.0542056,0.974206,1.74496,0
8178,31,31,13,110,1,31,0,110,0,3,0,0.16,0.0619759,0.970134,1.2536,0
8179,29,29,14,110,1,29,0,110,2,3,0,0.16,0.0714682,0.965424,4.16381,1
8180,69,36,34,110,1,36,0,110,0,1,0,0.16,0,1,1.67803,0
8181,29,29,11,108,1,29,0,110,5,2,0,0.16,0.0858624,0.971461,1.30659,0
8182,11,11,3,110,1,11,0,110,3,2,0,0.16,0.0652184,0.974666,1.93695,0
8183,13,13,5,111,1,13,0,110,3,2,0,0.162162,0.0820577,0.967718,1.34354,0
8184,32,32,26,110,1,32,0,110,0,3,0,0.16,0.0619138,0.970782,1.62397,0
8185,55,36,42,109,1,36,0,110,1,1,0,0.16,0,1,1.54585,0
8186,15,15,1,109,1,15,0,110,1,0,0,0.16,0.0666746,0.965728,1.50959,0
8187,52,36,7,110,1,36,0,110,0,1,0,0.16,0,1,1.36478,0
8188,51,36,4,110,1,36,0,110,0,1,0,0.16,0,1,1.5863,0
8189,4,4,0,110,1,4,0,110,1,6,0,1,0.113636,0.952998,4.03429,1
8190,42,36,37,109,1,36,0,110,1,1,0,0.16,0,1,2.06632,0
8191,24,24,3,109,1,24,0,110,1,0,0,0.16,0.0593093,0.971346,1.62142,0
8192,28,28,24,110,1,28,0,110,0,1,0,0.16,0.0483439,0.977113,2.03647,0
8193,33,33,21,109,1,33,0,110,1,1,0,0.16,0.0615086,0.971273,1.48375,0
8194,20,20,15,109,1,20,0,110,1,1,0,0.16,0.0620594,0.970642,1.34314,0
8195,76,36,35,110,1,36,0,110,0,1,0,0.16,0,1,1.5219,0
8196,14,14,5,107,1,14,0,110,3,4,0,0.16,0.0779148,0.963596,4.6204,1
8197,45,36,20,110,1,36,0,110,0,1,0,0.16,0,1,1.65075,0
8198,68,36,63,110,1,36,0,110,0,1,0,0.16,0,1,0.971067,0
8199,11,11,9,109,1,11,0,110,1,1,0,0.16,0.0553492,0.977334,1.1791,0
8200,8,8,0,111,1,8,0,110,3,2,0,0.16,0.0716059,0.970525,1.66709,0
8201,14,14,13,109,1,14,0,110,0,3,0,0.16,0.0801266,0.968501,2.15752,1
8202,34,34,15,109,1,34,0,110,0,1,0,0.16,0.061349,0.971579,2.13747,1
8203,46,36,41,109,1,36,0,110,1,1,0,0.16,0,1,1.29302,0
8204,16,16,10,110,1,16,0,110,0,0,0,0.16,0.0692782,0.966746,1.42035,0
8205,19,19,12,110,1,19,0,110,0,0,0,0.16,0.0450794,0.978662,1.90774,0
8206,11,11,3,111,1,11,0,110,1,1,0,0.16,0.0580186,0.976927,1.54584,0
8207,46,36,36,109,1,36,0,110,0,1,0,0.16,0,1,2.16171,1
8208,47,36,33,108,1,36,0,110,2,1,0,0.16,0,1,1.1609,0
8209,11,11,6,108,1,11,0,110,0,0,0,0.16,0.0548374,0.973783,2.96923,1
8210,27,27,9,110,1,27,0,110,3,2,0,0.16,0.0882601,0.966881,1.40471,0
8211,34,34,32,111,1,34,0,110,1,1,0,0.16,0.0542634,0.976177,1.67639,0
8212,40,36,6,110,1,36,0,110,0,1,0,0.16,0,1,1.44622,0
8213,26,26,18,110,1,26,0,110,1,0,0,0.16,0.0536647,0.978487,1.4523,0
8214,18,18,12,110,1,18,0,110,0,1,0,0.16,0.0569072,0.972953,1.51212,0
8215,31,31,25,110,1,31,0,110,0,1,0,0.16,0.0444714,0.979328,1.65693,0
8216,57,36,22,108,1,36,0,110,3,1,0,0.16,0,1,1.8408,0
8217,31,31,5,109,1,31,0,110,2,0,0,0.16,0.0684176,0.971186,1.49698,0
8218,28,28,12,109,1,28,0,110,0,1,0,0.16,0.0730215,0.966959,2.94388,1
8219,24,24,4,109,1,24,0,110,1,0,0,0.16,0.0549439,0.974962,1.40754,0
8220,65,36,45,110,1,36,0,110,0,1,0,0.16,0,1,1.14342,0
8221,10,10,8,108,1,10,0,110,2,5,0,0.16,0.0673816,0.966101,1.68241,0
8222,19,19,16,110,1,19,0,110,0,0,0,0.16,0.0562249,0.974375,1.36766,0
8223,15,15,4,110,1,15,0,110,4,3,0,0.16,0.075444,0.96996,1.23835,0
8224,12,12,2,111,1,12,0,110,2,5,0,0.16361,0.0770691,0.965776,4.3961,1
8225,12,12,0,109,1,12,0,110,1,2,0,0.16,0.0669578,0.968194,1.54843,0
8226,37,36,8,110,1,36,0,110,0,0,0,0.16,0.0542118,0.974532,1.52408,0
8227,10,10,5,109,1,10,0,110,1,1,0,0.16,0.047573,0.977817,1.67652,0
8228,18,18,5,111,1,18,0,110,3,2,0,0.16,0.0797826,0.965971,1.54538,0
8229,92,36,2,110,1,36,0,110,0,1,0,0.16,0,1,2.31333,1
8230,11,11,8,107,1,11,0,110,3,0,0,0.16,0.0676749,0.972273,1.96217,0
8231,41,36,4,110,1,36,0,110,0,1,0,0.16,0,1,1.60142,0
8232,22,22,7,109,1,22,0,110,1,1,0,0.16,0.0622756,0.973102,1.65954,0
8233,32,32,17,110,1,32,0,110,0,0,0,0.16,0.0477782,0.977006,1.95179,0
8234,20,20,16,109,1,20,0,110,1,1,0,0.16,0.0525505,0.976806,1.28501,0
8235,21,21,12,109,1,21,0,110,1,2,0,0.16,0.0583233,0.975735,1.85528,0
8236,29,29,13,110,1,29,0,110,0,1,0,0.16,0.0556037,0.972912,1.61683,0
8237,32,32,13,110,1,32,0,110,0,0,0,0.16,0.049773,0.977569,1.58914,0
8238,48,36,47,110,1,36,0,110,0,1,0,0.16,0,1,1.44606,0
8239,26,26,15,109,1,26,0,110,2,0,0,0.16,0.0641208,0.975131,1.40244,0
8240,8,8,5,109,1,8,0,110,0,2,0,0.16,0.0763767,0.968273,3.07725,1
8241,18,18,11,110,1,18,0,110,0,0,0,0.16,0.0454729,0.97823,1.38017,0
8242,8,8,2,109,1,8,0,110,2,1,0,0.16,0.080697,0.966562,4.18664,1
8243,15,15,3,108,1,15,0,110,2,2,0,0.16,0.0515454,0.97862,1.64318,0
8244,23,23,0,109,1,23,0,110,1,0,0,0.16,0.0581856,0.97407,1.55167,0
8245,15,15,5,109,1,15,0,110,3,1,0,0.16,0.0680177,0.969075,2.02023,0
8246,18,18,15,109,1,18,0,110,3,1,0,0.16,0.0589754,0.972708,1.74095,0
8247,59,36,15,110,1,36,0,110,0,1,0,0.16,0,1,1.33074,0
8248,11,11,5,110,1,11,0,110,0,4,0,0.16,0.0593478,0.970557,1.91492,0
8249,8,8,4,110,1,8,0,110,0,2,0,0.16,0.0462994,0.977043,1.8939,0
8250,25,24,2,106,1,24,0,110,4,1,1,0.16,0.0793036,0.969174,1.61535,0
8251,12,12,7,109,1,12,0,110,1,2,0,0.16,0.056496,0.976944,1.6953,0
8252,24,23,15,111,1,23,0,110,3,3,1,0.16,0.0759729,0.969468,1.65774,0
8253,16,16,9,109,1,16,0,110,1,0,0,0.16,0.0554867,0.975286,1.89143,0
8254,23,23,10,110,1,23,0,110,2,2,0,0.16,0.0772864,0.968206,1.63533,0
8255,15,15,3,110,1,15,0,110,0,1,0,0.16,0.0446588,0.977798,1.78044,0
8256,42,36,27,109,1,36,0,110,1,1,0,0.16,0,1,1.47714,0
8257,16,16,5,110,1,16,0,110,2,4,0,0.164953,0.0854784,0.961372,1.59839,0
8258,15,15,10,110,1,15,0,110,0,1,0,0.16,0.0577227,0.973574,1.34724,0
8259,16,16,11,109,1,16,0,110,1,0,0,0.16,0.0579213,0.975288,1.84438,0
8260,18,18,11,108,1,18,0,110,2,0,0,0.16,0.0737819,0.970661,1.7761,0
8261,30,30,0,109,1,30,0,110,1,0,0,0.16,0.0603654,0.974183,1.55005,0
8262,16,16,4,109,1,16,0,110,1,4,0,0.16,0.0727801,0.967297,1.88598,0
8263,20,20,6,111,1,20,0,110,2,3,0,0.16,0.069471,0.97251,1.57656,0
8264,25,25,6,109,1,25,0,110,1,1,0,0.16,0.0503763,0.979433,1.52159,0
8265,80,36,7,110,1,36,0,110,0,1,0,0.16,0,1,2.37083,1
8266,19,19,12,110,1,19,0,110,0,1,0,0.16,0.0655473,0.968659,1.27231,0
8267,36,36,10,110,1,36,0,110,0,2,0,0.16,0.0587163,0.97227,1.48988,0
8268,20,20,16,110,1,20,0,110,1,3,0,0.16,0.0650685,0.970679,1.72829,0
8269,45,36,31,110,1,36,0,110,0,1,0,0.16,0,1,1.35569,0
8270,18,18,3,109,1,18,0,110,2,3,0,0.16,0.0734478,0.96586,4.61054,1
8271,20,20,11,111,1,20,0,110,1,2,0,0.16,0.0679818,0.970047,1.99195,0
8272,18,18,1,109,1,18,0,110,1,0,0,0.16,0.0621901,0.971943,1.53352,0
8273,8,8,2,112,1,8,0,110,3,5,0,0.16,0.0724755,0.970791,1.53328,0
8274,58,36,4,110,1,36,0,110,1,1,0,0.16,0,1,1.80783,0
8275,7,7,4,110,1,7,0,110,2,4,0,0.16,0.065782,0.969893,1.60031,0
8276,2,2,1,109,1,2,0,110,2,3,0,1,0.0137615,0,3.66914,1
8277,14,14,5,110,1,14,0,110,4,4,0,0.16,0.0920849,0.966524,1.57963,0
8278,35,35,5,110,1,35,0,110,0,0,0,0.16,0.0568654,0.973416,1.19326,0
8279,13,13,10,108,1,13,0,110,2,0,0,0.16,0.064376,0.972142,1.94423,0
8280,55,36,31,110,1,36,0,110,0,1,0,0.16,0,1,1.6445,0
8281,20,20,6,109,1,20,0,110,1,2,0,0.16,0.067399,0.9679,1.47435,0
8282,14,14,1,110,1,14,0,110,1,2,0,0.16,0.0758463,0.966522,1.4831,0
8283,18,18,13,110,1,18,0,110,0,2,0,0.16,0.0606332,0.97094,1.76286,0
8284,50,36,2,109,1,36,0,110,1,1,0,0.16,0,1,1.28444,0
8285,14,14,8,110,1,14,0,110,0,2,0,0.16,0.0433728,0.978479,1.75826,0
8286,19,19,3,109,1,19,0,110,2,4,0,0.16,0.0787948,0.965009,4.20492,1
8287,51,36,22,110,1,36,0,110,0,1,1,0.16,0,1,1.57898,0
8288,23,23,5,110,1,23,0,110,0,0,0,0.16,0.0540423,0.974502,1.72025,0
8289,25,25,14,109,1,25,0,110,1,1,0,0.16,0.0668083,0.968837,1.66967,0
8290,25,25,5,109,1,25,0,110,2,1,0,0.16,0.07127,0.968658,1.98381,0
8291,40,36,12,109,1,36,0,110,1,1,0,0.16,0,1,1.48893,0
8292,19,19,11,112,1,19,0,110,2,2,0,0.160714,0.0774304,0.968514,1.38285,0
8293,14,14,8,111,1,14,0,110,2,2,0,0.16,0.0707439,0.970343,1.4079,0
8294,33,33,7,110,1,33,0,110,0,0,0,0.16,0.0467875,0.977703,1.67206,0
8295,47,36,20,110,1,36,0,110,0,1,0,0.16,0,1,1.92299,0
8296,17,17,11,110,1,17,0,110,2,8,0,0.16,0.0770647,0.967103,1.8614,0
8297,15,15,10,109,1,15,0,110,1,0,0,0.16,0.0564837,0.969682,2.08623,0
8298,12,12,8,109,1,12,0,110,0,2,0,0.16,0.0623136,0.969336,2.23831,1
8299,24,24,6,109,1,24,0,110,3,2,0,0.16,0.0805947,0.97249,1.67819,0
8300,13,13,3,109,1,13,0,110,2,1,0,0.16,0.0463376,0.979769,1.52393,0
8301,33,33,20,109,1,33,0,110,1,1,0,0.16,0.0683959,0.970442,1.32292,0
8302,14,14,0,109,1,14,0,110,1,1,0,0.16,0.0598446,0.972734,1.61384,0
8303,24,24,1,110,1,24,0,110,0,1,0,0.16,0.046277,0.978016,1.39868,0
8304,6,6,2,110,1,6,0,110,0,6,0,0.16,0.0481321,0.976183,1.47729,0
8305,8,8,5,106,1,8,0,110,2,2,0,0.16,0.079415,0.965051,3.98442,1
8306,36,36,16,110,1,36,0,110,0,1,0,0.16,0.0543657,0.974405,1.55153,0
8307,23,23,1,110,1,23,0,110,0,0,0,0.16,0.043803,0.979027,1.78271,0
8308,16,16,9,111,1,16,0,110,1,2,0,0.16,0.066243,0.970683,1.89711,0
8309,52,36,43,110,1,36,0,110,0,1,0,0.16,0,1,1.68681,0
8310,12,12,7,110,1,12,0,110,0,0,0,0.16,0.0519041,0.975643,1.79091,0
8311,53,36,52,109,1,36,0,110,1,1,0,0.16,0,1,1.53402,0
8312,14,14,0,108,1,14,0,110,0,3,0,0.16,0.0688565,0.966894,2.35978,1
8313,25,25,10,110,1,25,0,110,0,0,0,0.16,0.0630721,0.969663,1.38368,0
8314,35,35,20,110,1,35,0,110,0,0,0,0.16,0.0577234,0.97277,1.63953,0
8315,17,17,8,108,1,17,0,110,2,1,0,0.16,0.0625644,0.971106,1.74356,0
8316,30,30,9,110,1,30,0,110,0,2,0,0.16,0.0582739,0.972758,1.76865,0
8317,24,24,15,111,1,24,0,110,1,2,0,0.16,0.0611983,0.973352,1.68154,0
8318,20,20,17,110,1,20,0,110,0,2,0,0.161671,0.0509957,0.976109,1.8187,0
8319,26,26,11,106,1,26,0,110,2,0,0,0.16,0.0632868,0.966125,4.52957,1
8320,32,32,25,111,1,32,0,110,1,3,0,0.16,0.0639078,0.972867,1.51208,0
8321,10,10,5,111,1,10,0,110,1,6,0,0.16,0.0672975,0.968348,1.62474,0
8322,21,21,4,111,1,21,0,110,1,2,0,0.16,0.0553219,0.977023,1.67061,0
8323,16,16,0,110,1,16,0,110,0,1,0,0.16,0.0582902,0.971272,1.70585,0
8324,36,36,1,109,1,36,0,110,1,0,0,0.16,0.0514382,0.97506,1.55088,0
8325,13,13,12,110,1,13,0,110,1,4,0,0.16,0.0837102,0.964291,3.02625,1
8326,32,32,4,110,1,32,0,110,0,0,0,0.16,0.0590847,0.971632,1.45201,0
8327,15,15,12,107,1,15,0,110,3,0,0,0.16,0.0621617,0.967881,4.8149,1
8328,12,12,0,107,1,12,0,110,0,1,0,0.16,0.0621422,0.96993,2.13113,1
8329,47,36,14,110,1,36,0,110,2,1,0,0.163636,0,1,1.82428,0
8330,32,32,2,108,1,32,0,110,2,4,0,0.16,0.0793872,0.967511,1.78934,0
8331,26,26,7,109,1,26,0,110,1,1,0,0.16,0.0668954,0.966877,1.54285,0
8332,61,36,43,110,1,36,0,110,0,1,0,0.16,0,1,1.49717,0
8333,72,36,1,110,1,36,0,110,0,1,0,0.16,0,1,1.10986,0
8334,28,28,1,110,1,28,0,110,0,2,0,0.16,0.0542365,0.974045,1.54931,0
8335,45,36,28,109,1,36,0,110,1,1,0,0.16,0,1,1.71608,0
8336,38,36,1,111,1,36,0,110,1,1,0,0.16,0.0569239,0.97638,1.30982,0
8337,14,14,3,109,1,14,0,110,0,1,0,0.16,0.0527508,0.972738,2.16769,1
8338,24,24,16,110,1,24,0,110,0,0,0,0.16,0.0580002,0.972923,1.41434,0
8339,44,36,27,110,1,36,0,110,0,1,0,0.16,0,1,1.80188,0
8340,48,36,3,110,1,36,0,110,0,1,0,0.16,0,1,1.53373,0
8341,25,25,15,110,1,25,0,110,0,0,0,0.16,0.0545486,0.97455,1.42776,0
8342,55,36,17,110,1,36,0,110,0,1,0,0.16,0,1,1.99885,0
8343,13,13,7,109,1,13,0,110,1,1,0,0.16,0.0635879,0.970643,1.91342,0
8344,18,18,1,110,1,18,0,110,2,1,0,0.16,0.065627,0.973958,1.89151,0
8345,32,32,23,109,1,32,0,110,1,0,0,0.16,0.0651124,0.970517,1.38935,0
8346,27,27,26,109,1,27,0,110,1,0,0,0.16,0.0664466,0.97064,1.63938,0
8347,38,36,16,110,1,36,0,110,0,0,0,0.16,0.0476989,0.977173,1.18624,0
8348,26,26,20,108,1,26,0,110,6,3,0,0.185185,0.0998454,0.969233,2.03213,0
8349,28,28,13,107,1,28,0,110,3,0,0,0.16,0.0753816,0.974316,1.40289,0
8350,17,17,1,109,1,17,0,110,2,2,0,0.16,0.0693009,0.971907,1.83106,0
8351,28,28,1,110,1,28,0,110,0,2,0,0.16,0.0559859,0.973076,1.53872,0
8352,27,27,3,110,1,27,0,110,0,0,0,0.16,0.0502905,0.977271,1.63794,0
8353,12,11,10,109,1,11,0,110,1,3,1,0.170983,0.0637575,0.972779,1.89235,0
8354,29,29,6,110,1,29,0,110,0,0,0,0.16,0.0490705,0.976655,1.36089,0
8355,22,22,13,110,1,22,0,110,0,1,0,0.16,0.0515052,0.975607,1.90742,0
8356,17,17,1,110,1,17,0,110,2,2,0,0.16,0.0536803,0.97695,1.528,0
8357,38,36,13,109,1,36,0,110,1,0,0,0.16,0.051447,0.975314,1.75166,0
8358,13,13,7,110,1,13,0,110,1,2,0,0.16,0.0543946,0.974735,1.49788,0
8359,9,9,6,109,1,9,0,110,2,1,0,0.16,0.0541346,0.977376,1.42921,0
8360,31,31,29,110,1,31,0,110,0,0,0,0.16,0.0566408,0.973488,1.73482,0
8361,46,36,9,110,1,36,0,110,0,1,0,0.16,0,1,1.52379,0
8362,39,36,12,110,1,36,0,110,2,3,0,0.16,0.0642341,0.973526,1.75788,0
8363,17,17,14,109,1,17,0,110,1,1,0,0.16,0.0625923,0.974056,1.61189,0
8364,16,16,7,108,1,16,0,110,2,0,0,0.16,0.0748643,0.969302,1.8551,0
8365,7,7,2,110,1,7,0,110,2,4,0,0.16,0.0519481,0.977648,1.33916,0
8366,36,36,14,111,1,36,0,110,1,3,0,0.16,0.0762088,0.966539,1.47493,0
8367,32,32,1,110,1,32,0,110,0,1,0,0.16,0.05644,0.973752,1.80746,0
8368,86,36,0,110,1,36,0,110,0,1,0,0.16,0,1,1.48503,0
8369,31,31,23,110,1,31,0,110,3,4,0,0.16,0.0914664,0.966628,1.70227,0
8370,17,17,9,111,1,17,0,110,1,4,0,0.16,0.067016,0.971355,1.86814,0
8371,16,16,4,106,1,16,0,110,4,2,0,0.205189,0.0909021,0.959926,1.71092,0
8372,21,21,10,110,1,21,0,110,0,1,0,0.16,0.0535978,0.975306,1.41389,0
8373,16,16,9,110,1,16,0,110,0,2,0,0.16,0.0666077,0.970702,1.91855,0
8374,62,36,41,110,1,36,0,110,2,1,0,0.16,0,1,1.56806,0
8375,13,13,7,109,1,13,0,110,1,0,0,0.16,0.0451815,0.97942,1.67146,0
8376,26,26,8,108,1,26,0,110,2,1,0,0.16,0.0636296,0.971891,1.78283,0
8377,48,36,3,110,1,36,0,110,0,1,0,0.16,0,1,1.40773,0
8378,16,16,13,111,1,16,0,110,1,1,0,0.16,0.0544923,0.97601,1.82882,0
8379,10,10,2,111,1,10,0,110,1,3,0,0.16,0.0647962,0.975968,1.81731,0
8380,82,36,8,110,1,36,0,110,0,1,0,0.16,0,1,1.29347,0
8381,10,10,9,110,1,10,0,110,0,2,0,0.16,0.0508681,0.975306,2.19266,1
8382,32,32,21,108,1,32,0,110,2,0,0,0.16,0.0677733,0.971686,1.35788,0
8383,100,36,71,110,1,36,0,110,0,1,0,0.16,0,1,1.62795,0
8384,31,31,4,109,1,31,0,110,1,0,0,0.16,0.0598585,0.97266,1.79772,0
8385,11,11,10,110,1,11,0,110,0,0,0,0.16,0.0693797,0.968496,1.85223,0
8386,13,13,12,108,1,13,0,110,5,1,0,0.16,0.0821093,0.968955,1.58185,0
8387,137,36,15,110,1,36,0,110,0,1,0,0.16,0,1,1.31797,0
8388,25,25,3,110,1,25,0,110,1,0,0,0.16,0.0603417,0.974911,1.50263,0
8389,14,14,12,110,1,14,0,110,2,1,0,0.16,0.0661755,0.971691,1.86674,0
8390,25,25,24,111,1,25,0,110,1,2,0,0.16,0.0678962,0.97101,1.85362,0
8391,5,4,0,110,1,4,0,110,4,4,1,0.16,0.0676948,0.971076,1.84781,0
8392,17,17,13,110,1,17,0,110,2,2,0,0.16,0.0871665,0.963643,1.98994,0
8393,19,19,15,111,1,19,0,110,1,1,0,0.16,0.0601557,0.973896,1.34199,0
8394,13,13,4,109,1,13,0,110,2,2,0,0.16,0.053154,0.975911,1.71833,0
8395,24,24,2,108,1,24,0,110,3,2,0,0.16,0.0722268,0.970123,1.47802,0
8396,23,23,13,110,1,23,0,110,0,1,0,0.16,0.0455848,0.978043,1.30657,0
8397,12,12,6,109,1,12,0,110,2,0,0,0.16,0.0674255,0.973138,1.90238,0
8398,14,14,9,111,1,14,0,110,1,6,0,0.16,0.0678313,0.96874,1.7225,0
8399,24,24,12,111,1,24,0,110,1,2,0,0.16,0.0688093,0.969056,1.21551,0
8400,18,18,2,110,1,18,0,110,0,1,0,0.16,0.0630364,0.969933,1.71026,0
8401,14,14,2,109,1,14,0,110,2,3,0,0.16,0.092653,0.967847,2.2084,1
8402,21,21,1,110,1,21,0,110,0,0,0,0.16,0.0563827,0.974445,1.52585,0
8403,16,16,4,108,1,16,0,110,0,1,0,0.16,0.0510647,0.9765,2.13206,1
8404,17,17,5,109,1,17,0,110,1,1,0,0.16,0.0630434,0.971102,1.6391,0
8405,20,20,17,109,1,20,0,110,1,0,0,0.16,0.0593109,0.97361,1.62367,0
8406,29,29,23,109,1,29,0,110,1,3,0,0.16,0.0650613,0.971721,1.76434,0
8407,16,16,10,106,1,16,0,110,4,2,0,0.189779,0.0785563,0.962273,1.53661,0
8408,34,34,25,110,1,34,0,110,0,1,0,0.16,0.0480529,0.976895,1.3155,0
8409,24,24,7,110,1,24,0,110,1,3,0,0.16,0.0662801,0.971229,1.62428,0
8410,27,27,3,107,1,27,0,110,3,0,0,0.16,0.078741,0.966819,1.69166,0
8411,11,11,9,111,1,11,0,110,1,4,0,0.16,0.0726444,0.969184,1.70801,0
8412,22,22,9,111,1,22,0,110,1,1,0,0.16,0.0531217,0.978677,1.62478,0
8413,17,17,12,106,1,17,0,110,4,3,0,0.16,0.0788433,0.966974,1.65164,0
8414,15,15,4,112,1,15,0,110,2,2,0,0.16,0.0674995,0.974339,1.41704,0
8415,49,36,40,110,1,36,0,110,0,1,0,0.16,0,1,1.96029,0
8416,55,36,25,110,1,36,0,110,0,1,0,0.16,0,1,1.49923,0
8417,12,12,1,109,1,12,0,110,3,5,0,0.16,0.0900529,0.963627,2.06245,0
8418,8,8,2,111,1,8,0,110,1,3,0,0.171171,0.0686334,0.969962,1.62646,0
8419,26,26,18,108,1,26,0,110,2,2,0,0.16,0.0684595,0.972956,1.56794,0
8420,44,36,13,110,1,36,0,110,0,1,0,0.16,0,1,1.83855,0
8421,14,14,8,111,1,14,0,110,1,7,0,0.16,0.0669241,0.970023,1.80535,0
8422,7,7,4,108,1,7,0,110,5,5,0,0.16,0.073262,0.962762,4.68342,1
8423,45,36,21,109,1,36,0,110,1,1,0,0.16,0,1,1.19759,0
8424,12,12,2,109,1,12,0,110,1,0,0,0.16,0.0597728,0.971238,1.29276,0
8425,14,14,1,111,1,14,0,110,1,3,0,0.16,0.0641834,0.972583,1.9383,0
8426,16,16,14,109,1,16,0,110,2,3,0,0.16,0.0737716,0.968726,1.69045,0
8427,9,9,8,110,1,9,0,110,0,2,0,0.16,0.0548454,0.974568,1.70305,0
8428,11,11,6,111,1,11,0,110,2,1,0,0.16,0.0669691,0.974077,1.89276,0
8429,32,32,20,109,1,32,0,110,1,1,0,0.16,0.0596759,0.972089,1.82432,0
8430,71,36,43,109,1,36,0,110,1,1,0,0.16,0,1,2.00576,0
8431,17,17,2,110,1,17,0,110,0,0,0,0.16,0.0442972,0.979609,1.2646,0
8432,10,10,2,109,1,10,0,110,1,0,0,0.16,0.0592572,0.974161,1.82363,0
8433,19,19,1,109,1,19,0,110,1,0,0,0.16,0.0514408,0.974145,1.51356,0
8434,32,32,27,110,1,32,0,110,0,1,0,0.16,0.0600948,0.971208,1.74002,0
8435,18,18,14,110,1,18,0,110,2,1,0,0.16,0.0677653,0.971693,1.87078,0
8436,32,32,5,111,1,32,0,110,2,2,0,0.16,0.0691008,0.971606,1.48947,0
8437,35,35,3,108,1,35,0,110,2,0,0,0.16,0.0640909,0.973847,1.45783,0
8438,30,30,26,108,1,30,0,110,2,1,0,0.16,0.0755112,0.964731,1.32757,0
8439,63,36,43,110,1,36,0,110,0,1,0,0.16,0,1,1.41653,0
8440,31,31,11,110,1,31,0,110,1,0,0,0.16,0.0710701,0.969113,1.68697,0
8441,24,24,14,109,1,24,0,110,1,0,0,0.17156,0.0676637,0.968873,1.82559,0
8442,21,21,6,109,1,21,0,110,1,1,0,0.16,0.0663259,0.969211,1.73227,0
8443,24,24,2,111,1,24,0,110,1,2,0,0.16,0.0596081,0.973541,1.32963,0
8444,46,36,2,110,1,36,0,110,0,1,0,0.16,0,1,1.19005,0
8445,29,29,9,110,1,29,0,110,0,0,0,0.16,0.0525605,0.975565,1.70081,0
8446,20,20,13,110,1,20,0,110,0,1,0,0.16,0.0562974,0.974526,1.20117,0
8447,9,9,0,111,1,9,0,110,2,3,0,0.16,0.0690691,0.970316,4.39291,1
8448,16,16,4,110,1,16,0,110,1,1,0,0.16,0.0654961,0.969006,2.07767,0
8449,9,9,5,112,1,9,0,110,2,4,0,0.16,0.0752402,0.964654,1.86885,0
8450,52,36,26,110,1,36,0,110,0,1,0,0.16,0,1,1.81091,0
8451,7,7,2,110,1,7,0,110,3,5,0,0.16,0.0687025,0.971185,2.07838,0
8452,23,23,12,110,1,23,0,110,0,0,0,0.16,0.0522609,0.974899,1.47117,0
8453,15,15,14,110,1,15,0,110,0,1,0,0.16,0.0565243,0.973878,1.67548,0
8454,10,10,1,110,1,10,0,110,1,3,0,0.16,0.0615981,0.972137,2.03144,0
8455,18,18,0,109,1,18,0,110,1,0,0,0.16,0.0534334,0.9722,1.58417,0
8456,26,26,0,108,1,26,0,110,2,1,0,0.16,0.0714451,0.970294,1.40576,0
8457,34,34,7,110,1,34,0,110,0,1,0,0.16,0.048316,0.977427,1.51175,0
8458,11,11,8,110,1,11,0,110,1,2,0,0.173464,0.0642113,0.971378,1.60893,0
8459,21,21,20,108,1,21,0,110,1,5,0,0.16,0.0974296,0.956863,3.93464,1
8460,20,20,2,110,1,20,0,110,1,1,0,0.16,0.0664974,0.972262,1.73697,0
8461,17,17,16,111,1,17,0,110,2,2,0,0.16,0.0678557,0.972143,1.41465,0
8462,58,36,36,110,1,36,0,110,0,1,1,0.16,0,1,1.22466,0
8463,22,22,1,106,1,22,0,110,4,1,0,0.161142,0.0910116,0.965304,1.65264,0
8464,11,11,0,109,1,11,0,110,2,2,0,0.16,0.0708631,0.96489,3.37827,1
8465,17,17,2,110,1,17,0,110,1,0,0,0.16,0.0497936,0.979878,1.34295,0
8466,11,11,3,110,1,11,0,110,0,1,0,0.16,0.0520088,0.975487,1.26513,0
8467,15,15,7,108,1,15,0,110,2,0,0,0.16,0.0674062,0.971246,1.51048,0
8468,18,18,6,110,1,18,0,110,0,0,0,0.16,0.0466892,0.977224,1.82934,0
8469,42,36,4,108,1,36,0,110,2,1,0,0.16,0,1,1.5521,0
8470,35,34,2,109,1,34,0,110,5,2,1,0.16,0.0937126,0.97064,1.78909,0
8471,62,36,11,110,1,36,0,110,0,1,0,0.16,0,1,1.6595,0
8472,61,36,28,110,1,36,0,110,0,1,0,0.16,0,1,1.4279,0
8473,15,15,4,110,1,15,0,110,0,1,0,0.16,0.056095,0.972672,1.5004,0
8474,50,36,13,109,1,36,0,110,1,1,0,0.16,0,1,1.8557,0
8475,20,20,17,111,1,20,0,110,1,1,0,0.16,0.0666729,0.970268,1.51493,0
8476,32,32,19,111,1,32,0,110,1,4,0,0.16,0.0728689,0.968384,1.72069,0
8477,19,19,3,110,1,19,0,110,1,0,0,0.18018,0.0659197,0.972229,1.84959,0
8478,15,15,10,110,1,15,0,110,0,0,0,0.16,0.0511291,0.975081,1.68253,0
8479,54,36,22,109,1,36,0,110,2,1,0,0.16,0,1,1.70832,0
8480,14,14,9,109,1,14,0,110,3,2,0,0.16,0.0772578,0.969802,1.56622,0
8481,22,22,13,108,1,22,0,110,2,2,0,0.163609,0.0795101,0.961543,1.71138,0
8482,24,24,10,111,1,24,0,110,1,2,0,0.16,0.0616721,0.972605,1.81142,0
8483,11,11,0,108,1,11,0,110,3,4,0,0.16,0.0935117,0.962896,1.58078,0
8484,25,25,7,109,1,25,0,110,1,2,0,0.16,0.0660966,0.968475,1.51214,0
8485,9,9,0,110,1,9,0,110,0,1,0,0.16,0.0472112,0.97708,2.44136,1
8486,29,29,20,110,1,29,0,110,4,2,0,0.163636,0.0808977,0.972908,1.55683,0
8487,16,16,1,110,1,16,0,110,0,0,0,0.16,0.041077,0.980601,1.7512,0
8488,39,36,17,110,1,36,0,110,2,2,0,0.16,0.0789911,0.968122,1.08769,0
8489,53,36,22,110,1,36,0,110,0,1,0,0.16,0,1,2.13073,1
8490,7,7,0,109,1,7,0,110,1,2,0,0.16,0.0428169,0.980703,1.34846,0
8491,10,10,2,107,1,10,0,110,3,0,0,0.16,0.049212,0.977869,1.96287,0
8492,63,36,7,109,1,36,0,110,1,1,0,0.16,0,1,1.63113,0
8493,7,7,2,109,1,7,0,110,2,9,0,0.16,0.0613271,0.967017,4.21466,1
8494,27,27,3,110,1,27,0,110,2,1,0,0.16,0.0671172,0.973922,1.27664,0
8495,11,11,4,110,1,11,0,110,2,1,0,0.16,0.0683215,0.972201,1.24328,0
8496,14,14,6,109,1,14,0,110,3,3,0,0.16,0.0596494,0.970454,4.03449,1
8497,25,25,5,109,1,25,0,110,1,0,0,0.16,0.0560847,0.976144,1.56884,0
8498,9,9,5,107,1,9,0,110,3,0,0,0.16,0.0837702,0.968178,1.54531,0
8499,24,24,3,111,1,24,0,110,1,1,0,0.16,0.0568422,0.975222,1.64002,0
8500,39,36,30,110,1,36,0,110,2,1,0,0.16,0.0587427,0.977298,1.18381,0
8501,11,11,5,108,1,11,0,110,3,2,0,0.16,0.0816808,0.962476,1.7175,0
8502,47,36,13,110,1,36,0,110,0,1,0,0.16,0,1,1.33159,0
8503,24,24,15,111,1,24,0,110,1,3,0,0.16,0.0613861,0.972421,1.39113,0
8504,29,29,1,110,1,29,0,110,2,0,0,0.16,0.0654438,0.97494,1.46135,0
8505,16,16,3,109,1,16,0,110,1,2,0,0.16,0.0667335,0.968724,1.53956,0
8506,9,9,4,107,1,9,0,110,1,2,0,0.16,0.0816396,0.966629,4.17053,1
8507,22,22,0,110,1,22,0,110,0,0,0,0.16,0.0486452,0.977047,1.92776,0
8508,13,13,12,109,1,13,0,110,2,0,0,0.16,0.0561274,0.974156,1.83191,0
8509,7,7,1,109,1,7,0,110,0,9,0,0.16,0.0498034,0.974192,2.58481,1
8510,8,8,7,111,1,8,0,110,3,1,0,0.175095,0.0756805,0.97332,1.77787,0
8511,73,36,42,110,1,36,0,110,0,1,0,0.16,0,1,1.27672,0
8512,16,16,4,109,1,16,0,110,0,0,0,0.16,0.0487098,0.979568,2.1332,1
8513,69,36,0,110,1,36,0,110,0,1,0,0.16,0,1,1.48178,0
8514,18,18,1,111,1,18,0,110,2,1,0,0.16,0.0633725,0.975187,1.39637,0
8515,39,36,26,109,1,36,0,110,1,0,0,0.16,0.0608273,0.972905,1.50311,0
8516,7,7,3,110,1,7,0,110,0,2,0,0.16,0.0374058,0.982168,1.72675,0
8517,29,29,10,110,1,29,0,110,0,0,0,0.16,0.0559616,0.972754,1.57808,0
8518,19,19,2,110,1,19,0,110,0,0,0,0.16,0.0438591,0.979136,1.84384,0
8519,34,34,4,108,1,34,0,110,2,0,0,0.174603,0.072006,0.970369,1.49415,0
8520,7,7,5,108,1,7,0,110,3,4,0,0.16,0.0725869,0.968025,1.61452,0
8521,53,36,15,110,1,36,0,110,0,1,0,0.16,0,1,1.38306,0
8522,19,19,7,110,1,19,0,110,0,1,0,0.16,0.0565682,0.971994,1.43929,0
8523,29,29,24,109,1,29,0,110,1,0,0,0.16,0.0718079,0.966837,1.76473,0
8524,29,29,26,108,1,29,0,110,2,0,0,0.16,0.0724501,0.97003,1.07968,0
8525,14,14,6,110,1,14,0,110,2,2,0,0.16,0.0644157,0.973627,1.80738,0
8526,28,28,21,109,1,28,0,110,2,2,0,0.16,0.067632,0.969731,1.82436,0
8527,32,32,19,110,1,32,0,110,0,0,0,0.16,0.0512086,0.97573,1.67676,0
8528,18,18,17,110,1,18,0,110,0,0,0,0.16,0.0553035,0.973456,1.86442,0
8529,69,36,15,109,1,36,0,110,1,1,0,0.16,0,1,1.77514,0
8530,11,11,3,110,1,11,0,110,0,3,0,0.16,0.047047,0.977956,1.56228,0
8531,13,13,10,110,1,13,0,110,0,0,0,0.16,0.0312154,0.985172,1.70654,0
8532,13,13,5,110,1,13,0,110,0,0,0,0.16,0.0436762,0.978562,1.71235,0
8533,28,28,4,111,1,28,0,110,1,1,0,0.16,0.0508413,0.97844,1.45115,0
8534,28,28,17,110,1,28,0,110,0,3,0,0.16,0.0609118,0.970815,1.59911,0
8535,47,36,6,110,1,36,0,110,0,1,0,0.16,0,1,1.67645,0
8536,8,8,4,109,1,8,0,110,1,4,0,0.16,0.0699541,0.965432,2.04621,0
8537,10,10,5,111,1,10,0,110,3,4,0,0.18018,0.0806085,0.966554,2.08895,0
8538,6,6,0,111,1,6,0,110,2,7,0,0.16,0.0795796,0.96818,4.55868,1
8539,14,14,13,108,1,14,0,110,2,1,0,0.16,0.0608718,0.976764,1.80991,0
8540,31,31,15,110,1,31,0,110,0,0,0,0.16,0.0554874,0.974366,1.59221,0
8541,16,16,9,110,1,16,0,110,0,0,0,0.16,0.0521191,0.975224,1.57343,0
8542,17,17,9,110,1,17,0,110,2,3,0,0.16,0.0716611,0.969766,1.66264,0
8543,29,29,6,110,1,29,0,110,0,1,0,0.16,0.0488706,0.976498,1.57054,0
8544,12,12,6,110,1,12,0,110,3,3,0,0.16,0.0902798,0.966598,1.46597,0
8545,54,36,10,110,1,36,0,110,0,1,0,0.16,0,1,1.54494,0
8546,14,14,2,108,1,14,0,110,2,1,0,0.16,0.0811841,0.965248,1.50567,0
8547,59,36,17,109,1,36,0,110,1,1,0,0.16,0,1,1.66225,0
8548,13,13,11,109,1,13,0,110,2,3,0,0.16,0.075629,0.967832,1.71573,0
8549,18,18,7,110,1,18,0,110,0,0,0,0.16,0.0521097,0.975464,1.88341,0
8550,13,13,5,108,1,13,0,110,3,2,0,0.16,0.0843403,0.963285,1.57479,0
8551,58,36,46,110,1,36,0,110,0,1,0,0.16,0,1,1.11114,0
8552,24,24,16,110,1,24,0,110,0,0,0,0.16,0.0628706,0.970473,1.18864,0
8553,16,16,6,110,1,16,0,110,1,0,0,0.16,0.063915,0.972684,1.83794,0
8554,17,17,5,110,1,17,0,110,2,1,0,0.16,0.0772303,0.965504,1.46783,0
8555,18,18,6,109,1,18,0,110,2,1,0,0.16,0.0623953,0.973466,1.49977,0
8556,38,36,1,109,1,36,0,110,1,1,0,0.16,0.0712504,0.968591,1.33181,0
8557,49,36,9,110,1,36,0,110,0,1,0,0.16,0,1,1.419,0
8558,18,18,8,109,1,18,0,110,1,0,0,0.16,0.050398,0.978034,1.4445,0
8559,21,21,11,110,1,21,0,110,4,1,0,0.16,0.0833917,0.974658,1.35787,0
8560,19,19,15,108,1,19,0,110,2,0,0,0.16,0.0507669,0.976084,1.59366,0
8561,22,22,6,110,1,22,0,110,0,0,0,0.16,0.0468597,0.977456,1.31718,0
8562,13,13,12,109,1,13,0,110,1,1,0,0.16,0.0637771,0.970639,1.63357,0
8563,32,32,31,110,1,32,0,110,0,0,0,0.16,0.0602596,0.971208,1.75461,0
8564,34,34,17,110,1,34,0,110,0,0,0,0.16,0.0545324,0.974897,1.38019,0
8565,18,18,7,110,1,18,0,110,0,0,0,0.16,0.0499552,0.976722,1.3614,0
8566,63,36,4,110,1,36,0,110,2,1,0,0.16,0,1,1.61241,0
8567,32,32,24,110,1,32,0,110,0,1,0,0.16,0.0563784,0.972906,1.45966,0
8568,56,36,11,110,1,36,0,110,0,1,0,0.16,0,1,1.64528,0
8569,39,36,15,109,1,36,0,110,1,1,0,0.16,0.057743,0.972778,2.06207,0
8570,14,14,0,108,1,14,0,110,1,1,0,0.16,0.0757721,0.965573,3.0421,1
8571,31,31,20,110,1,31,0,110,0,3,0,0.16,0.0558775,0.972908,1.28803,0
8572,26,26,1,110,1,26,0,110,0,0,0,0.16,0.0531543,0.97553,1.63188,0
8573,44,36,21,109,1,36,0,110,1,1,0,0.16,0,1,1.63261,0
8574,12,12,7,109,1,12,0,110,3,1,0,0.16,0.0785447,0.969715,1.83489,0
8575,16,16,9,107,1,16,0,110,4,0,0,0.16,0.0820153,0.969015,1.53877,0
8576,21,21,2,110,1,21,0,110,5,2,0,0.16,0.0987079,0.968841,1.53523,0
8577,45,36,12,110,1,36,0,110,0,1,0,0.16,0,1,1.46333,0
8578,24,24,8,110,1,24,0,110,2,3,0,0.16,0.0723094,0.96708,1.4027,0
8579,35,35,11,110,1,35,0,110,0,1,0,0.16,0.048274,0.977295,1.44965,0
8580,13,13,12,111,1,13,0,110,1,1,0,0.16,0.0486409,0.979095,1.33006,0
8581,11,11,8,110,1,11,0,110,0,2,0,0.16,0.055017,0.973433,1.54137,0
8582,13,13,7,110,1,13,0,110,0,2,0,0.16,0.0408072,0.979258,1.44859,0
8583,49,36,48,110,1,36,0,110,0,1,0,0.16,0,1,1.84183,0
8584,35,35,18,109,1,35,0,110,1,0,0,0.16,0.0687637,0.971216,1.85382,0
8585,85,36,3,110,1,36,0,110,0,1,0,0.16,0,1,1.31863,0
8586,16,16,2,110,1,16,0,110,0,0,0,0.16,0.042428,0.979752,1.45261,0
8587,11,11,10,108,1,11,0,110,2,3,0,0.16,0.0747914,0.96331,3.79596,1
8588,23,23,10,109,1,23,0,110,1,0,0,0.16,0.0563469,0.97546,1.56843,0
8589,60,36,14,110,1,36,0,110,0,1,0,0.16,0,1,2.10659,0
8590,20,20,15,109,1,20,0,110,1,1,0,0.16,0.0563213,0.971325,1.08163,0
8591,19,19,18,110,1,19,0,110,0,0,0,0.16,0.0437692,0.9789,1.63007,0
8592,17,17,15,110,1,17,0,110,0,0,0,0.16,0.0468218,0.977217,1.28269,0
8593,36,36,2,111,1,36,0,110,1,1,0,0.16,0.0636049,0.973015,1.73791,0
8594,13,13,6,107,1,13,0,110,3,3,0,0.16,0.0744384,0.964375,1.71102,0
8595,25,25,4,108,1,25,0,110,2,0,0,0.16,0.0765072,0.970029,1.44618,0
8596,20,20,1,109,1,20,0,110,0,0,0,0.16,0.0484626,0.976346,2.13163,1
8597,34,34,8,112,1,34,0,110,2,2,0,0.16,0.0775493,0.97129,1.97818,0
8598,74,36,68,111,1,36,0,110,2,1,0,0.16,0,1,1.34823,0
8599,50,36,1,110,1,36,0,110,0,1,0,0.16,0,1,1.09697,0
8600,10,10,9,109,1,10,0,110,1,1,0,0.16,0.0446693,0.975535,1.53681,0
8601,23,23,15,109,1,23,0,110,0,1,0,0.16,0.0583975,0.973477,2.20872,1
8602,16,16,9,111,1,16,0,110,1,1,0,0.16,0.0538251,0.976008,1.63076,0
8603,60,36,10,110,1,36,0,110,2,1,0,0.16,0,1,1.42148,0
8604,28,28,26,109,1,28,0,110,1,1,0,0.16,0.0630929,0.972501,1.69871,0
8605,15,15,14,109,1,15,0,110,2,2,0,0.16,0.0638383,0.96938,2.10898,0
8606,8,8,1,111,1,8,0,110,1,3,0,0.207207,0.06154,0.972766,2.01987,0
8607,15,15,0,112,1,15,0,110,2,3,0,0.16,0.072619,0.96901,1.75213,0
8608,26,26,8,110,1,26,0,110,2,1,0,0.16,0.0721013,0.971352,1.35679,0
8609,5,5,3,110,1,5,0,110,0,1,0,0.16,0.0321508,0.98589,1.81066,0
8610,14,14,0,109,1,14,0,110,1,2,0,0.162636,0.0516974,0.974693,1.08135,0
8611,38,36,31,109,1,36,0,110,1,1,0,0.16,0.0645835,0.972396,1.91496,0
8612,23,23,0,108,1,23,0,110,2,0,0,0.16,0.0738277,0.969226,1.58072,0
8613,2,2,1,111,1,2,0,110,4,6,0,1,0.0442478,0.97851,5.55087,1
8614,9,9,1,110,1,9,0,110,0,2,0,0.172727,0.0571061,0.971051,1.79831,0
8615,19,19,2,111,1,19,0,110,1,1,0,0.16,0.0695841,0.969885,1.51763,0
8616,27,27,25,110,1,27,0,110,0,0,0,0.16,0.0556365,0.973419,1.82663,0
8617,11,11,6,111,1,11,0,110,2,3,0,0.16,0.0776456,0.96552,1.69313,0
8618,15,15,4,111,1,15,0,110,1,1,0,0.16,0.0554195,0.977696,1.57631,0
8619,31,31,26,110,1,31,0,110,0,1,0,0.16,0.0614471,0.970135,1.43657,0
8620,16,16,15,110,1,16,0,110,1,1,0,0.16,0.0638838,0.970706,1.66591,0
8621,26,26,13,112,1,26,0,110,2,2,0,0.16,0.0748262,0.969983,1.91388,0
8622,17,17,9,109,1,17,0,110,0,2,0,0.16,0.068266,0.966536,2.51134,1
8623,42,36,34,110,1,36,0,110,0,1,0,0.16,0,1,1.1556,0
8624,53,36,43,111,1,36,0,110,1,1,0,0.16,0,1,1.55281,0
8625,64,36,2,109,1,36,0,110,2,1,0,0.16,0,1,3.1727,1
8626,40,36,24,110,1,36,0,110,1,1,0,0.16,0,1,1.32768,0
8627,50,36,46,111,1,36,0,110,1,1,0,0.16,0,1,1.65207,0
8628,63,36,4,110,1,36,0,110,0,1,0,0.16,0,1,1.8102,0
8629,18,18,12,110,1,18,0,110,0,2,0,0.16,0.0691783,0.966421,1.9335,0
8630,20,20,1,110,1,20,0,110,0,1,0,0.16,0.0623024,0.971358,1.50053,0
8631,9,9,4,111,1,9,0,110,3,3,0,0.16,0.0750125,0.969816,1.54814,0
8632,72,36,26,110,1,36,0,110,0,1,0,0.16,0,1,2.03801,0
8633,79,36,6,110,1,36,0,110,0,1,0,0.16,0,1,1.47926,0
8634,19,19,17,107,1,19,0,110,3,0,0,0.16,0.0747765,0.9673,1.78847,0
8635,18,18,17,108,1,18,0,110,2,1,0,0.16,0.065959,0.969385,1.30929,0
8636,50,36,6,110,1,36,0,110,2,1,0,0.16,0,1,1.64544,0
8637,40,36,7,110,1,36,0,110,0,1,0,0.16,0,1,1.41618,0
8638,12,12,0,107,1,12,0,110,2,6,0,0.16,0.0900257,0.960246,4.69487,1
8639,33,32,9,109,1,32,0,110,7,3,1,0.16,0.101839,0.965379,1.28056,0
8640,10,10,0,109,1,10,0,110,2,4,0,0.16,0.0666602,0.967317,1.57729,0
8641,32,32,9,110,1,32,0,110,0,3,0,0.16,0.0544172,0.974178,1.30152,0
8642,24,24,11,110,1,24,0,110,2,2,0,0.16,0.0648004,0.975565,1.46411,0
8643,41,36,32,110,1,36,0,110,0,1,0,0.16,0,1,1.68742,0
8644,31,31,7,108,1,31,0,110,2,0,0,0.16,0.0711849,0.967356,1.31424,0
8645,19,19,6,110,1,19,0,110,0,1,0,0.16,0.0476898,0.977707,1.19525,0
8646,18,18,4,109,1,18,0,110,2,1,0,0.16,0.0760696,0.969409,1.7528,0
8647,44,36,12,110,1,36,0,110,0,1,0,0.16,0,1,1.42699,0
8648,27,27,12,109,1,27,0,110,2,0,0,0.16,0.0736189,0.971484,1.95081,0
8649,56,36,7,109,1,36,0,110,1,1,0,0.16,0,1,1.65231,0
8650,16,16,2,111,1,16,0,110,1,1,0,0.16,0.0619769,0.974885,1.122,0
8651,3,3,0,111,1,3,0,110,2,6,0,1,0.0358752,0.984165,1.64173,0
8652,33,33,32,110,1,33,0,110,2,2,0,0.167589,0.0698913,0.970845,1.56857,0
8653,20,20,2,109,1,20,0,110,1,1,0,0.16,0.0535551,0.973377,1.84305,0
8654,19,19,16,109,1,19,0,110,1,1,0,0.16,0.0624707,0.9715,1.87003,0
8655,28,28,21,109,1,28,0,110,1,1,0,0.16,0.0585637,0.973318,1.6234,0
8656,12,12,1,108,1,12,0,110,2,0,0,0.16,0.0641259,0.97443,1.39252,0
8657,11,11,10,109,1,11,0,110,2,0,0,0.16,0.0654112,0.974434,1.57878,0
8658,77,36,30,109,1,36,0,110,1,1,0,0.16,0,1,1.79408,0
8659,26,26,25,110,1,26,0,110,0,1,0,0.16,0.0545339,0.973963,1.34232,0
8660,71,36,8,108,1,36,0,110,2,1,0,0.16,0,1,1.49524,0
8661,25,25,22,109,1,25,0,110,1,1,0,0.16,0.0658306,0.967562,1.7497,0
8662,61,36,0,107,1,36,0,110,3,1,0,0.16,0,1,1.59362,0
8663,11,11,10,110,1,11,0,110,3,1,0,0.16,0.0939662,0.965622,1.44575,0
8664,35,35,2,110,1,35,0,110,0,0,0,0.16,0.052936,0.975098,1.60963,0
8665,19,19,10,111,1,19,0,110,1,1,0,0.16,0.059448,0.975783,1.43594,0
8666,52,36,46,109,1,36,0,110,1,1,0,0.16,0,1,1.45356,0
8667,16,16,5,111,1,16,0,110,1,2,0,0.16,0.0578657,0.97489,1.5519,0
8668,17,17,7,110,1,17,0,110,2,2,0,0.16,0.0758134,0.967901,1.66358,0
8669,22,22,16,109,1,22,0,110,1,1,0,0.16,0.0573763,0.976003,1.64271,0
8670,25,25,13,110,1,25,0,110,0,0,0,0.16,0.0542791,0.974729,1.75648,0
8671,26,26,9,109,1,26,0,110,1,0,0,0.16,0.0603458,0.973551,1.46214,0
8672,15,15,10,110,1,15,0,110,0,1,0,0.16,0.0560708,0.972371,1.28318,0
8673,98,36,24,110,1,36,0,110,0,1,0,0.16,0,1,1.2974,0
8674,20,20,14,110,1,20,0,110,0,0,0,0.16,0.0448241,0.979726,1.48318,0
8675,16,15,4,109,1,15,0,110,1,0,1,0.16,0.0621708,0.970897,1.71062,0
8676,15,15,13,110,1,15,0,110,2,2,0,0.16,0.0568762,0.974181,1.34464,0
8677,10,10,5,112,1,10,0,110,2,4,0,0.16,0.0676708,0.972623,1.91463,0
8678,20,20,2,110,1,20,0,110,2,1,0,0.166558,0.0761529,0.965475,1.82764,0
8679,52,36,6,110,1,36,0,110,0,1,0,0.16,0,1,1.65676,0
8680,13,13,8,109,1,13,0,110,1,0,0,0.16,0.0513717,0.972751,1.69019,0
8681,11,11,10,106,1,11,0,110,2,0,0,0.16,0.0797042,0.959215,5.12459,1
8682,23,23,20,112,1,23,0,110,2,4,0,0.16,0.0715231,0.970895,1.76845,0
8683,15,15,9,109,1,15,0,110,1,0,0,0.16,0.062309,0.969687,1.18875,0
8684,6,6,2,110,1,6,0,110,4,6,0,0.214722,0.097502,0.963366,1.92821,0
8685,9,9,6,111,1,9,0,110,2,2,0,0.16,0.0578986,0.976288,1.35396,0
8686,34,34,31,107,1,34,0,110,3,0,0,0.16,0.066402,0.973242,1.68257,0
8687,20,20,0,110,1,20,0,110,0,2,0,0.16,0.0546823,0.97475,1.60003,0
8688,7,7,6,110,1,7,0,110,4,11,0,0.16,0.0887203,0.959559,4.67121,1
8689,64,36,9,110,1,36,0,110,0,1,0,0.16,0,1,1.83504,0
8690,27,27,10,110,1,27,0,110,0,0,0,0.16,0.0532861,0.975095,1.43243,0
8691,12,12,2,108,1,12,0,110,3,1,0,0.16,0.0796098,0.966751,1.58172,0
8692,20,20,14,109,1,20,0,110,1,0,0,0.16,0.0574081,0.974523,1.61423,0
8693,17,17,8,109,1,17,0,110,1,0,0,0.16,0.0618422,0.971908,1.74974,0
8694,20,20,12,109,1,20,0,110,3,2,0,0.16,0.0854699,0.962196,1.78636,0
8695,26,26,17,109,1,26,0,110,1,1,0,0.16,0.0606587,0.971093,1.80902,0
8696,17,17,4,109,1,17,0,110,1,1,0,0.16,0.0754713,0.965728,1.49029,0
8697,82,36,28,110,1,36,0,110,0,1,0,0.16,0,1,1.62004,0
8698,27,27,13,108,1,27,0,110,4,1,0,0.16,0.0804791,0.966103,1.39821,0
8699,24,24,20,107,1,24,0,110,3,0,0,0.16,0.0712912,0.969265,1.89235,0
8700,14,14,12,111,1,14,0,110,1,6,0,0.16,0.0701186,0.969065,1.93205,0
8701,12,12,10,110,1,12,0,110,0,0,0,0.16,0.0453726,0.978285,1.6144,0
8702,19,19,11,109,1,19,0,110,1,1,0,0.16,0.0647643,0.972217,1.58111,0
8703,22,22,15,110,1,22,0,110,0,1,0,0.16,0.0389653,0.982188,1.75656,0
8704,16,16,3,110,1,16,0,110,2,3,0,0.16,0.0490023,0.978337,1.59133,0
8705,14,14,13,111,1,14,0,110,1,2,0,0.16,0.0649029,0.970979,1.45027,0
8706,29,29,3,110,1,29,0,110,0,1,0,0.16,0.0540307,0.97478,1.51592,0
8707,4,4,1,109,1,4,0,110,1,1,0,1,0.0409728,0.979935,1.73601,0
8708,100,36,1,110,1,36,0,110,1,1,0,0.16,0,1,1.45907,0
8709,50,36,20,111,1,36,0,110,1,1,0,0.16,0,1,1.36079,0
8710,21,21,0,110,1,21,0,110,0,2,0,0.16,0.0513371,0.975738,1.88655,0
8711,23,23,15,110,1,23,0,110,2,1,0,0.16,0.0629201,0.976469,1.57879,0
8712,21,21,7,110,1,21,0,110,0,1,0,0.16,0.0590008,0.971427,2.05991,0
8713,19,19,9,108,1,19,0,110,2,0,0,0.16,0.0544862,0.972206,1.55344,0
8714,11,11,4,108,1,11,0,110,4,2,0,0.16,0.084942,0.961641,1.72484,0
8715,14,14,1,110,1,14,0,110,0,1,0,0.16,0.0597738,0.972014,1.81996,0
8716,34,34,5,110,1,34,0,110,0,0,0,0.16,0.0489741,0.976361,1.23738,0
8717,31,31,28,108,1,31,0,110,2,0,0,0.16,0.0679089,0.974042,1.35696,0
8718,6,6,0,107,1,6,0,110,4,1,0,0.16,0.0792386,0.967006,4.4459,1
8719,13,13,1,109,1,13,0,110,1,2,0,0.16,0.0612125,0.971695,1.59711,0
8720,3,3,0,110,1,3,0,110,1,11,0,1,0.0510281,0.979523,4.4263,1
8721,20,20,12,110,1,20,0,110,0,0,0,0.16,0.0531154,0.97475,1.42451,0
8722,71,36,51,110,1,36,0,110,0,1,0,0.16,0,1,1.62925,0
8723,32,32,0,110,1,32,0,110,0,0,0,0.16,0.0454774,0.978701,1.70076,0
8724,45,36,15,110,1,36,0,110,1,1,0,0.16,0,1,1.43195,0
8725,7,7,3,106,1,7,0,110,3,4,0,0.185248,0.100264,0.956026,4.52505,1
8726,7,7,5,111,1,7,0,110,1,5,0,0.16,0.0656371,0.970801,1.86437,0
8727,29,29,18,110,1,29,0,110,2,2,0,0.16,0.071706,0.970728,1.42971,0
8728,101,36,87,110,1,36,0,110,0,1,0,0.16,0,1,1.5845,0
8729,19,19,17,108,1,19,0,110,2,2,0,0.16,0.0698004,0.970512,1.55388,0
8730,6,6,0,110,1,6,0,110,1,3,0,0.218182,0.0560606,0.973929,1.77063,0
8731,38,36,17,107,1,36,0,110,3,1,0,0.16,0.0783891,0.968137,1.52782,0
8732,8,8,1,110,1,8,0,110,2,1,0,0.16,0.0655745,0.974219,1.55524,0
8733,12,12,3,110,1,12,0,110,0,2,0,0.236364,0.0587735,0.973381,1.72814,0
8734,15,15,1,110,1,15,0,110,0,0,0,0.16,0.0561749,0.974179,1.6202,0
8735,27,27,6,108,1,27,0,110,2,0,0,0.16,0.0778622,0.966956,1.52785,0
8736,17,17,7,110,1,17,0,110,1,1,0,0.16,0.0641158,0.972158,1.49527,0
8737,7,7,5,110,1,7,0,110,0,3,0,0.16,0.0551892,0.973123,2.14556,1
8738,20,20,3,111,1,20,0,110,1,2,0,0.16,0.0591426,0.9752,1.37336,0
8739,25,25,16,112,1,25,0,110,2,3,0,0.16,0.0788537,0.970202,1.52218,0
8740,12,12,2,110,1,12,0,110,1,1,0,0.16,0.0669449,0.969986,1.81023,0
8741,19,19,5,108,1,19,0,110,2,2,0,0.16,0.0624843,0.968812,1.51236,0
8742,8,8,6,109,1,8,0,110,4,3,0,0.16,0.0734868,0.965997,1.50232,0
8743,11,11,2,110,1,11,0,110,2,1,0,0.16,0.0593123,0.971789,1.36474,0
8744,13,13,7,108,1,13,0,110,3,4,0,0.16,0.0669224,0.97037,1.40094,0
8745,33,33,5,109,1,33,0,110,3,2,0,0.16,0.0752465,0.965877,1.58891,0
8746,36,36,12,110,1,36,0,110,0,3,0,0.16,0.0669437,0.96875,1.89068,0
8747,20,20,1,107,1,20,0,110,3,1,0,0.16,0.0719992,0.968701,1.58731,0
8748,15,15,5,108,1,15,0,110,2,1,0,0.16,0.0463686,0.977087,4.11091,1
8749,22,20,16,106,1,20,0,110,4,1,2,0.16,0.0916683,0.965593,1.63548,0
8750,17,17,13,110,1,17,0,110,1,1,0,0.16,0.0574246,0.975357,1.56453,0
8751,84,36,70,109,1,36,0,110,1,1,0,0.16,0,1,1.41865,0
8752,16,16,4,110,1,16,0,110,2,1,0,0.16,0.0631899,0.972685,1.65902,0
8753,57,36,28,107,1,36,0,110,3,1,0,0.16,0,1,1.23746,0
8754,26,26,17,110,1,26,0,110,0,1,0,0.16,0.0538764,0.974831,1.57135,0
8755,10,10,5,110,1,10,0,110,2,2,0,0.16,0.0710456,0.968963,1.53349,0
8756,18,18,6,110,1,18,0,110,1,1,0,0.16,0.0641495,0.972701,1.93429,0
8757,25,25,23,110,1,25,0,110,2,1,0,0.16,0.0658865,0.968942,3.04445,1
8758,51,36,23,109,1,36,0,110,1,1,0,0.16,0,1,1.86979,0
8759,12,12,2,111,1,12,0,110,3,5,0,0.171171,0.0833878,0.967266,1.53076,0
8760,29,29,4,108,1,29,0,110,3,1,0,0.16,0.0587908,0.967805,5.01551,1
8761,28,28,17,110,1,28,0,110,2,3,0,0.16,0.0687132,0.972589,1.53206,0
8762,9,9,6,110,1,9,0,110,1,2,0,0.16,0.0592547,0.971554,1.63684,0
8763,18,18,14,110,1,18,0,110,2,5,0,0.16,0.0731477,0.966671,1.70745,0
8764,21,21,14,109,1,21,0,110,1,0,0,0.16,0.0544762,0.977255,1.5733,0
8765,17,17,15,110,1,17,0,110,2,0,0,0.16,0.0679222,0.973222,1.66998,0
8766,20,20,1,110,1,20,0,110,0,1,0,0.175974,0.0678984,0.967964,1.58132,0
8767,21,21,14,109,1,21,0,110,1,0,0,0.16,0.0515609,0.978342,1.6096,0
8768,22,22,8,109,1,22,0,110,1,1,0,0.16,0.0579344,0.976007,1.38234,0
8769,16,16,1,109,1,16,0,110,2,0,0,0.16,0.0663746,0.973007,1.68788,0
8770,38,36,19,107,1,36,0,110,3,1,0,0.163609,0.0807666,0.965553,1.48939,0
8771,30,30,4,109,1,30,0,110,1,1,0,0.16,0.0621093,0.971749,1.92173,0
8772,43,36,8,110,1,36,0,110,0,1,0,0.16,0,1,1.67475,0
8773,17,17,2,108,1,17,0,110,4,1,0,0.16,0.0652348,0.975173,1.76261,0
8774,88,36,14,110,1,36,0,110,2,1,0,0.16,0,1,1.4906,0
8775,19,19,1,109,1,19,0,110,1,0,0,0.16,0.0530129,0.976061,1.90819,0
8776,15,15,6,110,1,15,0,110,0,1,0,0.16,0.0485808,0.9778,1.67204,0
8777,12,12,10,109,1,12,0,110,3,3,0,0.16,0.0693649,0.970857,1.85633,0
8778,36,36,35,108,1,36,0,110,3,1,0,0.16,0.0666129,0.97227,1.63458,0
8779,26,26,5,109,1,26,0,110,1,2,0,0.16,0.0728413,0.967579,1.54206,0
8780,13,13,6,110,1,13,0,110,0,0,0,0.16,0.0455095,0.978909,1.7683,0
8781,85,36,42,109,1,36,0,110,1,1,0,0.16,0,1,1.54599,0
8782,43,36,2,109,1,36,0,110,4,1,0,0.16,0,1,1.81756,0
8783,31,31,3,107,1,31,0,110,3,0,0,0.16,0.071232,0.975904,1.80855,0
8784,58,36,38,110,1,36,0,110,0,1,0,0.16,0,1,1.41648,0
8785,21,21,1,109,1,21,0,110,1,2,0,0.16,0.0672927,0.967688,1.6314,0
8786,47,36,8,110,1,36,0,110,0,1,0,0.16,0,1,1.16137,0
8787,79,36,53,110,1,36,0,110,0,1,0,0.16,0,1,1.59746,0
8788,19,19,16,109,1,19,0,110,2,1,0,0.16,0.0749555,0.966691,1.53042,0
8789,7,7,0,111,1,7,0,110,1,3,0,0.16,0.0617071,0.972719,1.56108,0
8790,28,28,26,110,1,28,0,110,0,2,0,0.16,0.0575574,0.972749,1.24333,0
8791,13,13,1,109,1,13,0,110,2,5,0,0.16,0.0915142,0.958353,3.6847,1
8792,19,19,15,109,1,19,0,110,1,1,0,0.16,0.0433082,0.980632,1.50145,0
8793,21,21,4,111,1,21,0,110,1,2,0,0.16,0.0479091,0.979371,1.39886,0
8794,46,36,9,110,1,36,0,110,0,1,0,0.16,0,1,1.21776,0
8795,22,22,0,108,1,22,0,110,2,0,0,0.16,0.0704385,0.970342,1.34254,0
8796,40,36,15,110,1,36,0,110,0,1,0,0.16,0,1,1.093,0
8797,21,21,9,108,1,21,0,110,2,1,0,0.16,0.0687749,0.964541,3.68036,1
8798,79,36,25,110,1,36,0,110,0,1,0,0.16,0,1,1.15138,0
8799,12,12,2,110,1,12,0,110,2,3,0,0.16,0.0637679,0.973005,1.36248,0
8800,12,12,6,110,1,12,0,110,2,2,0,0.16,0.084183,0.962454,1.89286,0
8801,13,13,9,110,1,13,0,110,0,0,0,0.16,0.0583164,0.97195,1.5616,0
8802,17,17,3,110,1,17,0,110,0,1,0,0.16,0.048827,0.977217,1.79609,0
8803,23,23,22,110,1,23,0,110,2,1,0,0.16,0.074516,0.972337,1.22995,0
8804,27,27,2,110,1,27,0,110,0,0,0,0.16,0.0488599,0.976436,1.62952,0
8805,2,2,0,111,1,2,0,110,10,14,0,1,0.0900901,0.960634,4.85795,1
8806,26,26,3,110,1,26,0,110,0,0,0,0.16,0.0397582,0.981618,1.51664,0
8807,68,36,16,110,1,36,0,110,0,1,0,0.16,0,1,1.64953,0
8808,15,15,2,107,1,15,0,110,2,2,0,0.16,0.0769599,0.965403,4.47945,1
8809,30,30,28,108,1,30,0,110,2,0,0,0.16,0.066112,0.972717,1.92381,0
8810,86,36,17,110,1,36,0,110,0,1,0,0.16,0,1,1.94131,0
8811,46,36,13,110,1,36,0,110,0,1,0,0.16,0,1,1.37528,0
8812,57,36,31,109,1,36,0,110,1,1,0,0.16,0,1,1.48834,0
8813,20,20,14,109,1,20,0,110,2,0,0,0.16,0.065159,0.970641,1.81742,0
8814,13,13,0,110,1,13,0,110,2,1,0,0.16,0.069201,0.973689,1.14525,0
8815,30,29,18,109,1,29,0,110,1,0,1,0.16,0.0568709,0.972508,1.79169,0
8816,32,32,2,109,1,32,0,110,1,0,0,0.16,0.0589411,0.972658,1.64343,0
8817,26,25,14,114,1,25,0,110,4,6,1,0.16,0.0810526,0.969846,1.75454,0
8818,10,10,6,110,1,10,0,110,2,3,0,0.16,0.0668624,0.967158,1.9618,0
8819,71,36,45,112,1,36,0,110,2,1,1,0.16,0,1,3.21477,1
8820,19,19,9,113,1,19,0,110,4,4,0,0.16,0.0819748,0.967866,1.87831,0
8821,58,36,57,107,1,36,0,110,4,1,1,0.16,0,1,1.45083,0
8822,17,17,12,111,1,17,0,110,2,2,0,0.16,0.0763955,0.967134,1.48321,0
8823,19,19,6,111,1,19,0,110,1,2,0,0.16,0.0520026,0.97909,1.64162,0
8824,19,19,11,111,1,19,0,110,1,2,0,0.16,0.0684427,0.971299,0.990464,0
8825,22,22,10,110,1,22,0,110,0,0,0,0.16,0.0590766,0.971903,1.36138,0
8826,29,29,11,110,1,29,0,110,1,2,0,0.16,0.0689613,0.969322,1.68252,0
8827,69,36,39,112,1,36,0,110,4,1,1,0.16,0,1,1.28774,0
8828,34,34,15,111,1,34,0,110,1,1,0,0.16,0.0539692,0.979606,1.4406,0
8829,16,16,3,109,1,16,0,110,1,1,0,0.16,0.0531031,0.97386,1.48974,0
8830,37,36,4,110,1,36,0,110,0,1,0,0.16,0.0610342,0.971265,1.44723,0
8831,6,6,2,110,1,6,0,110,4,8,0,0.181818,0.0818182,0.969403,1.8429,0
8832,53,36,52,111,1,36,0,110,2,1,0,0.16,0,1,1.93435,0
8833,8,8,2,111,1,8,0,110,4,2,0,0.16,0.084021,0.968844,1.73397,0
8834,14,14,4,109,1,14,0,110,2,6,0,0.16,0.0838264,0.960671,1.57661,0
8835,19,19,8,110,1,19,0,110,1,0,0,0.16,0.0598925,0.97485,1.5463,0
8836,44,36,3,110,1,36,0,110,1,1,0,0.16,0,1,1.51214,0
8837,82,36,14,109,1,36,0,110,1,1,0,0.16,0,1,1.64767,0
8838,13,13,5,109,1,13,0,110,2,1,0,0.16,0.0615861,0.9745,1.44838,0
8839,26,26,9,108,1,26,0,110,2,0,0,0.16,0.0638681,0.975612,1.74593,0
8840,31,31,15,110,1,31,0,110,0,1,0,0.16,0.0619482,0.970863,1.69178,0
8841,20,20,8,109,1,20,0,110,1,0,0,0.167431,0.0686447,0.968582,1.08532,0
8842,75,36,3,110,1,36,0,110,0,1,0,0.16,0,1,1.85349,0
8843,9,9,7,110,1,9,0,110,0,4,0,0.16,0.0695707,0.966532,1.85078,0
8844,14,14,8,110,1,14,0,110,2,4,0,0.195253,0.0687789,0.969749,1.33904,0
8845,4,4,2,108,1,4,0,110,1,2,0,1,0.0840909,0.960186,4.49952,1
8846,27,27,26,113,1,27,0,110,3,3,0,0.16,0.0827372,0.970856,1.21748,0
8847,18,18,0,111,1,18,0,110,2,2,0,0.16,0.0760117,0.968958,1.82738,0
8848,4,4,3,109,1,4,0,110,2,5,0,1,0.0882314,0.960553,5.53883,1
8849,7,7,6,111,1,7,0,110,1,10,0,0.16,0.0810006,0.965041,1.53359,0
8850,37,36,26,110,1,36,0,110,0,0,0,0.16,0.0555291,0.972898,1.59411,0
8851,23,23,16,107,1,23,0,110,3,0,0,0.16,0.0693007,0.970152,2.03337,0
8852,17,17,7,109,1,17,0,110,3,2,0,0.16,0.0794864,0.971098,1.34264,0
8853,10,10,3,111,1,10,0,110,1,3,0,0.16,0.0610059,0.974175,1.36863,0
8854,9,9,0,111,1,9,0,110,2,3,0,0.16,0.0735684,0.970312,1.60583,0
8855,14,14,11,112,1,14,0,110,3,4,0,0.16,0.0662193,0.975049,1.80084,0
8856,34,34,1,110,1,34,0,110,0,0,0,0.16,0.052212,0.974897,1.29097,0
8857,29,29,25,110,1,29,0,110,0,2,0,0.16,0.0635091,0.96979,1.32709,0
8858,12,12,6,111,1,12,0,110,1,2,0,0.16,0.0642488,0.972124,1.57276,0
8859,19,19,1,109,1,19,0,110,2,2,0,0.16,0.0948836,0.963569,3.708,1
8860,74,36,51,111,1,36,0,110,1,1,0,0.16,0,1,1.73254,0
8861,26,26,24,111,1,26,0,110,1,1,0,0.16,0.0675628,0.972298,1.4388,0
8862,20,19,5,111,1,19,0,110,1,2,1,0.16,0.0577553,0.976257,1.76101,0
8863,13,13,7,107,1,13,0,110,3,2,0,0.16,0.0617216,0.973678,1.63228,0
8864,12,12,11,106,1,12,0,110,4,0,0,0.16,0.094995,0.960261,1.88829,0
8865,9,9,7,111,1,9,0,110,1,5,0,0.16,0.0519001,0.97679,1.52384,0
8866,16,16,0,110,1,16,0,110,0,2,0,0.183129,0.0610011,0.970986,1.53164,0
8867,22,22,3,109,1,22,0,110,1,0,0,0.16,0.0594234,0.973724,1.61628,0
8868,19,19,4,110,1,19,0,110,0,0,0,0.16,0.0400289,0.980091,1.37497,0
8869,12,12,8,108,1,12,0,110,3,2,0,0.16,0.0722406,0.964835,2.07062,0
8870,31,31,13,110,1,31,0,110,0,1,0,0.16,0.0482363,0.97714,1.68198,0
8871,6,6,3,110,1,6,0,110,0,1,0,0.16,0.0404644,0.979952,1.67245,0
8872,39,36,32,110,1,36,0,110,0,2,0,0.16,0.0597538,0.971642,1.23056,0
8873,98,36,9,110,1,36,0,110,2,1,1,0.16,0,1,1.73952,0
8874,1,1,0,111,1,1,0,110,0,0,0,1,0,0,5.11407,1
8875,19,19,4,110,1,19,0,110,2,2,0,0.16,0.0660691,0.973184,1.77722,0
8876,93,36,16,110,1,36,0,110,0,1,0,0.16,0,1,1.45638,0
8877,29,29,18,110,1,29,0,110,1,1,0,0.16,0.0542862,0.975564,1.50092,0
8878,26,26,7,111,1,26,0,110,2,2,0,0.16,0.0682702,0.971954,1.42822,0
8879,20,20,17,110,1,20,0,110,0,0,0,0.168182,0.057246,0.97339,1.28064,0
8880,37,36,9,111,1,36,0,110,1,1,0,0.16,0.0704861,0.969527,1.36547,0
8881,96,36,88,110,1,36,0,110,0,1,0,0.16,0,1,1.39994,0
8882,12,12,11,110,1,12,0,110,0,1,0,0.16,0.0422691,0.980546,1.21528,0
8883,37,36,13,110,1,36,0,110,0,0,0,0.16,0.057527,0.973273,1.83925,0
8884,16,16,11,111,1,16,0,110,1,2,0,0.16,0.0515929,0.97853,1.50219,0
8885,64,36,29,109,1,36,0,110,1,1,0,0.16,0,1,1.88201,0
8886,18,18,16,109,1,18,0,110,1,1,0,0.16,0.0635747,0.971436,1.33535,0
8887,34,34,21,110,1,34,0,110,1,1,0,0.16,0.0647099,0.971438,1.4873,0
8888,23,23,21,109,1,23,0,110,1,0,0,0.16,0.0566435,0.974669,1.67384,0
8889,34,34,0,108,1,34,0,110,3,2,0,0.16,0.0691583,0.973623,1.52899,0
8890,14,14,0,111,1,14,0,110,1,3,0,0.16,0.0627153,0.971941,1.96322,0
8891,10,10,7,110,1,10,0,110,2,2,0,0.16,0.0633447,0.974847,1.39343,0
8892,10,10,3,110,1,10,0,110,0,3,0,0.164763,0.0503939,0.975753,1.57961,0
8893,18,18,12,110,1,18,0,110,0,1,0,0.16,0.0460707,0.978479,1.7592,0
8894,24,24,3,110,1,24,0,110,0,0,0,0.16,0.0407471,0.980652,1.43096,0
8895,23,23,17,111,1,23,0,110,2,2,0,0.16,0.0685001,0.97161,1.28519,0
8896,31,31,11,109,1,31,0,110,1,1,0,0.16,0.0635744,0.973394,1.94842,0
8897,24,24,10,110,1,24,0,110,0,0,0,0.16,0.0472549,0.978203,1.58248,0
8898,16,16,9,110,1,16,0,110,0,1,0,0.16,0.0491104,0.975796,1.81066,0
8899,12,12,7,108,1,12,0,110,2,3,0,0.166667,0.0815923,0.962916,4.58269,1
8900,9,9,3,108,1,9,0,110,4,2,0,0.16,0.0709513,0.966425,1.54268,0
8901,36,36,22,110,1,36,0,110,0,0,0,0.16,0.0521923,0.975161,1.6595,0
8902,16,16,9,111,1,16,0,110,0,2,0,0.16,0.0623752,0.970686,2.34797,1
8903,49,36,34,109,1,36,0,110,1,1,0,0.16,0,1,1.32841,0
8904,15,15,8,110,1,15,0,110,0,1,0,0.16,0.0566256,0.973576,2.01456,0
8905,9,9,4,110,1,9,0,110,0,4,0,0.16,0.0685606,0.966027,1.87602,0
8906,27,27,6,110,1,27,0,110,2,2,0,0.16,0.0750524,0.968223,1.76585,0
8907,80,36,5,110,1,36,0,110,0,1,0,0.16,0,1,1.30755,0
8908,3,3,0,107,1,3,0,110,4,3,0,1,0.0414098,0.982049,4.69355,1
8909,21,21,14,110,1,21,0,110,0,0,0,0.16,0.0641289,0.968628,1.40831,0
8910,27,27,5,109,1,27,0,110,1,1,0,0.16,0.0519898,0.974699,1.56313,0
8911,17,17,2,109,1,17,0,110,1,0,0,0.16,0.0685753,0.967876,1.3309,0
8912,18,18,3,109,1,18,0,110,1,3,0,0.16,0.0736062,0.968394,1.65567,0
8913,18,18,5,110,1,18,0,110,2,1,0,0.16,0.069035,0.972448,1.38147,0
8914,17,17,7,111,1,17,0,110,1,1,0,0.16,0.0651991,0.974519,1.7142,0
8915,17,17,7,110,1,17,0,110,1,1,0,0.163636,0.0721588,0.967637,1.79094,0
8916,34,34,0,109,1,34,0,110,1,1,0,0.16,0.0603592,0.972788,1.54122,0
8917,13,13,6,107,1,13,0,110,4,1,0,0.16,0.0737328,0.965445,2.07964,0
8918,126,36,4,110,1,36,0,110,0,1,0,0.16,0,1,1.41278,0
8919,62,36,61,110,1,36,0,110,0,1,0,0.16,0,1,1.45602,0
8920,41,36,40,110,1,36,0,110,0,1,0,0.16,0,1,1.96059,0
8921,28,28,21,110,1,28,0,110,0,0,0,0.16,0.0607522,0.970815,1.88117,0
8922,17,17,1,110,1,17,0,110,1,1,0,0.16,0.0563309,0.975353,1.77445,0
8923,16,16,3,109,1,16,0,110,2,1,0,0.16,0.0622617,0.97215,1.41386,0
8924,28,27,2,106,1,27,0,110,4,1,1,0.16,0.0847761,0.97051,1.57328,0
8925,46,36,0,108,1,36,0,110,2,1,0,0.16,0,1,1.68044,0
8926,22,22,0,110,1,22,0,110,0,1,0,0.16,0.0486424,0.976635,1.45362,0
8927,39,36,17,108,1,36,0,110,2,1,0,0.16,0.0762949,0.965488,3.73446,1
8928,38,36,34,109,1,36,0,110,2,1,0,0.16,0.0744835,0.970747,1.90141,0
8929,5,5,2,111,1,5,0,110,2,6,0,0.16,0.0648649,0.970784,4.6957,1
8930,46,36,36,108,1,36,0,110,2,1,0,0.16,0,1,2.12564,0
8931,22,21,7,109,1,21,0,110,5,1,1,0.16,0.0934223,0.969644,1.26135,0
8932,24,24,15,108,1,24,0,110,2,2,0,0.16,0.067993,0.97358,1.19434,0
8933,7,7,0,110,1,7,0,110,2,8,0,0.169533,0.0822972,0.963431,1.37693,0
8934,28,28,19,111,1,28,0,110,2,2,0,0.16,0.0813278,0.967227,1.85888,0
8935,8,8,2,108,1,8,0,110,3,1,0,0.16,0.0517122,0.980079,2.01755,0
8936,43,36,13,109,1,36,0,110,1,1,0,0.16,0,1,1.82111,0
8937,12,12,11,111,1,12,0,110,3,2,0,0.16,0.0776192,0.968762,1.64112,0
8938,19,19,7,110,1,19,0,110,0,0,0,0.16,0.0498403,0.976042,1.29885,0
8939,19,19,2,111,1,19,0,110,1,3,0,0.16,0.0630631,0.972246,1.88364,0
8940,18,18,17,108,1,18,0,110,4,1,0,0.16,0.0755836,0.968873,1.58667,0
8941,41,36,30,110,1,36,0,110,0,1,0,0.16,0,1,1.77359,0
8942,20,20,4,108,1,20,0,110,3,2,0,0.16,0.0768704,0.967146,1.1761,0
8943,45,36,22,110,1,36,0,110,0,1,0,0.16,0,1,1.61925,0
8944,7,7,3,110,1,7,0,110,2,7,0,0.16,0.0801733,0.967948,3.51351,1
8945,75,36,53,110,1,36,0,110,0,1,0,0.16,0,1,1.77585,0
8946,22,22,12,110,1,22,0,110,0,0,0,0.16,0.0478009,0.97725,1.34984,0
8947,14,14,13,110,1,14,0,110,0,1,0,0.16,0.0560102,0.974598,1.61721,0
8948,25,25,18,110,1,25,0,110,0,1,0,0.16,0.0533068,0.974912,1.4125,0
8949,28,28,1,110,1,28,0,110,0,0,0,0.16,0.0478976,0.977598,1.27994,0
8950,60,36,23,110,1,36,0,110,0,1,0,0.16,0,1,1.26184,0
8951,16,16,9,109,1,16,0,110,1,1,0,0.174312,0.0621253,0.971865,1.30604,0
8952,19,19,16,108,1,19,0,110,2,2,0,0.16,0.0698484,0.967357,1.66309,0
8953,26,26,14,110,1,26,0,110,0,0,0,0.16,0.0597269,0.971699,1.967,0
8954,17,17,12,110,1,17,0,110,0,0,0,0.16,0.0646062,0.970296,1.30011,0
8955,21,21,4,109,1,21,0,110,1,1,0,0.16,0.061041,0.971385,1.30045,0
8956,24,24,3,108,1,24,0,110,2,2,0,0.166667,0.079089,0.967051,1.70037,0
8957,15,15,10,110,1,15,0,110,0,3,0,0.16,0.0553881,0.974482,1.67505,0
8958,11,10,9,109,1,10,0,110,5,5,1,0.16,0.0900573,0.95865,2.04432,0
8959,11,11,10,111,1,11,0,110,4,2,0,0.16,0.0960838,0.963073,1.46033,0
8960,18,18,1,110,1,18,0,110,0,1,0,0.16,0.0529846,0.975716,1.74876,0
8961,58,36,21,110,1,36,0,110,0,1,0,0.16,0,1,1.458,0
8962,14,14,9,110,1,14,0,110,0,3,0,0.163636,0.0738399,0.965547,1.49612,0
8963,55,36,1,108,1,36,0,110,4,1,1,0.16,0,1,1.70855,0
8964,13,13,0,109,1,13,0,110,1,1,0,0.16,0.0558635,0.973802,1.76708,0
8965,36,36,24,109,1,36,0,110,1,0,0,0.16,0.0583847,0.975695,1.31911,0
8966,25,25,5,110,1,25,0,110,0,1,0,0.16,0.0572902,0.973282,1.6884,0
8967,25,25,3,110,1,25,0,110,0,0,0,0.16,0.0455238,0.97817,1.28055,0
8968,20,20,18,112,1,20,0,110,3,2,0,0.16,0.079233,0.971419,1.43646,0
8969,30,30,14,108,1,30,0,110,2,3,0,0.16,0.0707184,0.968263,1.37941,0
8970,15,15,3,109,1,15,0,110,2,3,0,0.165138,0.0726291,0.96451,1.65882,0
8971,28,28,6,109,1,28,0,110,1,0,0,0.16,0.0587551,0.970871,1.27557,0
8972,20,20,0,110,1,20,0,110,0,0,0,0.16,0.0556422,0.974299,1.66446,0
8973,8,8,0,110,1,8,0,110,2,3,0,0.16,0.0794431,0.969131,2.00345,0
8974,24,24,3,110,1,24,0,110,2,4,0,0.16,0.0745495,0.965574,1.41842,0
8975,18,18,0,109,1,18,0,110,1,2,0,0.16,0.0680214,0.969662,1.95096,0
8976,24,24,15,110,1,24,0,110,0,0,0,0.16,0.050086,0.976884,1.29355,0
8977,19,19,14,108,1,19,0,110,3,4,0,0.16,0.0736324,0.965904,1.18788,0
8978,7,7,0,112,1,7,0,110,2,11,0,0.16,0.0841837,0.963439,1.30889,0
8979,10,10,4,111,1,10,0,110,1,2,0,0.16,0.0513514,0.975073,1.68033,0
8980,82,36,32,110,1,36,0,110,2,1,0,0.16,0,1,1.75529,0
8981,21,21,2,108,1,21,0,110,2,0,0,0.166667,0.0771145,0.968269,1.7934,0
8982,29,29,9,110,1,29,0,110,1,0,0,0.16,0.0592141,0.975097,1.361,0
8983,5,5,0,107,1,5,0,110,4,4,0,0.16,0.073249,0.966918,5.53511,1
8984,16,16,13,109,1,16,0,110,1,1,0,0.16,0.0718611,0.965297,1.67531,0
8985,66,36,21,110,1,36,0,110,0,1,0,0.16,0,1,1.83818,0
8986,12,12,6,109,1,12,0,110,3,3,0,0.16,0.0771271,0.963252,1.5664,0
8987,9,9,6,111,1,9,0,110,1,4,0,0.16,0.0928607,0.964834,3.342,1
8988,15,15,10,110,1,15,0,110,0,0,0,0.162162,0.0584821,0.972367,1.63385,0
8989,21,21,3,109,1,21,0,110,1,2,0,0.16,0.0613085,0.971818,1.91395,0
8990,10,10,5,110,1,10,0,110,0,1,0,0.16,0.0427027,0.978921,1.65736,0
8991,16,16,2,110,1,16,0,110,1,2,0,0.16,0.0581639,0.975795,1.33067,0
8992,84,36,51,110,1,36,0,110,0,1,0,0.16,0,1,1.82201,0
8993,57,36,13,110,1,36,0,110,0,1,0,0.16,0,1,1.96248,0
8994,14,14,10,110,1,14,0,110,0,0,0,0.16,0.0494038,0.976215,1.46807,0
8995,15,15,9,110,1,15,0,110,0,1,0,0.16,0.0585877,0.971469,1.72152,0
8996,26,26,3,110,1,26,0,110,0,0,0,0.16,0.0452644,0.979184,1.54003,0
8997,10,10,6,111,1,10,0,110,3,2,0,0.16,0.0753781,0.971932,1.73194,0
8998,43,36,10,108,1,36,0,110,2,1,0,0.16,0,1,1.59818,0
8999,53,36,20,110,1,36,0,110,0,1,0,0.16,0,1,1.61699,0
9000,27,27,16,108,1,27,0,110,0,1,0,0.16,0.071573,0.964568,2.4178,1
9001,7,7,0,112,1,7,0,110,3,6,0,0.16,0.0778061,0.970425,1.8437,0
9002,11,11,10,108,1,11,0,110,2,0,0,0.16,0.0557305,0.976298,1.45076,0
9003,47,36,16,110,1,36,0,110,0,1,0,0.16,0,1,1.69072,0
9004,15,15,8,107,1,15,0,110,3,0,0,0.16,0.0593018,0.973152,2.01522,0
9005,10,10,8,110,1,10,0,110,3,2,0,0.16,0.0808719,0.965797,1.83481,0
9006,42,36,20,110,1,36,0,110,0,1,0,0.16,0,1,1.64098,0
9007,10,10,1,111,1,10,0,110,2,4,0,0.16,0.0598988,0.97507,1.63148,0
9008,6,6,1,110,1,6,0,110,4,2,0,0.16,0.0586887,0.979954,1.27347,0
9009,39,36,14,110,1,36,0,110,2,1,0,0.16,0.0648111,0.972898,1.63764,0
9010,8,8,5,109,1,8,0,110,2,1,0,0.211009,0.0713939,0.971131,1.64758,0
9011,48,36,34,110,1,36,0,110,0,1,0,0.16,0,1,1.53414,0
9012,18,18,0,110,1,18,0,110,2,2,0,0.163636,0.0696269,0.969936,1.74413,0
9013,16,16,13,110,1,16,0,110,2,1,0,0.16,0.0606376,0.973248,1.81248,0
9014,25,25,5,108,1,25,0,110,2,0,0,0.16,0.0646835,0.972422,1.97916,0
9015,52,36,35,109,1,36,0,110,1,1,0,0.16,0,1,1.66771,0
9016,22,22,8,110,1,22,0,110,0,0,0,0.16,0.044956,0.97828,1.79625,0
9017,27,27,4,109,1,27,0,110,3,0,0,0.16,0.0741574,0.974023,1.13572,0
9018,21,21,7,109,1,21,0,110,1,0,0,0.16,0.053125,0.974864,1.80664,0
9019,67,36,0,110,1,36,0,110,2,1,0,0.16,0,1,1.56414,0
9020,30,30,20,109,1,30,0,110,1,0,0,0.16,0.0593243,0.97175,1.97121,0
9021,10,10,2,109,1,10,0,110,3,1,0,0.229358,0.0696611,0.970968,1.60168,0
9022,29,29,19,109,1,29,0,110,1,0,0,0.16,0.060151,0.97219,1.81835,0
9023,17,17,4,111,1,17,0,110,1,2,0,0.16,0.0609014,0.97478,1.46133,0
9024,50,36,11,110,1,36,0,110,0,1,0,0.16,0,1,1.51277,0
9025,31,31,4,109,1,31,0,110,1,0,0,0.16,0.0578232,0.973248,1.47554,0
9026,43,36,37,110,1,36,0,110,0,1,0,0.16,0,1,1.61258,0
9027,30,30,3,110,1,30,0,110,2,2,0,0.16,0.0780528,0.966423,1.39829,0
9028,20,20,8,110,1,20,0,110,2,1,0,0.16,0.0654991,0.971358,1.6979,0
9029,9,9,6,108,1,9,0,110,0,4,0,0.16,0.0779955,0.970516,2.36226,1
9030,74,36,49,110,1,36,0,110,0,1,0,0.16,0,1,1.72026,0
9031,15,15,1,110,1,15,0,110,0,1,0,0.16,0.0543719,0.973278,1.26038,0
9032,24,24,20,111,1,24,0,110,3,4,0,0.16,0.0853457,0.966067,1.65669,0
9033,17,17,8,109,1,17,0,110,1,1,0,0.16,0.0581416,0.974054,1.52114,0
9034,24,24,0,110,1,24,0,110,0,1,0,0.16,0.0503948,0.977259,1.75487,0
9035,11,11,3,109,1,11,0,110,2,1,0,0.16,0.064911,0.971529,1.74304,0
9036,15,15,10,108,1,15,0,110,3,0,0,0.16,0.073802,0.96787,1.65892,0
9037,14,14,3,111,1,14,0,110,1,1,0,0.16,0.0491792,0.979947,1.66727,0
9038,25,25,20,109,1,25,0,110,1,1,0,0.16,0.0511513,0.977972,1.75394,0
9039,34,34,31,110,1,34,0,110,0,3,0,0.16,0.0618029,0.970506,1.74313,0
9040,31,31,9,111,1,31,0,110,1,1,0,0.16,0.0540529,0.978934,1.96257,0
9041,12,12,6,110,1,12,0,110,0,1,0,0.176623,0.0520894,0.976024,2.17414,1
9042,24,24,13,109,1,24,0,110,1,0,0,0.16,0.0619593,0.971346,1.60587,0
9043,33,33,2,110,1,33,0,110,0,0,0,0.16,0.047971,0.977016,1.70197,0
9044,16,16,4,109,1,16,0,110,1,1,0,0.16,0.0604133,0.971293,1.33497,0
9045,36,36,13,112,1,36,0,110,2,2,0,0.16,0.0726182,0.971527,2.03201,0
9046,42,36,1,110,1,36,0,110,0,1,0,0.16,0,1,1.49144,0
9047,19,19,7,112,1,19,0,110,2,5,0,0.16,0.0774336,0.969917,1.34496,0
9048,40,36,19,110,1,36,0,110,0,1,0,0.16,0,1,1.52308,0
9049,28,28,21,110,1,28,0,110,0,0,0,0.16,0.0606287,0.972106,1.5169,0
9050,79,36,36,110,1,36,0,110,0,1,0,0.16,0,1,1.53276,0
9051,16,16,11,108,1,16,0,110,2,1,0,0.16,0.0746422,0.968436,1.82236,0
9052,22,22,2,110,1,22,0,110,0,1,0,0.16,0.0417789,0.979719,1.47537,0
9053,13,13,3,111,1,13,0,110,3,4,0,0.16,0.0766778,0.968405,2.0164,0
9054,21,21,1,110,1,21,0,110,2,4,0,0.163636,0.0772698,0.963888,1.42149,0
9055,21,21,1,109,1,21,0,110,1,1,0,0.16,0.0613962,0.971169,1.32178,0
9056,39,36,1,110,1,36,0,110,0,0,0,0.16,0.044957,0.978806,1.66275,0
9057,27,27,22,109,1,27,0,110,3,2,0,0.16,0.0855946,0.963706,1.26028,0
9058,17,17,9,110,1,17,0,110,0,0,0,0.16,0.047864,0.976687,1.64348,0
9059,19,19,0,110,1,19,0,110,0,1,0,0.16,0.0590691,0.971517,1.64039,0
9060,18,17,6,111,1,17,0,110,1,2,1,0.171171,0.0662754,0.970563,1.35077,0
9061,12,12,8,110,1,12,0,110,0,2,0,0.16,0.0626963,0.972631,1.70255,0
9062,13,13,12,111,1,13,0,110,2,2,0,0.16,0.0664662,0.976339,1.68118,0
9063,12,12,8,107,1,12,0,110,5,2,0,0.16,0.080996,0.96838,1.81377,0
9064,18,18,12,111,1,18,0,110,5,5,0,0.16,0.0903571,0.96597,1.95093,0
9065,11,11,7,108,1,11,0,110,2,0,0,0.191386,0.0694656,0.962478,1.53603,0
9066,6,6,3,109,1,6,0,110,1,3,0,0.16,0.0494403,0.976727,1.79937,0
9067,16,16,2,110,1,16,0,110,0,0,0,0.16,0.0627451,0.969854,1.41914,0
9068,8,8,5,108,1,8,0,110,2,1,0,0.16,0.0779251,0.967412,4.24396,1
9069,49,36,5,110,1,36,0,110,0,1,0,0.16,0,1,2.05053,0
9070,10,10,3,111,1,10,0,110,1,7,0,0.162162,0.0693694,0.967904,1.64139,0
9071,14,14,13,110,1,14,0,110,1,3,0,0.16,0.062343,0.971368,1.44801,0
9072,22,22,19,108,1,22,0,110,2,0,0,0.16,0.0545837,0.975576,1.37109,0
9073,42,36,1,109,1,36,0,110,1,1,0,0.16,0,1,1.55681,0
9074,9,9,7,110,1,9,0,110,2,0,0,0.16,0.0581036,0.977082,1.54923,0
9075,11,11,0,111,1,11,0,110,3,3,0,0.16,0.0740318,0.969592,2.00892,0
9076,18,18,6,111,1,18,0,110,1,2,0,0.16,0.0678743,0.970952,1.43563,0
9077,26,26,2,110,1,26,0,110,0,0,0,0.16,0.0677605,0.967872,1.9734,0
9078,5,5,3,109,1,5,0,110,2,2,0,0.168182,0.0553379,0.972077,4.46328,1
9079,32,32,15,110,1,32,0,110,0,1,0,0.16,0.0636236,0.971349,1.91061,0
9080,3,3,2,108,1,3,0,110,6,14,0,1,0.0819004,0.963813,4.64585,1
9081,14,14,6,108,1,14,0,110,2,3,0,0.16,0.0741319,0.968209,3.8004,1
9082,22,22,4,109,1,22,0,110,2,2,0,0.166639,0.0770136,0.968119,1.83827,0
9083,12,12,5,108,1,12,0,110,2,1,0,0.194526,0.0796635,0.966366,1.91215,0
9084,22,22,13,110,1,22,0,110,0,3,0,0.16,0.0506894,0.976428,1.68197,0
9085,20,20,15,110,1,20,0,110,1,1,0,0.16,0.0609321,0.973395,1.36043,0
9086,14,14,8,110,1,14,0,110,2,4,0,0.166234,0.0775342,0.965549,1.55756,0
9087,47,36,1,110,1,36,0,110,0,1,0,0.16,0,1,1.41733,0
9088,8,8,4,108,1,8,0,110,5,1,0,0.16,0.0772596,0.969143,1.91435,0
9089,45,36,10,109,1,36,0,110,1,1,0,0.16,0,1,1.99876,0
9090,14,14,1,110,1,14,0,110,1,3,0,0.16,0.05418,0.973951,2.85404,1
9091,12,12,11,110,1,12,0,110,4,3,0,0.172727,0.0848402,0.966589,1.60294,0
9092,11,11,2,110,1,11,0,110,3,4,0,0.16,0.0759321,0.967263,1.67949,0
9093,15,15,13,110,1,15,0,110,0,2,0,0.16,0.0516667,0.975387,1.68966,0
9094,14,14,6,109,1,14,0,110,1,1,0,0.16,0.0634997,0.970455,1.21934,0
9095,7,7,5,111,1,7,0,110,3,9,0,0.16,0.0757607,0.965678,5.3208,1
9096,18,18,1,111,1,18,0,110,3,1,0,0.16,0.0833367,0.970204,1.30875,0
9097,45,36,38,110,1,36,0,110,0,1,0,0.16,0,1,1.53503,0
9098,22,22,13,111,1,22,0,110,1,1,0,0.16,0.0622055,0.973987,1.68727,0
9099,61,36,19,110,1,36,0,110,2,1,0,0.16,0,1,1.41571,0
9100,38,36,7,110,1,36,0,110,0,1,0,0.16,0.0498218,0.975915,1.61393,0
9101,16,16,3,109,1,16,0,110,2,1,0,0.16,0.0646111,0.973863,1.31299,0
9102,13,13,3,110,1,13,0,110,0,1,0,0.16,0.053384,0.973688,1.3438,0
9103,14,14,3,107,1,14,0,110,3,0,0,0.16,0.0744306,0.965587,1.67477,0
9104,13,13,11,111,1,13,0,110,1,4,0,0.16,0.0607238,0.97289,1.34822,0
9105,74,36,28,110,1,36,0,110,0,1,0,0.16,0,1,1.35295,0
9106,14,14,0,109,1,14,0,110,7,3,0,0.192661,0.09022,0.96426,2.07527,0
9107,22,22,9,109,1,22,0,110,1,1,0,0.16,0.0565097,0.975591,1.45955,0
9108,46,36,38,108,1,36,0,110,0,1,0,0.16,0,1,2.60973,1
9109,10,10,5,110,1,10,0,110,2,5,0,0.16,0.0671826,0.969424,1.48401,0
9110,14,14,2,110,1,14,0,110,0,2,0,0.16,0.0588603,0.971369,1.82917,0
9111,44,36,27,110,1,36,0,110,1,1,0,0.16,0,1,1.70805,0
9112,21,21,14,110,1,21,0,110,0,1,0,0.16,0.0568081,0.972721,1.57936,0
9113,38,36,26,110,1,36,0,110,0,1,0,0.16,0.0503806,0.976291,1.19697,0
9114,24,24,14,109,1,24,0,110,1,0,0,0.16,0.0504387,0.975533,1.51146,0
9115,77,36,4,110,1,36,0,110,0,1,0,0.16,0,1,1.17599,0
9116,12,12,5,109,1,12,0,110,2,1,0,0.16,0.060603,0.9701,1.04586,0
9117,10,10,0,111,1,10,0,110,0,3,0,0.16,0.067921,0.971484,2.45399,1
9118,10,10,0,111,1,10,0,110,2,6,0,0.162162,0.0697556,0.97014,1.54294,0
9119,70,36,65,110,1,36,0,110,0,1,0,0.16,0,1,1.1596,0
9120,57,36,43,109,1,36,0,110,3,1,0,0.16,0,1,1.67685,0
9121,47,36,42,109,1,36,0,110,1,1,0,0.16,0,1,1.79349,0
9122,11,11,5,111,1,11,0,110,1,2,0,0.16,0.0589681,0.974891,1.74252,0
9123,16,16,3,108,1,16,0,110,0,1,0,0.16,0.0511876,0.976788,2.24432,1
9124,59,36,14,110,1,36,0,110,0,1,0,0.16,0,1,1.59603,0
9125,9,9,0,109,1,9,0,110,2,2,0,0.16,0.0776617,0.96876,4.50917,1
9126,31,31,21,108,1,31,0,110,2,1,0,0.16,0.0712654,0.970029,1.38826,0
9127,65,36,2,109,1,36,0,110,1,1,0,0.16,0,1,2.00358,0
9128,18,17,2,109,1,17,0,110,2,3,1,0.16,0.0664288,0.971905,1.25754,0
9129,15,15,6,111,1,15,0,110,1,1,0,0.16,0.0668257,0.97142,1.93434,0
9130,12,12,9,109,1,12,0,110,1,0,0,0.16,0.0480752,0.976949,1.92529,0
9131,29,29,1,111,1,29,0,110,1,1,0,0.16,0.0664555,0.971144,1.81619,0
9132,27,27,11,109,1,27,0,110,1,0,0,0.16,0.0673961,0.968779,1.17558,0
9133,8,8,0,109,1,8,0,110,2,3,0,0.16,0.068231,0.969421,4.87378,1
9134,57,36,35,110,1,36,0,110,0,1,0,0.16,0,1,1.2378,0
9135,17,17,4,110,1,17,0,110,3,3,0,0.16,0.0665617,0.972426,1.24477,0
9136,14,14,9,110,1,14,0,110,1,1,0,0.16,0.0585392,0.973628,1.63112,0
9137,35,35,13,107,1,35,0,110,3,0,0,0.16,0.0767063,0.96882,1.65871,0
9138,17,17,4,110,1,17,0,110,0,0,0,0.16,0.0462979,0.977484,1.50768,0
9139,16,16,3,109,1,16,0,110,1,0,0,0.16,0.0640363,0.971577,1.68218,0
9140,3,3,0,108,1,3,0,110,3,14,0,1,0.0608942,0.966885,4.83917,1
9141,18,18,15,110,1,18,0,110,0,2,0,0.16,0.0495817,0.976221,1.4262,0
9142,14,14,5,108,1,14,0,110,2,1,0,0.16,0.0622822,0.973472,1.56582,0
9143,37,36,35,111,1,36,0,110,1,2,0,0.16,0.0524275,0.977377,1.57623,0
9144,32,32,17,109,1,32,0,110,1,0,0,0.16,0.0574509,0.973798,1.70833,0
9145,12,12,2,110,1,12,0,110,2,1,0,0.16,0.0719586,0.973003,1.8341,0
9146,48,36,39,110,1,36,0,110,0,1,0,0.16,0,1,1.32705,0
9147,25,25,17,110,1,25,0,110,0,1,0,0.16,0.0490975,0.976722,1.92175,0
9148,11,11,1,109,1,11,0,110,3,1,0,0.16,0.065164,0.973192,1.5589,0
9149,30,30,15,109,1,30,0,110,1,0,0,0.16,0.0647109,0.970683,1.65876,0
9150,11,11,3,110,1,11,0,110,0,0,0,0.16,0.0619244,0.970143,1.69915,0
9151,22,22,13,112,1,22,0,110,2,3,0,0.16,0.0671926,0.973412,1.59065,0
9152,10,10,3,108,1,10,0,110,4,3,0,0.16,0.0738036,0.962871,4.66886,1
9153,25,25,22,109,1,25,0,110,2,3,0,0.16,0.0696491,0.968291,1.59476,0
9154,38,36,0,110,1,36,0,110,3,2,0,0.16,0.0772927,0.97051,1.38013,0
9155,61,36,16,110,1,36,0,110,1,1,0,0.16,0,1,1.45797,0
9156,18,18,1,109,1,18,0,110,0,0,0,0.16,0.0530378,0.973211,2.46983,1
9157,51,36,10,110,1,36,0,110,0,1,0,0.16,0,1,1.43687,0
9158,27,27,24,110,1,27,0,110,1,0,0,0.16,0.0570914,0.975429,1.73834,0
9159,41,36,13,110,1,36,0,110,0,1,0,0.16,0,1,1.33462,0
9160,30,30,6,108,1,30,0,110,2,0,0,0.16,0.0638377,0.973486,1.49209,0
9161,20,20,1,110,1,20,0,110,0,0,0,0.16,0.0392451,0.981085,1.72422,0
9162,25,25,18,108,1,25,0,110,2,0,0,0.16,0.0576962,0.97279,1.93784,0
9163,16,16,15,110,1,16,0,110,1,2,0,0.16,0.0847334,0.963636,1.3366,0
9164,26,26,15,110,1,26,0,110,0,0,0,0.16,0.0437581,0.980052,1.596,0
9165,15,15,6,108,1,15,0,110,2,0,0,0.16,0.0648091,0.970633,1.59461,0
9166,19,19,14,108,1,19,0,110,2,2,0,0.16,0.0596828,0.971719,3.49353,1
9167,22,22,4,109,1,22,0,110,1,0,0,0.16,0.0664918,0.967289,1.46446,0
9168,27,27,8,109,1,27,0,110,1,0,0,0.16,0.0567523,0.976726,1.41136,0
9169,32,32,19,109,1,32,0,110,1,0,0,0.16,0.0678729,0.970944,2.00001,0
9170,20,20,18,111,1,20,0,110,1,3,0,0.16,0.0551808,0.976097,1.88694,0
9171,39,36,21,110,1,36,0,110,0,2,0,0.16,0.0541756,0.973778,1.78426,0
9172,21,21,7,110,1,21,0,110,2,1,0,0.16,0.0731462,0.969489,1.51186,0
9173,17,17,13,111,1,17,0,110,2,1,0,0.16,0.0630257,0.975836,1.77295,0
9174,29,29,26,110,1,29,0,110,0,0,0,0.16,0.0646818,0.969477,1.15875,0
9175,59,36,5,110,1,36,0,110,1,1,0,0.16,0,1,2.00312,0
9176,18,18,6,111,1,18,0,110,1,1,0,0.16,0.0501281,0.979669,1.51339,0
9177,16,16,6,110,1,16,0,110,1,3,0,0.163636,0.0748024,0.965614,1.85456,0
9178,22,22,3,112,1,22,0,110,4,6,0,0.16,0.0890789,0.966138,1.60023,0
9179,8,8,7,108,1,8,0,110,2,1,0,0.16,0.0771003,0.965101,1.94157,0
9180,34,34,12,107,1,34,0,110,3,2,0,0.16,0.0858586,0.967356,1.3848,0
9181,14,14,4,109,1,14,0,110,1,0,0,0.16,0.0494789,0.978607,1.61289,0
9182,5,5,1,110,1,5,0,110,2,5,0,0.16,0.0727273,0.967815,4.13336,1
9183,12,12,6,110,1,12,0,110,0,0,0,0.16,0.0445353,0.978286,1.36625,0
9184,12,12,7,109,1,12,0,110,6,3,0,0.16,0.0825063,0.96097,4.31708,1
9185,17,17,5,108,1,17,0,110,2,1,0,0.16,0.0743094,0.967309,1.53811,0
9186,89,36,62,109,1,36,0,110,1,1,0,0.16,0,1,1.43182,0
9187,17,17,8,111,1,17,0,110,1,2,0,0.16,0.0740977,0.967133,1.25229,0
9188,65,36,7,110,1,36,0,110,2,1,0,0.16,0,1,1.50111,0
9189,33,33,22,109,1,33,0,110,1,1,0,0.16,0.0687521,0.96629,1.80791,0
9190,23,23,1,111,1,23,0,110,1,1,0,0.16,0.0594233,0.973758,1.65547,0
9191,33,33,21,110,1,33,0,110,0,1,0,0.16,0.0494256,0.976467,1.37873,0
9192,45,36,1,110,1,36,0,110,0,1,0,0.16,0,1,1.75082,0
9193,8,8,6,109,1,8,0,110,3,3,0,0.171199,0.0835311,0.963143,1.72195,0
9194,8,8,0,110,1,8,0,110,3,3,0,0.16,0.0722528,0.972524,1.4999,0
9195,111,36,9,110,1,36,0,110,0,1,0,0.16,0,1,1.95462,0
9196,31,31,24,110,1,31,0,110,0,1,0,0.16,0.0536917,0.974367,1.27051,0
9197,14,14,7,108,1,14,0,110,0,2,0,0.166667,0.0611208,0.969524,2.31559,1
9198,28,28,11,112,1,28,0,110,2,3,0,0.16,0.0706393,0.972124,1.73441,0
9199,12,12,7,110,1,12,0,110,2,1,0,0.16,0.0575595,0.974133,1.82336,0
9200,25,25,16,110,1,25,0,110,0,0,0,0.16,0.0502361,0.975636,1.89905,0
9201,26,26,11,108,1,26,0,110,2,0,0,0.16,0.0703198,0.969761,1.66022,0
9202,28,28,13,108,1,28,0,110,2,1,0,0.16,0.0668559,0.972743,1.72554,0
9203,18,18,10,108,1,18,0,110,2,0,0,0.16,0.0604376,0.976039,1.67683,0
9204,20,20,1,111,1,20,0,110,1,3,0,0.16,0.0702301,0.971167,1.94662,0
9205,24,24,17,111,1,24,0,110,1,1,0,0.16,0.0603406,0.976154,1.60641,0
9206,31,31,4,110,1,31,0,110,0,1,0,0.16,0.0505182,0.975825,1.28112,0
9207,9,9,4,111,1,9,0,110,5,6,0,0.162162,0.0930931,0.96334,1.50754,0
9208,15,15,1,109,1,15,0,110,3,1,0,0.16,0.0641663,0.972118,1.67612,0
9209,23,23,5,108,1,23,0,110,2,0,0,0.16,0.0777938,0.969225,1.40589,0
9210,25,25,23,110,1,25,0,110,0,2,0,0.16,0.0466312,0.977808,1.49782,0
9211,59,36,51,109,1,36,0,110,1,1,0,0.16,0,1,1.38573,0
9212,24,24,11,109,1,24,0,110,1,2,0,0.16,0.0573951,0.975343,1.32838,0
9213,23,23,0,109,1,23,0,110,1,0,0,0.16,0.0721623,0.967915,1.2921,0
9214,38,36,34,109,1,36,0,110,1,0,0,0.16,0.0584589,0.974426,1.55617,0
9215,12,12,4,107,1,12,0,110,3,0,0,0.16,0.0800125,0.965278,1.67986,0
9216,14,14,1,110,1,14,0,110,1,0,0,0.172727,0.0676408,0.97072,1.50955,0
9217,17,17,13,108,1,17,0,110,2,2,0,0.16,0.062983,0.974088,2.01319,0
9218,15,15,3,112,1,15,0,110,2,3,0,0.16,0.0872751,0.965748,1.66051,0
9219,38,36,24,107,1,36,0,110,3,0,0,0.16,0.0718843,0.97111,1.28817,0
9220,27,27,17,111,1,27,0,110,1,3,0,0.16,0.0697961,0.96967,1.7283,0
9221,47,36,8,110,1,36,0,110,0,1,0,0.16,0,1,1.7078,0
9222,22,22,0,110,1,22,0,110,0,1,0,0.16166,0.0544772,0.974373,1.88885,0
9223,9,9,2,110,1,9,0,110,1,6,0,0.160688,0.07925,0.964517,1.70032,0
9224,20,20,4,110,1,20,0,110,1,0,0,0.16,0.0473327,0.979953,1.58639,0
9225,12,12,10,110,1,12,0,110,1,2,0,0.1875,0.0623525,0.974137,1.86062,0
9226,12,12,7,110,1,12,0,110,0,2,0,0.16,0.0591587,0.971875,1.94946,0
9227,21,21,0,110,1,21,0,110,0,0,0,0.16,0.0539222,0.974015,1.69212,0
9228,9,9,3,110,1,9,0,110,5,3,0,0.16,0.0833767,0.968034,2.03145,0
9229,18,18,11,110,1,18,0,110,0,0,0,0.16,0.0563074,0.973703,1.86546,0
9230,19,19,0,110,1,19,0,110,2,1,0,0.16,0.0773114,0.969849,1.5094,0
9231,13,13,0,110,1,13,0,110,1,2,0,0.16,0.0592596,0.975774,1.55253,0
9232,44,36,29,110,1,36,0,110,0,1,0,0.16,0,1,1.45071,0
9233,17,17,16,110,1,17,0,110,2,2,0,0.16,0.0583719,0.974554,2.04427,0
9234,61,36,3,110,1,36,0,110,0,1,0,0.16,0,1,1.69499,0
9235,33,33,32,110,1,33,0,110,1,0,0,0.16,0.0710446,0.968516,1.65558,0
9236,29,29,11,108,1,29,0,110,2,0,0,0.16,0.0679882,0.970663,1.50965,0
9237,18,18,4,108,1,18,0,110,1,2,0,0.16,0.0832346,0.962471,4.10418,1
9238,36,36,23,110,1,36,0,110,0,1,0,0.16,0.0522409,0.974157,1.53519,0
9239,14,14,2,107,1,14,0,110,3,5,0,0.16,0.0790648,0.967581,1.49098,0
9240,22,22,12,109,1,22,0,110,3,1,0,0.16,0.0632387,0.973515,1.71494,0
9241,38,36,31,107,1,36,0,110,3,0,0,0.16,0.0677906,0.966329,1.49965,0
9242,17,17,0,110,1,17,0,110,0,0,0,0.16,0.0444845,0.978812,1.6085,0
9243,106,36,2,110,1,36,0,110,0,1,0,0.16,0,1,1.19604,0
9244,19,19,9,110,1,19,0,110,0,2,0,0.16,0.0657052,0.967473,1.77438,0
9245,42,36,25,108,1,36,0,110,2,1,0,0.16,0,1,1.84008,0
9246,11,11,1,111,1,11,0,110,1,2,0,0.16,0.0686656,0.966339,1.5713,0
9247,17,17,7,109,1,17,0,110,1,1,0,0.16,0.0557301,0.973784,1.84348,0
9248,34,34,16,110,1,34,0,110,0,1,0,0.16,0.0536719,0.974632,1.4465,0
9249,23,23,3,108,1,23,0,110,3,2,0,0.16,0.0699277,0.967826,1.36069,0
9250,38,36,21,110,1,36,0,110,2,1,0,0.16,0.0728495,0.971139,1.14624,0
9251,33,33,19,110,1,33,0,110,0,0,0,0.16,0.0507254,0.976742,1.81151,0
9252,20,20,13,110,1,20,0,110,0,2,0,0.176623,0.0664947,0.967739,1.21203,0
9253,17,17,3,109,1,17,0,110,1,1,0,0.16,0.0645092,0.970294,1.41644,0
9254,34,34,21,109,1,34,0,110,1,0,0,0.16,0.0537589,0.973997,1.46141,0
9255,17,17,3,109,1,17,0,110,1,1,0,0.16,0.0663952,0.971903,1.80827,0
9256,45,36,12,110,1,36,0,110,0,1,0,0.16,0,1,1.72633,0
9257,15,15,4,111,1,15,0,110,1,2,0,0.16,0.0612613,0.974112,1.46606,0
9258,11,11,7,110,1,11,0,110,2,2,0,0.16,0.0550607,0.977544,1.91057,0
9259,17,17,13,109,1,17,0,110,2,1,0,0.16,0.0680703,0.967345,3.67642,1
9260,24,24,10,111,1,24,0,110,1,2,0,0.16,0.0516519,0.979147,1.52202,0
9261,28,28,20,109,1,28,0,110,1,1,0,0.16,0.0616978,0.973482,1.35587,0
9262,67,36,52,110,1,36,0,110,0,1,0,0.16,0,1,1.80568,0
9263,10,10,1,110,1,10,0,110,0,2,0,0.184416,0.0623375,0.971229,1.86257,0
9264,45,36,0,110,1,36,0,110,0,1,0,0.16,0,1,1.92031,0
9265,83,36,45,110,1,36,0,110,0,1,0,0.16,0,1,1.70242,0
9266,12,12,1,112,1,12,0,110,5,3,0,0.16,0.0964531,0.967185,1.69853,0
9267,19,19,4,110,1,19,0,110,0,1,0,0.16,0.0579132,0.971993,1.57256,0
9268,21,21,12,108,1,21,0,110,2,1,0,0.16,0.0762623,0.967394,1.30173,0
9269,19,19,6,111,1,19,0,110,1,2,0,0.16,0.0663597,0.970592,1.30865,0
9270,26,26,21,109,1,26,0,110,1,0,0,0.16,0.0776377,0.965472,1.19172,0
9271,85,36,19,110,1,36,0,110,0,1,0,0.16,0,1,1.31051,0
9272,25,25,7,109,1,25,0,110,1,0,0,0.16,0.0596572,0.972859,1.42659,0
9273,26,26,23,110,1,26,0,110,3,1,0,0.16,0.0733186,0.976399,1.30145,0
9274,17,17,11,109,1,17,0,110,2,1,0,0.16,0.0617161,0.974324,1.6415,0
9275,13,13,4,109,1,13,0,110,1,1,0,0.16,0.0539124,0.977666,1.9763,0
9276,8,8,3,111,1,8,0,110,1,2,0,0.189663,0.0582029,0.973891,1.69135,0
9277,18,18,14,110,1,18,0,110,1,1,0,0.16,0.063821,0.972703,1.66027,0
9278,15,15,5,109,1,15,0,110,1,1,0,0.16,0.0555023,0.971207,1.48887,0
9279,22,22,18,111,1,22,0,110,1,1,0,0.16,0.0598729,0.973173,1.19784,0
9280,21,21,2,110,1,21,0,110,0,1,0,0.16,0.0488202,0.975738,1.84779,0
9281,35,35,3,110,1,35,0,110,0,0,0,0.16,0.0509006,0.975485,1.7419,0
9282,20,20,9,110,1,20,0,110,0,0,0,0.16,0.0621921,0.970906,1.45823,0
9283,31,31,15,109,1,31,0,110,1,0,0,0.16,0.0497241,0.976933,1.91066,0
9284,12,12,2,109,1,12,0,110,1,0,0,0.16415,0.062332,0.973901,1.65731,0
9285,38,36,23,110,1,36,0,110,2,2,0,0.16,0.066443,0.972898,1.46992,0
9286,11,11,7,110,1,11,0,110,1,0,0,0.16,0.0591147,0.973844,1.93612,0
9287,15,15,4,110,1,15,0,110,0,2,0,0.16,0.0398874,0.980516,1.28607,0
9288,26,26,20,109,1,26,0,110,1,0,0,0.16,0.0653988,0.969863,1.37238,0
9289,68,36,16,110,1,36,0,110,0,1,0,0.16,0,1,1.3835,0
9290,24,24,18,111,1,24,0,110,1,1,0,0.16,0.060967,0.975222,1.4945,0
9291,59,36,35,109,1,36,0,110,1,1,0,0.16,0,1,1.57431,0
9292,12,12,8,110,1,12,0,110,2,4,0,0.176802,0.0825056,0.967352,5.79414,1
9293,9,9,8,110,1,9,0,110,2,0,0,0.16,0.0563848,0.980097,1.36036,0
9294,64,36,36,110,1,36,0,110,0,1,0,0.16,0,1,1.33853,0
9295,21,21,5,110,1,21,0,110,0,1,0,0.16,0.0527728,0.974875,1.798,0
9296,76,36,10,110,1,36,0,110,0,1,0,0.16,0,1,1.76453,0
9297,19,19,7,109,1,19,0,110,1,2,0,0.16,0.0583583,0.968616,1.60716,0
9298,99,36,37,110,1,36,0,110,0,1,0,0.16,0,1,1.45007,0
9299,20,20,8,108,1,20,0,110,0,2,0,0.165916,0.0835349,0.964842,2.36034,1
9300,22,22,10,106,1,22,0,110,4,0,0,0.16,0.0740875,0.970209,1.28655,0
9301,9,9,7,109,1,9,0,110,3,6,0,0.16,0.0794217,0.965712,1.70234,0
9302,18,18,4,110,1,18,0,110,1,0,0,0.16,0.0613242,0.974457,1.67949,0
9303,66,36,24,109,1,36,0,110,2,1,0,0.16,0,1,2.00812,0
9304,10,10,4,110,1,10,0,110,1,6,0,0.190909,0.0736873,0.965801,4.09121,1
9305,15,15,4,107,1,15,0,110,3,0,0,0.16,0.075349,0.966949,1.60184,0
9306,20,20,14,110,1,20,0,110,0,1,0,0.16,0.0483722,0.977014,1.57487,0
9307,48,36,45,110,1,36,0,110,0,1,0,0.16,0,1,1.17342,0
9308,20,20,11,110,1,20,0,110,2,2,0,0.16,0.0673172,0.972263,2.04141,0
9309,70,36,36,109,1,36,0,110,3,1,0,0.16,0,1,1.825,0
9310,26,26,20,110,1,26,0,110,0,0,0,0.16,0.0464226,0.978312,1.34544,0
9311,30,30,5,110,1,30,0,110,0,1,0,0.16,0.0555519,0.973815,2.0005,0
9312,8,8,6,111,1,8,0,110,2,5,0,0.16,0.0616406,0.976127,1.50873,0
9313,13,13,6,109,1,13,0,110,2,0,0,0.16,0.0624561,0.97626,1.50617,0
9314,17,17,10,109,1,17,0,110,2,1,0,0.16,0.0516114,0.973515,3.39778,1
9315,13,13,9,107,1,13,0,110,3,1,0,0.16,0.0728955,0.964734,1.74693,0
9316,44,36,2,111,1,36,0,110,1,1,0,0.16,0,1,1.23649,0
9317,95,36,46,110,1,36,0,110,0,1,1,0.16,0,1,2.01939,0
9318,14,14,6,108,1,14,0,110,2,0,0,0.16,0.0635381,0.973472,1.72135,0
9319,26,26,6,111,1,26,0,110,3,2,0,0.16,0.0767761,0.96954,1.82576,0
9320,16,16,1,109,1,16,0,110,1,0,0,0.16,0.0551096,0.977568,1.4015,0
9321,33,33,7,111,1,33,0,110,2,1,0,0.16,0.0744931,0.97138,1.73594,0
9322,19,19,15,107,1,19,0,110,5,1,0,0.16,0.0781471,0.964607,1.42377,0
9323,22,22,2,110,1,22,0,110,0,0,0,0.16,0.0551712,0.974577,1.62261,0
9324,7,7,4,111,1,7,0,110,2,4,0,0.16,0.0642007,0.975282,1.39568,0
9325,5,5,1,111,1,5,0,110,1,4,0,0.16,0.0681496,0.973475,3.40651,1
9326,15,15,9,110,1,15,0,110,0,0,0,0.16,0.0534461,0.97448,1.59789,0
9327,50,36,7,110,1,36,0,110,0,1,0,0.16,0,1,1.47855,0
9328,16,16,3,110,1,16,0,110,1,4,0,0.16,0.0645292,0.970421,1.91403,0
9329,23,23,12,109,1,23,0,110,1,0,0,0.16,0.0458426,0.978439,1.83967,0
9330,29,29,24,110,1,29,0,110,0,0,0,0.16,0.049263,0.976811,1.5265,0
9331,18,18,15,107,1,18,0,110,3,0,0,0.16,0.0747699,0.967548,1.97423,0
9332,37,36,25,110,1,36,0,110,0,0,0,0.16,0.04559,0.977674,1.45972,0
9333,23,23,5,110,1,23,0,110,1,2,0,0.16,0.0612448,0.974897,1.89921,0
9334,9,9,3,109,1,9,0,110,4,10,0,0.16,0.09684,0.954059,4.71376,1
9335,73,36,50,110,1,36,0,110,0,1,0,0.16,0,1,1.77022,0
9336,20,20,17,109,1,20,0,110,1,0,0,0.16,0.0713736,0.968129,1.40954,0
9337,21,21,3,111,1,21,0,110,2,3,0,0.16,0.0594264,0.975529,1.21963,0
9338,35,35,32,109,1,35,0,110,1,0,0,0.16,0.0718261,0.967957,1.2918,0
9339,43,36,3,107,1,36,0,110,3,1,0,0.16,0,1,1.41811,0
9340,55,36,39,110,1,36,0,110,0,1,0,0.16,0,1,1.1952,0
9341,18,18,1,110,1,18,0,110,0,1,0,0.16,0.0527317,0.974713,1.63157,0
9342,48,36,33,110,1,36,0,110,4,1,0,0.16,0,1,1.34968,0
9343,73,36,69,110,1,36,0,110,0,1,0,0.16,0,1,1.68199,0
9344,31,31,17,109,1,31,0,110,1,0,0,0.16,0.0677615,0.968976,1.43125,0
9345,20,20,17,109,1,20,0,110,1,1,0,0.16,0.0643015,0.97429,1.05684,0
9346,53,36,26,110,1,36,0,110,0,1,0,0.16,0,1,1.65038,0
9347,12,12,3,110,1,12,0,110,2,5,0,0.209091,0.0809794,0.962076,4.51245,1
9348,18,18,13,110,1,18,0,110,0,2,0,0.16,0.0629417,0.969684,1.65258,0
9349,19,19,6,109,1,19,0,110,0,2,0,0.16,0.0548034,0.971258,2.13447,1
9350,8,8,7,109,1,8,0,110,1,2,0,0.16,0.0632457,0.969992,1.87786,0
9351,52,36,1,109,1,36,0,110,1,1,0,0.16,0,1,1.18394,0
9352,26,26,3,109,1,26,0,110,1,0,0,0.16,0.0505914,0.977589,1.15927,0
9353,17,17,16,110,1,17,0,110,1,2,0,0.16,0.0633555,0.972426,1.23238,0
9354,9,9,7,107,1,9,0,110,4,2,0,0.16,0.0652989,0.965596,5.51377,1
9355,52,36,32,110,1,36,0,110,0,1,0,0.16,0,1,1.32446,0
9356,16,16,0,109,1,16,0,110,1,0,0,0.16,0.0546094,0.97614,1.64601,0
9357,40,36,6,111,1,36,0,110,1,1,0,0.16,0,1,1.48856,0
9358,34,34,26,110,1,34,0,110,0,2,0,0.16,0.0585051,0.972102,1.77975,0
9359,22,22,11,110,1,22,0,110,0,0,0,0.16,0.054818,0.973754,0.91427,0
9360,40,36,5,110,1,36,0,110,0,1,0,0.16,0,1,2.26373,1
9361,15,15,10,110,1,15,0,110,1,1,0,0.16,0.0580546,0.973879,1.27351,0
9362,14,14,8,110,1,14,0,110,1,1,0,0.16,0.0642052,0.97363,1.84075,0
9363,13,13,3,109,1,13,0,110,3,1,0,0.16,0.0796359,0.967831,1.78175,0
9364,10,10,7,110,1,10,0,110,3,5,0,0.172727,0.0762572,0.966708,1.38821,0
9365,19,19,1,110,1,19,0,110,0,0,0,0.16,0.0561301,0.972945,1.37499,0
9366,59,36,43,110,1,36,0,110,0,1,0,0.16,0,1,1.81165,0
9367,29,29,3,110,1,29,0,110,1,0,0,0.16,0.0571991,0.976186,1.21853,0
9368,37,36,10,108,1,36,0,110,2,0,0,0.16,0.0753747,0.966642,1.40354,0
9369,9,9,7,109,1,9,0,110,2,1,0,0.16,0.0572792,0.972813,1.96101,0
9370,19,19,8,109,1,19,0,110,1,1,0,0.16,0.0681657,0.968858,1.35197,0
9371,18,18,13,109,1,18,0,110,1,0,0,0.16,0.0605776,0.972958,1.64618,0
9372,97,36,37,110,1,36,0,110,0,1,0,0.16,0,1,1.51649,0
9373,13,13,2,110,1,13,0,110,2,3,0,0.16,0.0662509,0.97369,1.85853,0
9374,38,36,12,110,1,36,0,110,2,2,0,0.16,0.0532459,0.974911,3.91094,1
9375,15,15,4,110,1,15,0,110,0,1,0,0.16,0.0525977,0.974181,1.41117,0
9376,6,6,5,112,1,6,0,110,2,9,0,0.169643,0.078869,0.966985,2.02188,0
9377,23,23,0,109,1,23,0,110,0,1,0,0.16,0.0634978,0.97288,2.17743,1
9378,63,36,51,110,1,36,0,110,0,1,0,0.16,0,1,1.39395,0
9379,14,14,13,111,1,14,0,110,3,5,0,0.16,0.0815809,0.969382,1.79686,0
9380,28,28,25,110,1,28,0,110,0,1,0,0.16,0.0431132,0.979054,1.60186,0
9381,59,36,39,110,1,36,0,110,2,1,0,0.16,0,1,1.64548,0
9382,34,34,0,110,1,34,0,110,0,1,0,0.16,0.0469357,0.977558,1.31797,0
9383,40,36,13,110,1,36,0,110,0,1,0,0.16,0,1,1.38477,0
9384,16,16,2,110,1,16,0,110,2,2,0,0.16,0.0757939,0.968722,1.41847,0
9385,20,20,18,110,1,20,0,110,0,0,0,0.16,0.0520067,0.974751,2.18991,1
9386,21,21,2,109,1,21,0,110,1,1,0,0.16,0.0652204,0.968776,1.67329,0
9387,15,15,12,109,1,15,0,110,2,1,0,0.16,0.0737719,0.969685,1.59308,0
9388,11,11,3,107,1,11,0,110,0,1,0,0.16,0.0577562,0.969735,3.25516,1
9389,11,11,7,108,1,11,0,110,4,2,0,0.16,0.0715383,0.966242,1.7108,0
9390,21,21,3,107,1,21,0,110,2,0,0,0.16,0.0770254,0.967755,4.47171,1
9391,39,36,21,110,1,36,0,110,2,2,0,0.16,0.0688614,0.968248,1.58755,0
9392,23,23,3,107,1,23,0,110,3,1,0,0.16,0.0662086,0.970355,1.43624,0
9393,24,24,7,110,1,24,0,110,0,0,0,0.16,0.0493613,0.976319,1.55727,0
9394,9,9,2,111,1,9,0,110,3,2,0,0.16,0.0685687,0.975291,1.58256,0
9395,35,35,26,111,1,35,0,110,1,1,0,0.16,0.0564747,0.974424,1.80742,0
9396,24,24,21,109,1,24,0,110,3,2,0,0.16,0.0643099,0.974201,1.67287,0
9397,16,16,5,109,1,16,0,110,1,0,0,0.16,0.0635036,0.971293,1.84291,0
9398,14,14,1,110,1,14,0,110,0,5,0,0.16,0.0629168,0.970077,1.87021,0
9399,18,18,11,111,1,18,0,110,1,2,0,0.16,0.0591441,0.975183,1.46039,0
9400,17,17,4,110,1,17,0,110,1,0,0,0.16,0.057864,0.974558,1.92573,0
9401,14,14,3,108,1,14,0,110,2,2,0,0.16,0.0671255,0.97051,1.75487,0
9402,31,31,26,108,1,31,0,110,2,1,0,0.16,0.0697468,0.969434,1.47378,0
9403,27,27,26,110,1,27,0,110,0,1,0,0.16,0.0477302,0.977273,1.24945,0
9404,5,5,3,110,1,5,0,110,1,4,0,0.16,0.0634889,0.970526,1.44708,0
9405,68,36,6,110,1,36,0,110,0,1,0,0.16,0,1,1.27917,0
9406,29,29,7,110,1,29,0,110,0,0,0,0.16,0.0489991,0.976967,1.6912,0
9407,15,15,6,108,1,15,0,110,2,0,0,0.16,0.0722915,0.964185,1.60305,0
9408,18,18,6,110,1,18,0,110,0,0,0,0.16,0.0538604,0.974961,1.54595,0
9409,6,6,5,110,1,6,0,110,2,5,0,0.16,0.0529075,0.976182,4.59362,1
9410,30,30,26,109,1,30,0,110,1,0,0,0.16,0.0637706,0.972662,1.51979,0
9411,47,36,9,111,1,36,0,110,1,1,0,0.16,0,1,1.51087,0
9412,13,13,6,111,1,13,0,110,2,2,0,0.177606,0.0715101,0.964613,4.50743,1
9413,4,4,2,109,1,4,0,110,3,6,0,1,0.0619266,0.966256,4.64978,1
9414,11,11,4,108,1,11,0,110,1,1,0,0.16,0.0634538,0.970012,3.89957,1
9415,23,23,9,107,1,23,0,110,2,0,0,0.16,0.0640901,0.969951,4.39281,1
9416,14,14,9,110,1,14,0,110,0,2,0,0.16,0.0472866,0.97654,1.6988,0
9417,6,6,3,109,1,6,0,110,5,7,0,0.192875,0.0850878,0.965326,1.84566,0
9418,21,20,10,109,1,20,0,110,3,3,1,0.16,0.0757794,0.973838,1.39831,0
9419,16,16,13,110,1,16,0,110,2,1,0,0.16,0.0615507,0.977204,1.74034,0
9420,21,21,18,108,1,21,0,110,2,0,0,0.16,0.0719764,0.969583,1.7982,0
9421,19,19,12,109,1,19,0,110,1,0,0,0.16,0.0599606,0.971018,1.60587,0
9422,88,36,9,110,1,36,0,110,2,1,0,0.16,0,1,2.05129,0
9423,9,9,0,108,1,9,0,110,4,4,0,0.16,0.0909682,0.96438,1.39005,0
9424,49,36,37,109,1,36,0,110,1,1,0,0.16,0,1,1.87881,0
9425,15,15,2,110,1,15,0,110,2,1,0,0.16,0.0584683,0.979006,1.7288,0
9426,6,6,1,111,1,6,0,110,1,3,0,0.189189,0.0585586,0.972661,1.73223,0
9427,18,18,0,109,1,18,0,110,2,1,0,0.16,0.0747927,0.968392,1.60258,0
9428,13,13,12,108,1,13,0,110,4,3,0,0.16,0.0811534,0.965055,1.47655,0
9429,65,36,11,108,1,36,0,110,2,1,1,0.16,0,1,1.33607,0
9430,18,18,11,107,1,18,0,110,3,0,0,0.16,0.062103,0.969614,1.68797,0
9431,66,36,22,110,1,36,0,110,0,1,0,0.16,0,1,1.65091,0
9432,26,26,18,112,1,26,0,110,0,6,0,0.16,0.0781679,0.968272,2.19206,1
9433,13,13,2,110,1,13,0,110,0,0,0,0.16,0.0409444,0.980649,1.39441,0
9434,16,16,14,110,1,16,0,110,2,1,0,0.163636,0.0721821,0.970422,1.54745,0
9435,77,36,72,110,1,36,0,110,0,1,0,0.16,0,1,1.38474,0
9436,18,18,7,110,1,18,0,110,0,1,0,0.16,0.0512714,0.975212,1.68215,0
9437,4,4,2,111,1,4,0,110,2,1,0,1,0.0515626,0.97917,1.85261,0
9438,31,31,12,109,1,31,0,110,3,0,0,0.165138,0.0805769,0.969862,1.5944,0
9439,5,5,4,109,1,5,0,110,4,9,0,0.229358,0.109312,0.946538,4.63818,1
9440,13,13,4,111,1,13,0,110,2,1,0,0.16,0.0688988,0.973924,1.84136,0
9441,10,10,8,110,1,10,0,110,3,5,0,0.16,0.06681,0.970329,1.42815,0
9442,14,14,0,110,1,14,0,110,0,0,0,0.16,0.0378361,0.982676,1.77865,0
9443,22,22,2,110,1,22,0,110,0,0,0,0.16,0.0488079,0.976633,1.66905,0
9444,31,31,28,108,1,31,0,110,3,2,0,0.16,0.0757262,0.970328,1.52148,0
9445,13,13,5,110,1,13,0,110,0,2,0,0.16,0.0598608,0.971254,0.938366,0
9446,3,3,0,110,1,3,0,110,9,10,0,1,0.0770122,0.965953,4.43548,1
9447,85,36,67,110,1,36,0,110,0,1,0,0.16,0,1,2.146,1
9448,29,29,26,111,1,29,0,110,5,3,0,0.16,0.0998357,0.96403,1.58646,0
9449,22,22,2,110,1,22,0,110,0,0,0,0.16,0.0610828,0.971493,1.48192,0
9450,18,18,7,111,1,18,0,110,1,1,0,0.16,0.0632872,0.972447,1.44554,0
9451,35,35,27,110,1,35,0,110,0,0,0,0.16,0.0487886,0.977036,1.77629,0
9452,12,12,6,111,1,12,0,110,1,2,0,0.16,0.0508576,0.979223,1.5313,0
9453,42,36,9,110,1,36,0,110,2,1,0,0.16,0,1,1.66679,0
9454,13,13,5,109,1,13,0,110,3,3,0,0.16,0.0733496,0.967837,1.29922,0
9455,43,36,38,110,1,36,0,110,0,1,0,0.16,0,1,1.6878,0
9456,12,12,3,108,1,12,0,110,2,0,0,0.195719,0.0792975,0.966365,1.74202,0
9457,54,36,1,110,1,36,0,110,0,1,0,0.16,0,1,1.04544,0
9458,21,21,16,108,1,21,0,110,2,0,0,0.16,0.0708317,0.967831,1.75822,0
9459,10,10,9,110,1,10,0,110,1,3,0,0.163636,0.0613078,0.971685,1.65072,0
9460,8,8,4,111,1,8,0,110,1,3,0,0.16,0.0536748,0.974445,1.78416,0
9461,39,36,0,110,1,36,0,110,0,0,0,0.16,0.0569599,0.97202,1.57309,0
9462,42,36,22,111,1,36,0,110,0,1,0,0.16,0,1,2.27299,1
9463,18,18,8,110,1,18,0,110,1,1,0,0.16,0.0645104,0.972451,1.82554,0
9464,65,36,36,109,1,36,0,110,1,1,0,0.16,0,1,1.25738,0
9465,21,20,7,109,1,20,0,110,4,1,1,0.16,0.0838891,0.972237,1.4215,0
9466,28,28,23,111,1,28,0,110,1,6,0,0.16,0.073174,0.969473,1.31616,0
9467,12,12,4,110,1,12,0,110,0,2,0,0.16,0.0520833,0.974893,1.6329,0
9468,38,36,4,110,1,36,0,110,0,0,0,0.16,0.0491129,0.976919,1.5501,0
9469,40,36,31,109,1,36,0,110,1,1,0,0.16,0,1,1.44848,0
9470,15,15,11,108,1,15,0,110,3,1,0,0.16,0.0727879,0.971245,1.75846,0
9471,26,26,25,110,1,26,0,110,0,1,0,0.16,0.0596732,0.971699,1.88715,0
9472,74,36,45,110,1,36,0,110,0,1,0,0.16,0,1,1.40182,0
9473,18,18,9,108,1,18,0,110,2,0,0,0.16715,0.0647271,0.972968,1.93764,0
9474,19,19,4,108,1,19,0,110,2,1,0,0.16,0.076668,0.963475,1.11585,0
9475,32,32,23,108,1,32,0,110,2,2,0,0.16,0.0728632,0.962324,3.51676,1
9476,13,13,6,110,1,13,0,110,2,4,0,0.181818,0.0908398,0.965337,3.343,1
9477,47,36,21,110,1,36,0,110,0,1,0,0.16,0,1,2.58575,1
9478,16,16,10,110,1,16,0,110,0,0,0,0.16,0.0474253,0.977773,1.74199,0
9479,29,29,1,111,1,29,0,110,1,3,0,0.16,0.0603933,0.972998,1.87653,0
9480,11,11,8,111,1,11,0,110,1,1,0,0.16,0.0556051,0.977337,1.41387,0
9481,13,13,5,108,1,13,0,110,3,1,0,0.16,0.0840055,0.96824,1.07372,0
9482,47,36,26,108,1,36,0,110,4,1,0,0.16,0,1,1.55383,0
9483,51,36,16,109,1,36,0,110,1,1,0,0.16,0,1,1.98596,0
9484,16,16,10,110,1,16,0,110,3,2,0,0.16,0.0689996,0.971552,1.52268,0
9485,19,19,4,110,1,19,0,110,0,1,0,0.16,0.0509575,0.975804,2.27684,1
9486,9,9,0,110,1,9,0,110,1,2,0,0.191501,0.0866548,0.962001,1.69254,0
9487,39,36,24,110,1,36,0,110,0,1,0,0.16,0.0488019,0.977422,1.43542,0
9488,13,13,10,110,1,13,0,110,0,0,0,0.16,0.0485374,0.97682,1.51321,0
9489,22,22,4,109,1,22,0,110,1,0,0,0.16,0.0608121,0.974553,1.40569,0
9490,7,7,0,112,1,7,0,110,0,7,0,0.178571,0.0827727,0.965979,2.32432,1
9491,43,36,21,109,1,36,0,110,1,1,0,0.16,0,1,0.965611,0
9492,30,30,10,112,1,30,0,110,2,3,0,0.16,0.0653476,0.975759,1.64906,0
9493,13,13,11,107,1,13,0,110,4,2,0,0.16,0.087497,0.967949,1.38922,0
9494,8,8,7,108,1,8,0,110,3,0,0,0.181536,0.0905355,0.962807,2.01326,0
9495,26,26,17,110,1,26,0,110,0,0,0,0.16,0.0459841,0.978835,1.39891,0
9496,62,36,59,110,1,36,0,110,2,1,0,0.16,0,1,1.88735,0
9497,55,36,8,110,1,36,0,110,0,1,0,0.16,0,1,1.59407,0
9498,56,36,10,110,1,36,0,110,0,1,0,0.16,0,1,1.83741,0
9499,12,12,11,109,1,12,0,110,2,1,0,0.16,0.0678247,0.973519,1.76705,0
9500,27,27,16,110,1,27,0,110,1,2,0,0.16,0.0595821,0.97124,4.12924,1
9501,45,36,11,110,1,36,0,110,0,1,0,0.16,0,1,1.70462,0
9502,24,24,17,108,1,24,0,110,2,0,0,0.16,0.0653488,0.9707,1.48259,0
9503,17,17,8,110,1,17,0,110,0,5,0,0.16,0.0625379,0.96897,2.12865,0
9504,27,27,1,110,1,27,0,110,0,0,0,0.16,0.0522125,0.974928,1.29875,0
9505,23,23,3,108,1,23,0,110,2,1,0,0.16,0.0651376,0.970028,1.60806,0
9506,12,12,9,111,1,12,0,110,2,2,0,0.16,0.06978,0.973247,1.85672,0
9507,31,31,5,111,1,31,0,110,1,1,0,0.16,0.0551867,0.97662,1.74863,0
9508,17,17,1,108,1,17,0,110,2,1,0,0.16,0.0738016,0.968394,1.37752,0
9509,14,14,9,110,1,14,0,110,0,4,0,0.16,0.0668363,0.967814,1.63389,0
9510,37,36,36,109,1,36,0,110,1,0,0,0.16,0.0607206,0.972396,1.44418,0
9511,27,27,21,107,1,27,0,110,3,0,0,0.16,0.0696725,0.973539,1.39347,0
9512,14,14,0,110,1,14,0,110,1,2,0,0.179426,0.0699804,0.969751,3.88598,1
9513,38,36,14,110,1,36,0,110,0,0,0,0.16,0.0516802,0.975664,1.54301,0
9514,98,36,67,111,1,36,0,110,1,1,0,0.16,0,1,1.6085,0
9515,8,8,2,113,1,8,0,110,3,5,0,0.221239,0.0982974,0.962233,1.73651,0
9516,14,14,9,110,1,14,0,110,2,3,0,0.16,0.0732313,0.968458,1.54307,0
9517,65,36,21,110,1,36,0,110,0,1,0,0.16,0,1,1.94277,0
9518,23,23,16,109,1,23,0,110,1,0,0,0.16,0.068827,0.968712,1.44732,0
9519,13,13,2,110,1,13,0,110,0,4,0,0.16,0.0716974,0.966732,1.51764,0
9520,46,36,2,110,1,36,0,110,0,1,0,0.16,0,1,1.2926,0
9521,16,16,4,110,1,16,0,110,0,0,0,0.16,0.0496585,0.976358,1.35122,0
9522,26,26,10,109,1,26,0,110,1,0,0,0.16,0.0629311,0.969861,1.33761,0
9523,39,36,10,110,1,36,0,110,0,0,0,0.16,0.053285,0.97516,1.46253,0
9524,61,36,6,110,1,36,0,110,0,1,0,0.16,0,1,1.487,0
9525,48,36,36,110,1,36,0,110,0,1,0,0.16,0,1,1.80138,0
9526,9,9,5,114,1,9,0,110,4,7,0,0.16,0.0935673,0.960899,1.83465,0
9527,33,33,28,110,1,33,0,110,0,0,0,0.16,0.0607695,0.971119,1.2934,0
9528,12,12,10,111,1,12,0,110,1,2,0,0.16,0.0589035,0.974738,1.68075,0
9529,14,14,5,109,1,14,0,110,1,1,0,0.16,0.0491863,0.977302,1.80029,0
9530,9,9,0,111,1,9,0,110,2,3,0,0.16,0.0667189,0.972302,3.27744,1
9531,23,23,4,110,1,23,0,110,0,2,0,0.16,0.0698983,0.966437,1.95168,0
9532,71,36,57,109,1,36,0,110,1,1,0,0.16,0,1,1.56207,0
9533,28,27,10,106,1,27,0,110,4,1,1,0.16,0.0804463,0.975554,1.50384,0
9534,16,16,2,109,1,16,0,110,1,0,0,0.160835,0.0671764,0.969864,1.44968,0
9535,28,28,20,110,1,28,0,110,2,2,0,0.160559,0.0824894,0.961602,1.05476,0
9536,9,9,5,110,1,9,0,110,0,3,0,0.16,0.0550091,0.974062,1.70614,0
9537,6,6,1,109,1,6,0,110,2,9,0,0.21618,0.0966042,0.957721,4.39446,1
9538,89,36,35,110,1,36,0,110,0,1,0,0.16,0,1,1.4375,0
9539,35,35,21,110,1,35,0,110,0,0,0,0.16,0.0542088,0.973806,1.2131,0
9540,47,36,14,110,1,36,0,110,0,1,0,0.16,0,1,1.27651,0
9541,15,15,8,110,1,15,0,110,0,0,0,0.16,0.0468654,0.979004,2.10828,0
9542,35,35,11,109,1,35,0,110,1,1,0,0.16,0.0563574,0.97474,1.3546,0
9543,15,15,9,107,1,15,0,110,0,1,0,0.16,0.0638992,0.970047,2.41604,1
9544,25,25,15,109,1,25,0,110,1,1,0,0.16,0.0576868,0.970666,1.79803,0
9545,30,30,18,109,1,30,0,110,1,2,0,0.16,0.0641765,0.970379,1.8443,0
9546,47,36,1,110,1,36,0,110,0,1,0,0.16,0,1,1.58978,0
9547,21,21,16,111,1,21,0,110,3,3,0,0.16,0.0802951,0.96784,1.80272,0
9548,6,6,4,110,1,6,0,110,4,6,0,0.174365,0.0751426,0.967892,2.07279,0
9549,19,19,2,110,1,19,0,110,0,0,0,0.16,0.041934,0.980091,1.62599,0
9550,16,16,5,110,1,16,0,110,1,1,0,0.16,0.0509367,0.978623,1.37858,0
9551,18,18,11,109,1,18,0,110,2,1,0,0.187074,0.0846217,0.964079,1.33416,0
9552,17,17,8,109,1,17,0,110,2,0,0,0.16,0.0844001,0.964924,1.99803,0
9553,52,36,45,110,1,36,0,110,0,1,0,0.16,0,1,1.4449,0
9554,25,25,1,109,1,25,0,110,1,1,0,0.16,0.0716713,0.962994,3.02177,1
9555,9,9,1,109,1,9,0,110,0,3,0,0.16,0.0895087,0.968755,2.18285,1
9556,14,14,1,109,1,14,0,110,2,2,0,0.16,0.0658633,0.975348,1.58583,0
9557,78,36,9,109,1,36,0,110,1,1,0,0.16,0,1,1.35607,0
9558,13,13,7,110,1,13,0,110,2,3,0,0.16,0.0604028,0.973342,1.26383,0
9559,17,17,6,109,1,17,0,110,1,3,0,0.16,0.0583824,0.974057,1.56071,0
9560,36,36,3,110,1,36,0,110,0,2,0,0.16,0.0626023,0.970132,1.64846,0
9561,28,28,13,110,1,28,0,110,0,0,0,0.16,0.0499714,0.976794,1.72776,0
9562,30,30,4,109,1,30,0,110,1,1,0,0.16,0.0633047,0.970837,1.27913,0
9563,44,36,42,106,1,36,0,110,0,1,0,0.16,0,1,2.32235,1
9564,15,15,9,111,1,15,0,110,2,1,0,0.16,0.0768349,0.967234,1.51272,0
9565,16,16,5,107,1,16,0,110,3,1,0,0.16,0.0703552,0.973668,2.06364,0
9566,14,14,7,113,1,14,0,110,3,7,0,0.16,0.0776831,0.970549,1.87037,0
9567,22,22,8,111,1,22,0,110,2,3,0,0.16,0.0755274,0.968896,1.52294,0
9568,16,16,10,110,1,16,0,110,0,0,0,0.16,0.0435167,0.980034,1.81016,0
9569,35,35,22,110,1,35,0,110,0,0,0,0.16,0.0465467,0.978845,1.24761,0
9570,25,25,12,110,1,25,0,110,2,4,0,0.16,0.0804963,0.964235,1.32173,0
9571,9,9,1,109,1,9,0,110,1,3,0,0.16,0.071868,0.967748,1.57451,0
9572,19,19,14,109,1,19,0,110,1,0,0,0.16,0.0567525,0.973896,1.8771,0
9573,23,23,7,110,1,23,0,110,0,1,0,0.16,0.0551069,0.974305,1.18126,0
9574,27,27,20,111,1,27,0,110,1,1,0,0.16,0.0674661,0.971331,1.42965,0
9575,23,23,8,109,1,23,0,110,1,0,0,0.16,0.0575245,0.972284,1.65316,0
9576,18,18,1,109,1,18,0,110,1,0,0,0.16,0.0614721,0.973974,1.4536,0
9577,15,15,5,110,1,15,0,110,0,1,0,0.16,0.0441176,0.978402,1.8195,0
9578,17,17,3,110,1,17,0,110,1,0,0,0.16,0.0508935,0.978014,1.29025,0
9579,11,11,2,109,1,11,0,110,1,1,0,0.16,0.051047,0.975681,1.27343,0
9580,31,31,10,110,1,31,0,110,0,0,0,0.16,0.0531646,0.974656,1.2525,0
9581,31,31,20,110,1,31,0,110,2,1,0,0.16,0.0673855,0.970717,1.84385,0
9582,6,6,4,109,1,6,0,110,1,0,0,0.16,0.0459504,0.982805,1.74021,0
9583,19,19,4,110,1,19,0,110,2,1,0,0.16,0.060454,0.971516,1.4984,0
9584,49,36,37,110,1,36,0,110,0,1,0,0.16,0,1,1.55355,0
9585,18,18,6,110,1,18,0,110,0,0,0,0.16,0.047833,0.976725,1.42836,0
9586,16,16,8,108,1,16,0,110,2,1,0,0.16,0.0707533,0.971604,1.42578,0
9587,11,11,4,111,1,11,0,110,2,6,0,0.16,0.0856762,0.963482,5.28437,1
9588,38,36,10,110,1,36,0,110,0,1,0,0.16,0.0524251,0.974783,1.53173,0
9589,14,13,3,109,1,13,0,110,1,2,1,0.16,0.0683395,0.970641,1.56245,0
9590,72,36,14,109,1,36,0,110,1,1,0,0.16,0,1,1.20798,0
9591,18,18,11,111,1,18,0,110,1,3,0,0.16,0.0638917,0.970456,1.68094,0
9592,28,28,20,109,1,28,0,110,1,1,0,0.16,0.0575323,0.971037,1.54959,0
9593,16,16,4,108,1,16,0,110,2,1,0,0.16,0.0724189,0.969878,1.43316,0
9594,45,36,23,110,1,36,0,110,2,1,0,0.16,0,1,1.408,0
9595,28,28,12,109,1,28,0,110,1,0,0,0.16,0.0563285,0.972014,1.83807,0
9596,19,19,11,110,1,19,0,110,0,0,0,0.16,0.0556617,0.972944,1.30034,0
9597,21,21,16,109,1,21,0,110,1,1,0,0.16,0.0620001,0.971604,1.55573,0
9598,21,21,3,114,1,21,0,110,4,5,0,0.166667,0.0839599,0.969719,1.55802,0
9599,9,9,1,110,1,9,0,110,1,3,0,0.16737,0.0644481,0.968038,4.27912,1
9600,10,10,1,107,1,10,0,110,4,0,0,0.16,0.073012,0.97229,1.74279,0
9601,30,30,17,110,1,30,0,110,0,2,0,0.16,0.0578674,0.972457,1.50629,0
9602,30,30,27,109,1,30,0,110,1,2,0,0.16,0.0670732,0.969464,1.35277,0
9603,24,24,4,109,1,24,0,110,1,0,0,0.16,0.060312,0.974388,1.32552,0
9604,12,12,3,108,1,12,0,110,2,2,0,0.16,0.0637124,0.972513,1.60172,0
9605,10,10,0,111,1,10,0,110,3,2,0,0.16,0.0644741,0.971033,1.37113,0
9606,23,23,19,112,1,23,0,110,2,3,0,0.16,0.0709344,0.973215,1.57473,0
9607,77,36,36,110,1,36,0,110,0,1,1,0.16,0,1,1.28356,0
9608,19,19,16,110,1,19,0,110,1,0,0,0.16,0.0595869,0.974374,1.66851,0
9609,58,36,31,110,1,36,0,110,0,1,0,0.16,0,1,1.27234,0
9610,43,36,14,108,1,36,0,110,2,1,0,0.16,0,1,1.46878,0
9611,20,20,17,110,1,20,0,110,2,1,0,0.16,0.0519954,0.975658,1.30444,0
9612,15,15,5,109,1,15,0,110,1,0,0,0.163595,0.0538974,0.976077,1.49289,0
9613,2,2,1,111,1,2,0,110,3,8,0,1,0.0405405,0.978525,5.44575,1
9614,9,9,6,109,1,9,0,110,3,4,0,0.16,0.0696306,0.971293,1.92367,0
9615,23,23,12,110,1,23,0,110,0,0,0,0.16,0.0509674,0.975486,1.42846,0
9616,36,36,8,110,1,36,0,110,0,0,0,0.16,0.0578496,0.973653,1.74255,0
9617,10,10,0,108,1,10,0,110,2,1,0,0.16,0.0603156,0.975764,1.13388,0
9618,22,22,17,110,1,22,0,110,2,1,0,0.16,0.0764665,0.97067,1.63525,0
9619,8,8,3,109,1,8,0,110,2,3,0,0.183486,0.0636925,0.972276,4.66149,1
9620,1,1,0,108,1,1,0,110,4,0,0,1,0,0,4.55997,1
9621,22,22,9,110,1,22,0,110,0,1,0,0.16,0.0613122,0.971491,1.3413,0
9622,23,23,5,110,1,23,0,110,0,0,0,0.16,0.058928,0.972336,1.57693,0
9623,67,36,21,110,1,36,0,110,0,1,1,0.16,0,1,1.66172,0
9624,68,36,59,108,1,36,0,110,2,1,0,0.16,0,1,1.36246,0
9625,41,36,16,109,1,36,0,110,1,1,0,0.16,0,1,1.77856,0
9626,47,36,40,108,1,36,0,110,2,1,0,0.16,0,1,2.09763,0
9627,26,26,14,110,1,26,0,110,0,0,0,0.16,0.053267,0.974658,1.54751,0
9628,20,20,7,109,1,20,0,110,1,2,0,0.16,0.0569074,0.970411,1.96482,0
9629,8,8,0,107,1,8,0,110,4,3,0,0.16,0.0718505,0.966535,1.85724,0
9630,8,8,7,109,1,8,0,110,0,1,0,0.165138,0.0444658,0.977978,2.25819,1
9631,9,9,4,109,1,9,0,110,0,0,0,0.16,0.0586071,0.97028,4.14859,1
9632,12,12,11,109,1,12,0,110,1,1,0,0.16,0.0490465,0.979227,1.4723,0
9633,18,18,12,112,1,18,0,110,2,3,0,0.16,0.0674366,0.975401,1.49716,0
9634,38,36,19,109,1,36,0,110,1,0,0,0.16,0.056015,0.974046,1.52902,0
9635,69,36,68,110,1,36,0,110,0,1,0,0.16,0,1,1.74032,0
9636,22,22,6,110,1,22,0,110,2,1,0,0.16,0.0760359,0.968205,1.79746,0
9637,23,23,1,111,1,23,0,110,2,3,0,0.16,0.0767724,0.970443,1.48396,0
9638,15,15,3,109,1,15,0,110,1,0,0,0.16,0.0572584,0.975765,1.42788,0
9639,5,5,1,110,1,5,0,110,3,3,0,0.190909,0.0776146,0.967808,1.91204,0
9640,38,36,9,110,1,36,0,110,2,2,0,0.16,0.0607924,0.972017,2.04988,0
9641,51,36,49,110,1,36,0,110,0,1,0,0.16,0,1,1.12435,0
9642,19,19,11,111,1,19,0,110,1,3,0,0.16,0.063961,0.971538,1.60868,0
9643,18,18,4,110,1,18,0,110,0,0,0,0.16,0.0500006,0.976723,1.41141,0
9644,45,36,30,109,1,36,0,110,1,1,0,0.16,0,1,1.43473,0
9645,26,26,13,109,1,26,0,110,2,1,0,0.16,0.0670674,0.968105,1.42093,0
9646,21,21,3,110,1,21,0,110,0,0,0,0.16,0.0512271,0.975737,1.17396,0
9647,8,8,0,109,1,8,0,110,1,2,0,0.16,0.0625846,0.97284,1.48597,0
9648,20,20,3,108,1,20,0,110,3,1,0,0.161111,0.0841009,0.962768,1.68815,0
9649,2,2,1,109,1,2,0,110,8,8,0,1,0.0663717,0.969026,4.7712,1
9650,35,35,28,110,1,35,0,110,0,0,0,0.16,0.0586243,0.971477,1.57996,0
9651,24,24,12,110,1,24,0,110,0,0,0,0.16,0.0532673,0.975187,1.5737,0
9652,31,31,21,110,1,31,0,110,2,3,0,0.16,0.0725515,0.969696,1.36005,0
9653,13,13,1,110,1,13,0,110,0,1,0,0.16,0.03906,0.980304,1.56641,0
9654,11,11,4,111,1,11,0,110,3,2,0,0.182813,0.090697,0.96266,1.57142,0
9655,5,5,2,109,1,5,0,110,2,5,0,0.168113,0.0760724,0.967517,4.78497,1
9656,17,17,4,110,1,17,0,110,2,3,0,0.16,0.0680966,0.974291,1.22686,0
9657,8,8,0,106,1,8,0,110,1,0,0,0.16,0.0367503,0.980885,4.36868,1
9658,43,36,27,110,1,36,0,110,0,1,0,0.16,0,1,1.39389,0
9659,9,9,7,111,1,9,0,110,4,4,0,0.16,0.0789373,0.967324,1.56598,0
9660,19,19,3,110,1,19,0,110,0,0,0,0.16,0.0527701,0.975089,1.39567,0
9661,11,11,8,107,1,11,0,110,1,1,0,0.16,0.0841066,0.962131,4.93644,1
9662,17,17,7,110,1,17,0,110,2,2,0,0.169643,0.0823551,0.962842,1.4118,0
9663,9,9,4,108,1,9,0,110,1,7,0,0.183486,0.111095,0.955166,5.24895,1
9664,14,14,4,110,1,14,0,110,0,3,0,0.16,0.0505909,0.9746,1.51676,0
9665,6,6,4,110,1,6,0,110,0,4,0,0.172727,0.0530303,0.973927,2.01919,0
9666,23,23,22,110,1,23,0,110,0,0,0,0.16,0.0411286,0.980207,1.58497,0
9667,6,6,4,109,1,6,0,110,2,12,0,0.238532,0.127791,0.949358,4.88719,1
9668,5,5,4,109,1,5,0,110,2,6,0,0.16,0.0892286,0.959304,4.87961,1
9669,13,13,5,110,1,13,0,110,1,1,0,0.16,0.0534599,0.976125,1.73599,0
9670,24,24,20,107,1,24,0,110,3,3,0,0.16,0.0802601,0.964227,1.47466,0
9671,12,12,9,109,1,12,0,110,1,0,0,0.16,0.063279,0.970477,2.05818,0
9672,24,24,14,108,1,24,0,110,2,0,0,0.16,0.0638548,0.973385,1.63852,0
9673,5,5,2,106,1,5,0,110,4,0,0,0.16,0.0711137,0.969423,1.62771,0
9674,5,5,1,109,1,5,0,110,3,4,0,0.16,0.0944028,0.96843,3.98568,1
9675,13,13,10,110,1,13,0,110,3,3,0,0.16,0.0818182,0.964296,1.58171,0
9676,12,12,6,111,1,12,0,110,3,2,0,0.16,0.0674201,0.973621,1.72013,0
9677,15,15,5,109,1,15,0,110,2,2,0,0.16,0.0734329,0.967247,4.35335,1
9678,8,8,4,110,1,8,0,110,2,1,0,0.16,0.0584433,0.974784,1.54953,0
9679,11,11,0,110,1,11,0,110,3,4,0,0.16,0.0796805,0.963978,2.08485,0
9680,10,10,6,110,1,10,0,110,3,4,0,0.174675,0.0914739,0.967156,1.41472,0
9681,14,14,6,110,1,14,0,110,0,0,0,0.16,0.0506157,0.976211,1.64999,0
9682,12,12,7,110,1,12,0,110,0,0,0,0.16,0.0531239,0.975265,1.32699,0
9683,10,10,6,109,1,10,0,110,1,1,0,0.16,0.0552325,0.976443,1.7271,0
9684,23,23,10,109,1,23,0,110,1,1,0,0.16,0.0645781,0.971093,1.59674,0
9685,26,26,10,109,1,26,0,110,1,0,0,0.16,0.055604,0.975657,1.347,0
9686,13,13,10,111,1,13,0,110,2,4,0,0.16,0.0747698,0.970821,1.62825,0
9687,19,19,8,110,1,19,0,110,0,0,0,0.16,0.0488921,0.976994,1.7455,0
9688,2,2,0,109,1,2,0,110,4,7,0,1,0.0504587,0.973584,4.31014,1
9689,50,36,21,110,1,36,0,110,0,1,0,0.16,0,1,1.48207,0
9690,24,23,6,109,1,23,0,110,4,1,1,0.16,0.0867238,0.967321,1.50041,0
9691,39,36,23,110,1,36,0,110,0,0,0,0.16,0.0576941,0.972647,1.3663,0
9692,3,3,0,110,1,3,0,110,4,16,0,1,0.0814087,0.965969,5.05162,1
9693,19,19,6,111,1,19,0,110,2,1,0,0.16,0.0656685,0.973896,1.55208,0
9694,23,23,0,108,1,23,0,110,2,0,0,0.16,0.0738269,0.968623,1.892,0
9695,37,36,17,109,1,36,0,110,1,0,0,0.16,0.062145,0.969734,1.5026,0
9696,13,13,0,110,1,13,0,110,2,3,0,0.16,0.0793134,0.963249,3.9302,1
9697,39,36,16,112,1,36,0,110,2,3,0,0.16,0.0674011,0.973997,1.34302,0
9698,4,4,0,111,1,4,0,110,3,4,0,1,0.0675676,0.971331,2.11251,0
9699,12,12,6,111,1,12,0,110,1,2,0,0.16,0.0633874,0.972498,1.85058,0
9700,43,36,5,110,1,36,0,110,1,1,0,0.16,0,1,1.53636,0
9701,20,20,16,110,1,20,0,110,0,1,0,0.16,0.0542347,0.973846,1.8091,0
9702,12,12,11,111,1,12,0,110,1,2,0,0.16,0.0576882,0.97474,1.89433,0
9703,24,24,22,111,1,24,0,110,2,3,0,0.16,0.0752481,0.969432,1.62339,0
9704,8,8,5,110,1,8,0,110,2,2,0,0.16,0.0567363,0.971961,4.39556,1
9705,16,16,5,111,1,16,0,110,1,1,0,0.16,0.060424,0.975728,1.65615,0
9706,16,16,9,108,1,16,0,110,2,2,0,0.16,0.0708744,0.969303,2.03507,0
9707,5,5,3,107,1,5,0,110,1,2,0,0.16,0.0908479,0.955776,3.95838,1
9708,22,22,12,108,1,22,0,110,2,1,0,0.189408,0.082745,0.965732,4.41034,1
9709,12,12,1,111,1,12,0,110,3,3,0,0.16,0.0846941,0.968392,1.90035,0
9710,42,36,2,110,1,36,0,110,0,1,0,0.16,0,1,1.69615,0
9711,6,6,0,109,1,6,0,110,1,2,0,0.16,0.0345833,0.987375,1.81642,0
9712,5,5,3,109,1,5,0,110,1,0,0,0.16,0.0449859,0.977552,1.69007,0
9713,28,28,6,111,1,28,0,110,1,1,0,0.16,0.0643412,0.973477,1.22213,0
9714,1,1,0,111,1,1,0,110,0,0,0,1,0,0,5.16331,1
9715,11,11,7,110,1,11,0,110,0,0,0,0.16,0.0491793,0.9759,1.43549,0
9716,17,17,9,110,1,17,0,110,1,0,0,0.16,0.0610812,0.97296,1.49577,0
9717,12,12,6,108,1,12,0,110,2,3,0,0.16,0.0669747,0.972901,1.7201,0
9718,17,17,2,111,1,17,0,110,1,2,0,0.16,0.0581429,0.975045,1.49777,0
9719,34,34,11,109,1,34,0,110,1,2,0,0.16,0.0681194,0.966475,1.41241,0
9720,13,13,4,110,1,13,0,110,1,0,0,0.16,0.0598989,0.974732,1.38918,0
9721,12,12,3,108,1,12,0,110,3,4,0,0.16,0.0651697,0.971361,1.42707,0
9722,9,9,8,108,1,9,0,110,2,3,0,0.16,0.0607895,0.971033,1.85699,0
9723,8,8,2,109,1,8,0,110,1,3,0,0.200501,0.103965,0.955157,1.83316,0
9724,25,25,0,110,1,25,0,110,0,0,0,0.16,0.0472033,0.978169,2.00652,0
9725,60,36,21,110,1,36,0,110,0,1,0,0.16,0,1,1.7337,0
9726,8,8,3,109,1,8,0,110,1,1,0,0.16,0.0592386,0.973415,1.75327,0
9727,13,13,4,108,1,13,0,110,3,3,0,0.16,0.0717166,0.966473,1.90822,0
9728,17,17,10,109,1,17,0,110,1,2,0,0.166639,0.0740941,0.96385,2.08538,0
9729,15,15,14,108,1,15,0,110,2,1,0,0.16,0.0641441,0.970943,1.80549,0
9730,11,11,5,109,1,11,0,110,1,0,0,0.16,0.0414083,0.979415,1.50562,0
9731,21,21,20,110,1,21,0,110,0,0,0,0.16,0.0630262,0.969918,1.81204,0
9732,15,15,12,108,1,15,0,110,2,2,0,0.16,0.0711299,0.969407,1.71702,0
9733,29,29,8,110,1,29,0,110,0,1,0,0.16,0.0607204,0.97135,1.93147,0
9734,31,31,8,110,1,31,0,110,0,1,0,0.16,0.0522444,0.974804,1.35472,0
9735,9,9,7,107,1,9,0,110,4,2,0,0.18882,0.089642,0.963016,1.7536,0
9736,45,36,0,112,1,36,0,110,2,1,0,0.16,0,1,1.5992,0
9737,20,20,8,109,1,20,0,110,2,1,0,0.16,0.0624218,0.972464,1.57537,0
9738,13,13,5,110,1,13,0,110,3,1,0,0.16361,0.0748961,0.968819,1.32961,0
9739,5,5,0,108,1,5,0,110,2,0,0,0.16,0.0537037,0.974598,3.54252,1
9740,20,20,8,110,1,20,0,110,1,1,0,0.16,0.0682354,0.971359,1.54966,0
9741,19,19,0,109,1,19,0,110,1,1,0,0.16,0.0550184,0.976303,1.26545,0
9742,11,11,2,110,1,11,0,110,2,3,0,0.16,0.0665801,0.969727,1.31556,0
9743,21,21,15,110,1,21,0,110,3,3,0,0.16,0.0832352,0.966045,1.47176,0
9744,10,10,9,111,1,10,0,110,1,4,0,0.16,0.0603604,0.972833,1.5574,0
9745,7,7,0,107,1,7,0,110,3,4,0,0.16,0.0625252,0.976367,1.34824,0
9746,21,21,5,109,1,21,0,110,1,0,0,0.16,0.057411,0.972257,1.40229,0
9747,4,4,1,107,1,4,0,110,3,1,0,1,0.0664212,0.971442,1.76013,0
9748,1,1,0,112,1,1,0,110,0,0,0,1,0,0,5.16057,1
9749,14,14,6,110,1,14,0,110,0,3,0,0.16,0.0590429,0.971688,1.35234,0
9750,29,29,6,109,1,29,0,110,1,0,0,0.16,0.0478632,0.97849,1.43289,0
9751,56,36,21,110,1,36,0,110,0,1,0,0.16,0,1,1.54816,0
9752,7,7,3,110,1,7,0,110,0,4,0,0.16,0.0656685,0.96989,1.9294,0
9753,3,3,0,109,1,3,0,110,5,14,0,1,0.077381,0.967179,4.26631,1
9754,45,36,39,110,1,36,0,110,0,1,0,0.16,0,1,1.972,0
9755,22,21,21,110,1,21,0,110,4,2,1,0.163073,0.0801221,0.969057,1.90394,0
9756,40,36,1,110,1,36,0,110,0,1,0,0.16,0,1,1.56982,0
9757,9,9,2,110,1,9,0,110,1,3,0,0.16,0.079861,0.968536,4.20014,1
9758,10,10,0,109,1,10,0,110,2,10,0,0.165138,0.104147,0.957273,3.94452,1
9759,7,7,1,110,1,7,0,110,0,3,0,0.16,0.0461812,0.978286,2.16479,1
9760,11,11,3,108,1,11,0,110,2,1,0,0.161635,0.08854,0.960382,1.39963,0
9761,29,29,11,109,1,29,0,110,1,1,0,0.16,0.057402,0.97597,1.64522,0
9762,13,13,3,110,1,13,0,110,0,3,0,0.16,0.0633219,0.970556,1.72085,0
9763,5,5,3,107,1,5,0,110,3,0,0,0.16,0.0592407,0.972486,2.07285,0
9764,27,27,23,109,1,27,0,110,1,0,0,0.16,0.0592516,0.971994,1.48124,0
9765,26,26,12,109,1,26,0,110,2,1,0,0.16,0.0682028,0.96951,1.93983,0
9766,30,30,28,110,1,30,0,110,0,0,0,0.16,0.0572761,0.97351,1.71923,0
9767,34,34,7,109,1,34,0,110,1,1,0,0.16,0.0602444,0.971446,1.50168,0
9768,11,11,3,112,1,11,0,110,4,5,0,0.16,0.0826213,0.965018,1.8952,0
9769,5,5,2,111,1,5,0,110,2,5,0,0.16,0.0684685,0.968997,4.66525,1
9770,22,22,18,109,1,22,0,110,1,0,0,0.16,0.0530739,0.975589,1.72219,0
9771,10,10,4,108,1,10,0,110,0,1,0,0.170025,0.0666817,0.968854,2.13219,1
9772,7,7,4,110,1,7,0,110,1,7,0,0.16,0.0657605,0.968601,3.01829,1
9773,9,9,3,110,1,9,0,110,1,2,0,0.16,0.0613992,0.973062,1.49429,0
9774,12,12,10,110,1,12,0,110,0,3,0,0.16,0.0512307,0.974892,1.66921,0
9775,13,13,2,109,1,13,0,110,2,3,0,0.16,0.084376,0.963619,1.8974,0
9776,2,2,0,109,1,2,0,110,5,8,0,1,0.0504587,0.973592,4.62239,1
9777,26,26,19,109,1,26,0,110,3,1,0,0.16,0.073676,0.969334,1.53337,0
9778,13,13,0,112,1,13,0,110,2,4,0,0.16,0.0819921,0.968001,1.52055,0
9779,15,15,13,110,1,15,0,110,0,2,0,0.16,0.0480139,0.9781,1.48816,0
9780,15,15,4,111,1,15,0,110,1,1,0,0.16,0.0694408,0.970825,1.54006,0
9781,11,11,3,110,1,11,0,110,1,1,0,0.16,0.0508506,0.97919,1.89056,0
9782,2,2,1,112,1,2,0,110,7,11,0,1,0.0535714,0.97206,4.45493,1
9783,7,7,6,109,1,7,0,110,4,6,0,0.16,0.0853355,0.967009,4.38506,1
9784,15,15,4,106,1,15,0,110,4,0,0,0.16,0.0784459,0.961629,4.73671,1
9785,16,16,14,108,1,16,0,110,1,2,0,0.16,0.0534566,0.976214,3.80667,1
9786,1,1,0,107,1,1,0,110,6,0,0,1,0,0,4.54818,1
9787,21,21,4,110,1,21,0,110,0,1,0,0.16,0.0496315,0.976813,1.51041,0
9788,17,17,2,108,1,17,0,110,2,1,0,0.16,0.0729,0.966769,1.77759,0
9789,23,23,22,109,1,23,0,110,1,2,0,0.16,0.0648946,0.96613,2.02121,0
9790,15,15,1,108,1,15,0,110,2,0,0,0.16,0.0676507,0.970942,1.6976,0
9791,20,20,12,108,1,20,0,110,0,2,0,0.16,0.0614292,0.97544,2.29236,1
9792,23,23,12,110,1,23,0,110,0,0,0,0.16,0.0477634,0.978239,1.52929,0
9793,19,19,14,109,1,19,0,110,1,1,0,0.16,0.0619748,0.97054,1.51758,0
9794,14,14,7,111,1,14,0,110,1,3,0,0.16,0.0692922,0.970663,1.76328,0
9795,12,12,6,110,1,12,0,110,1,2,0,0.16,0.0578951,0.975646,1.97612,0
9796,14,14,10,110,1,14,0,110,0,0,0,0.16,0.0385763,0.982032,1.4473,0
9797,6,6,1,109,1,6,0,110,2,2,0,0.16,0.0469762,0.977488,4.04098,1
9798,11,11,10,110,1,11,0,110,0,0,0,0.16,0.0542747,0.973019,1.56353,0
9799,19,19,14,109,1,19,0,110,1,0,0,0.16,0.0595597,0.974378,1.75867,0
9800,29,29,28,110,1,29,0,110,0,0,0,0.16,0.0591807,0.972286,1.46581,0
9801,30,30,7,111,1,30,0,110,1,2,0,0.16,0.0666291,0.97136,1.85126,0
9802,19,19,6,110,1,19,0,110,0,0,0,0.16,0.0403424,0.980327,1.60351,0
9803,13,13,10,110,1,13,0,110,2,2,0,0.16,0.0681088,0.970557,1.93223,0
9804,22,22,16,111,1,22,0,110,2,1,0,0.16,0.0574472,0.975822,3.27385,1
9805,3,3,1,108,1,3,0,110,4,8,0,1,0.0545455,0.974542,4.64065,1
9806,12,12,6,108,1,12,0,110,2,0,0,0.16,0.0539452,0.977117,1.79086,0
9807,13,13,2,110,1,13,0,110,1,0,0,0.16,0.0548216,0.977168,1.56889,0
9808,2,2,0,109,1,2,0,110,3,4,0,1,0.027027,0.984976,4.85628,1
9809,21,21,0,110,1,21,0,110,0,3,0,0.16,0.0622134,0.970135,1.51822,0
9810,23,23,3,110,1,23,0,110,0,1,0,0.16,0.0556289,0.974895,1.74112,0
9811,11,11,10,110,1,11,0,110,0,1,0,0.16,0.0518595,0.975488,1.57843,0
9812,33,33,16,110,1,33,0,110,0,0,0,0.16,0.0496618,0.976879,1.66648,0
9813,9,9,0,110,1,9,0,110,0,2,0,0.16,0.04136,0.979599,1.69697,0
9814,19,19,16,109,1,19,0,110,1,3,0,0.16,0.0691425,0.968135,1.24738,0
9815,19,19,0,108,1,19,0,110,2,0,0,0.16,0.0534853,0.97536,1.42146,0
9816,1,1,0,107,1,1,0,110,6,0,0,1,0,0,4.64892,1
9817,7,7,4,109,1,7,0,110,1,3,0,0.16,0.0506683,0.975489,1.68429,0
9818,5,5,1,111,1,5,0,110,2,3,0,0.16,0.0880013,0.960029,4.49408,1
9819,9,9,7,110,1,9,0,110,3,3,0,0.196724,0.0911388,0.961499,1.67691,0
9820,41,36,36,109,1,36,0,110,1,1,0,0.16,0,1,1.25452,0
9821,5,5,3,109,1,5,0,110,3,2,0,0.16,0.0633625,0.97207,1.25284,0
9822,21,21,16,111,1,21,0,110,1,4,0,0.16,0.0710435,0.968694,1.48321,0
9823,7,7,2,109,1,7,0,110,1,4,0,0.16,0.0507498,0.978096,1.17064,0
9824,5,5,3,112,1,5,0,110,3,5,0,0.16,0.0714286,0.970155,1.43677,0
9825,10,10,7,107,1,10,0,110,4,1,0,0.16,0.0771217,0.969968,1.6116,0
9826,12,12,1,109,1,12,0,110,1,1,0,0.183486,0.0587031,0.971241,1.38642,0
9827,28,28,1,110,1,28,0,110,2,2,0,0.16,0.0844918,0.962573,3.36987,1
9828,76,36,0,109,1,36,0,110,1,1,0,0.16,0,1,1.4297,0
9829,12,12,1,110,1,12,0,110,4,2,0,0.16,0.0819827,0.968484,1.70248,0
9830,17,17,14,110,1,17,0,110,0,0,0,0.16,0.0459109,0.97961,1.30158,0
9831,12,12,10,110,1,12,0,110,1,1,0,0.16,0.0640871,0.9715,1.72325,0
9832,6,6,3,110,1,6,0,110,3,4,0,0.16,0.0603647,0.97694,1.93331,0
9833,24,24,8,111,1,24,0,110,1,1,0,0.16,0.0553883,0.977463,1.68455,0
9834,37,36,9,110,1,36,0,110,1,1,0,0.16,0.0591682,0.975915,1.63649,0
9835,31,31,2,112,1,31,0,110,2,2,0,0.16,0.0690354,0.968226,1.7343,0
9836,21,21,2,111,1,21,0,110,1,2,0,0.16,0.0569428,0.976595,1.50846,0
9837,23,23,11,108,1,23,0,110,2,1,0,0.16,0.0683216,0.97303,1.24659,0
9838,4,4,0,110,1,4,0,110,2,4,0,1,0.075,0.96769,3.54548,1
9839,49,36,34,109,1,36,0,110,1,1,0,0.16,0,1,1.67148,0
9840,11,11,10,108,1,11,0,110,4,0,0,0.16,0.06334,0.967079,4.27583,1
9841,11,11,0,110,1,11,0,110,0,1,0,0.16,0.0593115,0.974254,1.91283,0
9842,22,22,8,110,1,22,0,110,0,0,0,0.16,0.0547886,0.973756,2.06964,0
9843,3,3,2,110,1,3,0,110,0,13,0,1,0.0545455,0.976513,3.3829,1
9844,12,12,0,109,1,12,0,110,2,1,0,0.16,0.0709672,0.968955,1.37842,0
9845,17,17,8,109,1,17,0,110,1,1,0,0.16,0.0604403,0.972714,1.47808,0
9846,46,36,16,110,1,36,0,110,2,1,0,0.16,0,1,1.77092,0
9847,12,12,9,111,1,12,0,110,1,1,0,0.16,0.0663702,0.972499,1.61137,0
9848,6,6,2,110,1,6,0,110,0,3,0,0.16,0.0469287,0.976184,1.94553,0
9849,9,9,2,109,1,9,0,110,2,1,0,0.16,0.0739248,0.970787,1.68993,0
9850,19,19,12,112,1,19,0,110,2,2,0,0.16,0.0690332,0.972492,1.54368,0
9851,2,2,1,110,1,2,0,110,9,10,0,1,0.0752212,0.960259,4.59968,1
9852,5,5,2,108,1,5,0,110,3,2,0,0.187074,0.0895247,0.963531,1.82297,0
9853,21,21,8,110,1,21,0,110,0,0,0,0.16,0.0463908,0.977894,1.57046,0
9854,29,29,11,112,1,29,0,110,2,3,0,0.16,0.0798691,0.966342,1.7178,0
9855,2,2,1,109,1,2,0,110,4,2,0,1,0.03125,0.989527,4.4134,1
9856,16,16,0,110,1,16,0,110,0,1,0,0.16,0.0539662,0.975228,1.52722,0
9857,18,18,8,109,1,18,0,110,1,0,0,0.16,0.0642326,0.969659,1.66895,0
9858,17,17,6,110,1,17,0,110,0,0,0,0.16,0.0468014,0.977219,1.88145,0
9859,23,23,5,109,1,23,0,110,1,0,0,0.16,0.05344,0.973872,1.54978,0
9860,26,26,23,112,1,26,0,110,2,2,0,0.16,0.0683379,0.973914,1.61103,0
9861,12,12,7,111,1,12,0,110,1,1,0,0.16,0.0425317,0.98184,1.3247,0
9862,35,35,19,111,1,35,0,110,1,1,0,0.16,0.0743594,0.968272,1.62858,0
9863,40,36,38,109,1,36,0,110,0,1,0,0.16,0,1,2.21103,1
9864,32,32,16,107,1,32,0,110,3,1,0,0.16,0.0854195,0.967207,1.40908,0
9865,3,3,1,111,1,3,0,110,3,22,0,1,0.0960961,0.954325,4.99598,1
9866,7,7,3,110,1,7,0,110,0,7,0,0.16,0.0792208,0.963434,2.26261,1
9867,18,18,9,109,1,18,0,110,3,1,0,0.16,0.0662374,0.970676,1.80571,0
9868,7,7,1,107,1,7,0,110,0,4,0,0.16,0.0820744,0.965071,2.26428,1
9869,15,15,10,110,1,15,0,110,0,3,0,0.16,0.0593011,0.970866,1.77658,0
9870,16,16,0,111,1,16,0,110,1,1,0,0.16,0.0567744,0.97461,1.94885,0
9871,19,19,16,108,1,19,0,110,3,1,0,0.16,0.0837285,0.96711,1.49414,0
9872,38,36,28,109,1,36,0,110,1,1,0,0.16,0.0705155,0.968088,1.66009,0
9873,53,36,26,109,1,36,0,110,1,1,0,0.16,0,1,2.04142,0
9874,23,23,0,110,1,23,0,110,0,0,0,0.16,0.0561374,0.974108,1.49701,0
9875,10,10,8,109,1,10,0,110,2,3,0,0.16,0.0673588,0.971882,1.68987,0
9876,8,8,2,108,1,8,0,110,2,6,0,0.16,0.104872,0.956472,4.31762,1
9877,11,11,9,110,1,11,0,110,0,1,0,0.16,0.0435401,0.980421,1.32902,0
9878,68,36,53,110,1,36,0,110,0,1,0,0.16,0,1,1.48497,0
9879,15,15,3,111,1,15,0,110,2,1,0,0.16,0.0592246,0.980088,1.74489,0
9880,8,8,6,109,1,8,0,110,1,0,0,0.183486,0.0605825,0.972275,1.68423,0
9881,15,15,5,110,1,15,0,110,0,0,0,0.16,0.0497333,0.977194,1.78663,0
9882,3,3,2,109,1,3,0,110,4,8,0,1,0.0511218,0.976288,4.33127,1
9883,22,22,19,113,1,22,0,110,3,4,0,0.16,0.079646,0.973645,1.67525,0
9884,55,36,7,110,1,36,0,110,0,1,0,0.16,0,1,1.70907,0
9885,12,12,4,110,1,12,0,110,2,2,0,0.16,0.0687102,0.969615,1.83677,0
9886,9,9,0,109,1,9,0,110,1,0,0,0.16,0.0602271,0.973321,1.51511,0
9887,12,12,0,111,1,12,0,110,2,3,0,0.16,0.0747984,0.971379,1.41355,0
9888,17,17,2,109,1,17,0,110,1,2,0,0.16,0.0683508,0.969221,1.64088,0
9889,18,18,8,107,1,18,0,110,4,1,0,0.190691,0.0911942,0.959798,1.94689,0
9890,79,36,25,110,1,36,0,110,0,1,0,0.16,0,1,1.51809,0
9891,15,15,4,108,1,15,0,110,0,1,0,0.16,0.0670905,0.962034,3.33985,1
9892,20,20,8,110,1,20,0,110,0,0,0,0.161671,0.0482192,0.977238,1.33062,0
9893,7,7,1,108,1,7,0,110,1,9,0,0.16,0.0871438,0.963428,4.5229,1
9894,7,7,1,109,1,7,0,110,3,9,0,0.16,0.075922,0.965059,4.44982,1
9895,16,16,8,109,1,16,0,110,1,0,0,0.16,0.0743728,0.967583,2.00362,0
9896,5,5,1,112,1,5,0,110,6,8,0,0.169929,0.108929,0.963044,1.95063,0
9897,15,15,9,110,1,15,0,110,1,1,0,0.165111,0.0742273,0.966943,1.95486,0
9898,7,7,1,110,1,7,0,110,3,7,0,0.178378,0.0918568,0.962144,1.8388,0
9899,33,33,28,109,1,33,0,110,1,0,0,0.16,0.0654106,0.970581,1.33096,0
9900,25,25,9,109,1,25,0,110,1,1,0,0.16,0.0553267,0.974499,1.752,0
9901,6,6,5,109,1,6,0,110,2,1,0,0.16,0.0657492,0.970653,4.28051,1
9902,16,16,7,110,1,16,0,110,0,0,0,0.16,0.0569299,0.972682,1.5029,0
9903,9,9,6,108,1,9,0,110,2,2,0,0.16,0.0666186,0.965399,4.63274,1
9904,22,22,21,110,1,22,0,110,2,2,0,0.16,0.0653773,0.968201,4.4125,1
9905,41,36,17,111,1,36,0,110,1,1,0,0.16,0,1,1.54344,0
9906,5,5,1,109,1,5,0,110,1,1,0,0.16,0.0605505,0.970261,1.90785,0
9907,24,24,4,109,1,24,0,110,3,1,0,0.16,0.0726187,0.973818,1.44241,0
9908,5,5,1,108,1,5,0,110,2,6,0,0.235714,0.109109,0.960774,4.41894,1
9909,4,4,1,110,1,4,0,110,4,6,0,1,0.0971591,0.959774,5.33628,1
9910,10,10,8,110,1,10,0,110,0,4,0,0.163636,0.0581572,0.972139,1.24373,0
9911,19,19,18,109,1,19,0,110,3,1,0,0.16,0.0715316,0.974863,1.6175,0
9912,5,5,2,111,1,5,0,110,4,6,0,0.171171,0.0828829,0.968093,1.67878,0
9913,20,20,12,109,1,20,0,110,1,0,0,0.16,0.0564416,0.974747,1.29124,0
9914,6,6,0,107,1,6,0,110,2,1,0,0.16,0.0528177,0.976297,4.51383,1
9915,6,6,1,111,1,6,0,110,3,7,0,0.162162,0.0747935,0.96743,1.89482,0
9916,11,11,10,109,1,11,0,110,2,0,0,0.16,0.0452048,0.975678,3.12698,1
9917,15,15,8,110,1,15,0,110,2,2,0,0.16,0.0729999,0.965132,4.25974,1
9918,40,36,9,110,1,36,0,110,0,1,0,0.16,0,1,1.62448,0
9919,7,7,6,110,1,7,0,110,1,10,0,0.16,0.0674389,0.97119,4.08466,1
9920,16,16,15,109,1,16,0,110,3,2,0,0.16,0.0691947,0.966157,2.0238,0
9921,14,14,6,110,1,14,0,110,0,0,0,0.16,0.0478482,0.977182,1.4573,0
9922,9,9,1,109,1,9,0,110,2,0,0,0.16117,0.0543777,0.97738,1.73722,0
9923,12,12,11,109,1,12,0,110,2,3,0,0.16,0.0664729,0.970477,1.50297,0
9924,13,13,10,110,1,13,0,110,0,0,0,0.16,0.0466162,0.977864,1.37524,0
9925,18,18,2,108,1,18,0,110,0,2,0,0.165916,0.0845104,0.962216,2.15992,1
9926,4,4,0,109,1,4,0,110,1,2,0,1,0.0833081,0.961693,4.38108,1
9927,13,13,3,110,1,13,0,110,0,2,0,0.16,0.0598186,0.974385,2.34588,1
9928,11,11,10,109,1,11,0,110,1,3,0,0.16,0.0645344,0.972776,1.83959,0
9929,18,18,15,110,1,18,0,110,2,3,0,0.163636,0.081924,0.964909,1.42807,0
9930,18,18,10,110,1,18,0,110,2,2,0,0.16,0.0580193,0.973705,1.98177,0
9931,18,18,4,106,1,18,0,110,2,0,0,0.16,0.0643637,0.970112,3.64721,1
9932,13,13,11,107,1,13,0,110,5,3,0,0.162589,0.101354,0.960439,1.95193,0
9933,8,8,7,108,1,8,0,110,7,3,0,0.16,0.105891,0.962231,1.96086,0
9934,5,5,3,112,1,5,0,110,3,8,0,0.184418,0.0801517,0.963942,1.80213,0
9935,13,13,10,110,1,13,0,110,0,0,0,0.16,0.0542327,0.975428,1.82565,0
9936,76,36,23,108,1,36,0,110,2,1,0,0.16,0,1,1.5256,0
9937,24,24,5,110,1,24,0,110,0,0,0,0.16,0.0554717,0.973302,1.67206,0
9938,9,9,5,110,1,9,0,110,2,2,0,0.16,0.0717172,0.968545,1.71752,0
9939,31,31,7,110,1,31,0,110,0,0,0,0.16,0.0506369,0.976117,1.48576,0
9940,30,30,15,110,1,30,0,110,1,2,0,0.16,0.0519425,0.976682,2.05664,0
9941,9,9,7,108,1,9,0,110,5,3,0,0.16,0.0846528,0.961308,4.94365,1
9942,13,13,12,109,1,13,0,110,3,2,0,0.16,0.0574448,0.975206,1.76087,0
9943,16,16,7,108,1,16,0,110,3,5,0,0.16,0.0846882,0.966998,1.5626,0
9944,6,6,3,109,1,6,0,110,0,2,0,0.16,0.0526889,0.973686,2.23022,1
9945,25,25,10,110,1,25,0,110,0,0,0,0.16,0.048697,0.976723,1.74042,0
9946,13,13,10,110,1,13,0,110,0,0,0,0.16,0.0462988,0.977169,1.38772,0
9947,9,9,2,107,1,9,0,110,4,1,0,0.16,0.0752742,0.964569,1.54048,0
9948,3,3,1,112,1,3,0,110,2,8,0,1,0.0409679,0.981345,1.52447,0
9949,8,8,0,107,1,8,0,110,4,0,0,0.16,0.0775632,0.970018,1.86116,0
9950,4,4,0,108,1,4,0,110,2,1,0,1,0.0669173,0.967102,4.40069,1
9951,11,11,6,109,1,11,0,110,0,0,0,0.16,0.0616273,0.973606,2.22147,1
9952,25,25,4,109,1,25,0,110,2,0,0,0.16,0.0691707,0.972856,1.75999,0
9953,66,36,44,110,1,36,0,110,0,1,0,0.16,0,1,1.7926,0
9954,12,12,3,111,1,12,0,110,3,2,0,0.16,0.0656698,0.975487,1.85944,0
9955,13,13,7,110,1,13,0,110,0,2,0,0.16,0.0498912,0.975777,1.42756,0
9956,25,25,20,111,1,25,0,110,1,2,0,0.16,0.0664328,0.970834,1.65395,0
9957,11,11,4,109,1,11,0,110,1,2,0,0.16,0.0753977,0.969457,4.0942,1
9958,15,15,13,111,1,15,0,110,1,2,0,0.16,0.0585408,0.975308,1.70655,0
9959,9,9,3,112,1,9,0,110,2,5,0,0.16,0.0791382,0.96662,1.35232,0
9960,12,12,1,111,1,12,0,110,2,6,0,0.162162,0.069373,0.971007,1.63042,0
9961,7,7,6,106,1,7,0,110,0,7,0,0.16,0.089185,0.956034,2.5796,1
9962,6,6,4,109,1,6,0,110,2,5,0,0.223132,0.0660992,0.970638,4.90212,1
9963,18,18,7,109,1,18,0,110,1,0,0,0.16,0.0646689,0.971694,1.97886,0
9964,15,15,5,109,1,15,0,110,1,0,0,0.16,0.0461579,0.977597,1.91441,0
9965,20,20,1,110,1,20,0,110,1,1,0,0.16,0.0614454,0.973167,1.3413,0
9966,19,19,4,107,1,19,0,110,4,0,0,0.16,0.0787667,0.967786,1.91219,0
9967,12,12,4,110,1,12,0,110,0,0,0,0.16,0.0362008,0.982432,1.68192,0
9968,5,5,4,110,1,5,0,110,0,0,0,0.16,0.0339932,0.984987,1.418,0
9969,14,14,12,110,1,14,0,110,1,3,0,0.16,0.0775896,0.969754,4.73992,1
9970,2,2,1,111,1,2,0,110,12,11,0,1,0.0675676,0.96958,5.15872,1
9971,19,19,9,109,1,19,0,110,1,1,0,0.16,0.0652077,0.970299,1.49608,0
9972,12,12,10,110,1,12,0,110,0,0,0,0.16,0.0617364,0.969992,1.44803,0
9973,29,29,26,107,1,29,0,110,3,2,0,0.16,0.0753389,0.968146,1.77541,0
9974,12,12,11,108,1,12,0,110,4,1,0,0.16,0.0896039,0.963297,1.46684,0
9975,12,12,2,110,1,12,0,110,1,4,0,0.160688,0.0835866,0.96396,4.25376,1
9976,7,7,1,112,1,7,0,110,3,7,0,0.16,0.0658482,0.974226,1.41979,0
9977,11,11,3,111,1,11,0,110,1,1,0,0.16,0.0621563,0.970818,1.458,0
9978,6,6,1,111,1,6,0,110,1,6,0,0.171171,0.0690691,0.968927,1.58144,0
9979,25,25,1,110,1,25,0,110,1,0,0,0.16,0.0617856,0.97455,1.66574,0
9980,24,24,13,107,1,24,0,110,3,1,0,0.16,0.0754032,0.972367,1.17815,0
9981,10,10,0,111,1,10,0,110,1,3,0,0.16,0.0719605,0.967902,1.33642,0
9982,13,13,12,110,1,13,0,110,0,3,0,0.16,0.0553557,0.972994,1.38967,0
9983,21,21,2,109,1,21,0,110,1,0,0,0.16,0.0494684,0.980299,1.21296,0
9984,17,17,15,112,1,17,0,110,3,4,0,0.16,0.0837614,0.968993,1.58688,0
