condition_id,coverage,total_indel_pct,p_sub_pct,p_ins_pct,p_del_pct,seed,method,clusters,exact_count,success_pct,reconstruction_pct,mean_ed,runtime_s,max_rss_kb,output_path
cov05_indel02_seed2026,5,2.0,2.0,1.0,1.0,2026,CCP-DP,9984,9983,99.98998397435898,99.99990894522145,0.00010016025641025641,1.0526263304054737,155160,/mnt/st_data/zhangzixin/bbs-test-master/experiments/picture/coverage_ids_stress/stress_results_v82/cov05_indel02_seed2026/ccpdp.txt
cov05_indel02_seed2026,5,2.0,2.0,1.0,1.0,2026,BBS,9984,8910,89.24278846153847,99.82836174242425,0.18880208333333334,1.699569460004568,21588,/mnt/st_data/zhangzixin/bbs-test-master/experiments/picture/coverage_ids_stress/stress_results_v82/cov05_indel02_seed2026/bbs.txt
cov05_indel02_seed2026,5,2.0,2.0,1.0,1.0,2026,CPL,9984,9365,93.80008012820512,99.94035912004662,0.06560496794871795,1.4136052802205086,11796,/mnt/st_data/zhangzixin/bbs-test-master/experiments/picture/coverage_ids_stress/stress_results_v82/cov05_indel02_seed2026/cpl.txt
cov05_indel02_seed2027,5,2.0,2.0,1.0,1.0,2027,CCP-DP,9984,9984,100.0,100.0,0.0,0.969342153519392,154880,/mnt/st_data/zhangzixin/bbs-test-master/experiments/picture/coverage_ids_stress/stress_results_v82/cov05_indel02_seed2027/ccpdp.txt
cov05_indel02_seed2027,5,2.0,2.0,1.0,1.0,2027,BBS,9984,8946,89.60336538461539,99.83373397435898,0.1828926282051282,1.8724892102181911,21080,/mnt/st_data/zhangzixin/bbs-test-master/experiments/picture/coverage_ids_stress/stress_results_v82/cov05_indel02_seed2027/bbs.txt
cov05_indel02_seed2027,5,2.0,2.0,1.0,1.0,2027,CPL,9984,9360,93.75,99.9391754079254,0.06690705128205128,1.4539838656783104,11764,/mnt/st_data/zhangzixin/bbs-test-master/experiments/picture/coverage_ids_stress/stress_results_v82/cov05_indel02_seed2027/cpl.txt
cov05_indel02_seed2028,5,2.0,2.0,1.0,1.0,2028,CCP-DP,9984,9984,100.0,100.0,0.0,0.9913722686469555,154896,/mnt/st_data/zhangzixin/bbs-test-master/experiments/picture/coverage_ids_stress/stress_results_v82/cov05_indel02_seed2028/ccpdp.txt
cov05_indel02_seed2028,5,2.0,2.0,1.0,1.0,2028,BBS,9984,8938,89.52323717948718,99.8153409090909,0.203125,1.9563662596046925,20624,/mnt/st_data/zhangzixin/bbs-test-master/experiments/picture/coverage_ids_stress/stress_results_v82/cov05_indel02_seed2028/bbs.txt
cov05_indel02_seed2028,5,2.0,2.0,1.0,1.0,2028,CPL,9984,9350,93.64983974358974,99.93990384615384,0.06610576923076923,1.4521950520575047,11608,/mnt/st_data/zhangzixin/bbs-test-master/experiments/picture/coverage_ids_stress/stress_results_v82/cov05_indel02_seed2028/cpl.txt
cov05_indel02_seed2029,5,2.0,2.0,1.0,1.0,2029,CCP-DP,9984,9983,99.98998397435898,99.99990894522145,0.00010016025641025641,1.0091605447232723,156068,/mnt/st_data/zhangzixin/bbs-test-master/experiments/picture/coverage_ids_stress/stress_results_v82/cov05_indel02_seed2029/ccpdp.txt
cov05_indel02_seed2029,5,2.0,2.0,1.0,1.0,2029,BBS,9984,8948,89.62339743589743,99.82535693473193,0.1921073717948718,1.8150329105556011,21224,/mnt/st_data/zhangzixin/bbs-test-master/experiments/picture/coverage_ids_stress/stress_results_v82/cov05_indel02_seed2029/bbs.txt
cov05_indel02_seed2029,5,2.0,2.0,1.0,1.0,2029,CPL,9984,9348,93.6298076923077,99.93826486013985,0.06790865384615384,1.4616282247006893,11740,/mnt/st_data/zhangzixin/bbs-test-master/experiments/picture/coverage_ids_stress/stress_results_v82/cov05_indel02_seed2029/cpl.txt
cov05_indel02_seed2030,5,2.0,2.0,1.0,1.0,2030,CCP-DP,9984,9982,99.97996794871794,99.99981789044288,0.00020032051282051281,1.0052506849169731,154716,/mnt/st_data/zhangzixin/bbs-test-master/experiments/picture/coverage_ids_stress/stress_results_v82/cov05_indel02_seed2030/ccpdp.txt
cov05_indel02_seed2030,5,2.0,2.0,1.0,1.0,2030,BBS,9984,8959,89.73357371794872,99.8169798951049,0.2013221153846154,2.0994607843458652,20928,/mnt/st_data/zhangzixin/bbs-test-master/experiments/picture/coverage_ids_stress/stress_results_v82/cov05_indel02_seed2030/bbs.txt
cov05_indel02_seed2030,5,2.0,2.0,1.0,1.0,2030,CPL,9984,9384,93.99038461538461,99.94154283216783,0.06430288461538461,1.4200380817055702,11760,/mnt/st_data/zhangzixin/bbs-test-master/experiments/picture/coverage_ids_stress/stress_results_v82/cov05_indel02_seed2030/cpl.txt
cov05_indel04_seed2026,5,4.0,2.0,2.0,2.0,2026,CCP-DP,9984,9964,99.79967948717949,99.99754152097901,0.002704326923076923,1.3791366517543793,161424,/mnt/st_data/zhangzixin/bbs-test-master/experiments/picture/coverage_ids_stress/stress_results_v82/cov05_indel04_seed2026/ccpdp.txt
cov05_indel04_seed2026,5,4.0,2.0,2.0,2.0,2026,BBS,9984,6483,64.93389423076923,98.9863782051282,1.1149839743589745,2.1720925457775593,20572,/mnt/st_data/zhangzixin/bbs-test-master/experiments/picture/coverage_ids_stress/stress_results_v82/cov05_indel04_seed2026/bbs.txt
cov05_indel04_seed2026,5,4.0,2.0,2.0,2.0,2026,CPL,9984,9062,90.76522435897436,99.8876384032634,0.12359775641025642,1.5309967398643494,13336,/mnt/st_data/zhangzixin/bbs-test-master/experiments/picture/coverage_ids_stress/stress_results_v82/cov05_indel04_seed2026/cpl.txt
cov05_indel04_seed2027,5,4.0,2.0,2.0,2.0,2027,CCP-DP,9984,9965,99.80969551282051,99.99763257575758,0.0026041666666666665,1.3856660649180412,161532,/mnt/st_data/zhangzixin/bbs-test-master/experiments/picture/coverage_ids_stress/stress_results_v82/cov05_indel04_seed2027/ccpdp.txt
cov05_indel04_seed2027,5,4.0,2.0,2.0,2.0,2027,BBS,9984,6446,64.56330128205128,99.00923295454545,1.08984375,2.310366153717041,20216,/mnt/st_data/zhangzixin/bbs-test-master/experiments/picture/coverage_ids_stress/stress_results_v82/cov05_indel04_seed2027/bbs.txt
cov05_indel04_seed2027,5,4.0,2.0,2.0,2.0,2027,CPL,9984,9035,90.49479166666667,99.88609047202797,0.12530048076923078,1.5521610453724861,13044,/mnt/st_data/zhangzixin/bbs-test-master/experiments/picture/coverage_ids_stress/stress_results_v82/cov05_indel04_seed2027/cpl.txt
cov05_indel04_seed2028,5,4.0,2.0,2.0,2.0,2028,CCP-DP,9984,9963,99.78966346153847,99.99754152097901,0.002704326923076923,1.4166980795562267,161020,/mnt/st_data/zhangzixin/bbs-test-master/experiments/picture/coverage_ids_stress/stress_results_v82/cov05_indel04_seed2028/ccpdp.txt
cov05_indel04_seed2028,5,4.0,2.0,2.0,2.0,2028,BBS,9984,6435,64.453125,98.96570877039626,1.1377203525641026,2.16571793705225,20396,/mnt/st_data/zhangzixin/bbs-test-master/experiments/picture/coverage_ids_stress/stress_results_v82/cov05_indel04_seed2028/bbs.txt
cov05_indel04_seed2028,5,4.0,2.0,2.0,2.0,2028,CPL,9984,9047,90.61498397435898,99.88700101981351,0.12429887820512821,1.531643558293581,13304,/mnt/st_data/zhangzixin/bbs-test-master/experiments/picture/coverage_ids_stress/stress_results_v82/cov05_indel04_seed2028/cpl.txt
cov05_indel04_seed2029,5,4.0,2.0,2.0,2.0,2029,CCP-DP,9984,9959,99.74959935897436,99.99708624708624,0.003205128205128205,1.3951883018016815,161104,/mnt/st_data/zhangzixin/bbs-test-master/experiments/picture/coverage_ids_stress/stress_results_v82/cov05_indel04_seed2029/ccpdp.txt
cov05_indel04_seed2029,5,4.0,2.0,2.0,2.0,2029,BBS,9984,6477,64.87379807692308,98.94094187062937,1.1649639423076923,2.121609143912792,20796,/mnt/st_data/zhangzixin/bbs-test-master/experiments/picture/coverage_ids_stress/stress_results_v82/cov05_indel04_seed2029/bbs.txt
cov05_indel04_seed2029,5,4.0,2.0,2.0,2.0,2029,CPL,9984,8993,90.07411858974359,99.88153773310023,0.13030849358974358,1.570536907762289,12968,/mnt/st_data/zhangzixin/bbs-test-master/experiments/picture/coverage_ids_stress/stress_results_v82/cov05_indel04_seed2029/cpl.txt
cov05_indel04_seed2030,5,4.0,2.0,2.0,2.0,2030,CCP-DP,9984,9961,99.76963141025641,99.9969951923077,0.0033052884615384615,1.4141438119113445,161144,/mnt/st_data/zhangzixin/bbs-test-master/experiments/picture/coverage_ids_stress/stress_results_v82/cov05_indel04_seed2030/ccpdp.txt
cov05_indel04_seed2030,5,4.0,2.0,2.0,2.0,2030,BBS,9984,6525,65.3545673076923,98.99794216200466,1.1022636217948718,2.1755856946110725,21076,/mnt/st_data/zhangzixin/bbs-test-master/experiments/picture/coverage_ids_stress/stress_results_v82/cov05_indel04_seed2030/bbs.txt
cov05_indel04_seed2030,5,4.0,2.0,2.0,2.0,2030,CPL,9984,9053,90.67508012820512,99.88718312937063,0.1240985576923077,1.5299468338489532,13052,/mnt/st_data/zhangzixin/bbs-test-master/experiments/picture/coverage_ids_stress/stress_results_v82/cov05_indel04_seed2030/cpl.txt
cov05_indel06_seed2026,5,6.0,2.0,3.0,3.0,2026,CCP-DP,9984,9883,98.98838141025641,99.98506701631702,0.016426282051282052,2.7156290896236897,162768,/mnt/st_data/zhangzixin/bbs-test-master/experiments/picture/coverage_ids_stress/stress_results_v82/cov05_indel06_seed2026/ccpdp.txt
cov05_indel06_seed2026,5,6.0,2.0,3.0,3.0,2026,BBS,9984,3276,32.8125,97.10564175407926,3.1837940705128207,2.046854428946972,20620,/mnt/st_data/zhangzixin/bbs-test-master/experiments/picture/coverage_ids_stress/stress_results_v82/cov05_indel06_seed2026/bbs.txt
cov05_indel06_seed2026,5,6.0,2.0,3.0,3.0,2026,CPL,9984,8146,81.59054487179488,99.71973339160839,0.3082932692307692,1.6963372379541397,14972,/mnt/st_data/zhangzixin/bbs-test-master/experiments/picture/coverage_ids_stress/stress_results_v82/cov05_indel06_seed2026/cpl.txt
cov05_indel06_seed2027,5,6.0,2.0,3.0,3.0,2027,CCP-DP,9984,9874,98.89823717948718,99.98351908508158,0.018129006410256412,2.6577390879392624,162580,/mnt/st_data/zhangzixin/bbs-test-master/experiments/picture/coverage_ids_stress/stress_results_v82/cov05_indel06_seed2027/ccpdp.txt
cov05_indel06_seed2027,5,6.0,2.0,3.0,3.0,2027,BBS,9984,3262,32.67227564102564,97.07823426573427,3.2139423076923075,2.2915450148284435,20752,/mnt/st_data/zhangzixin/bbs-test-master/experiments/picture/coverage_ids_stress/stress_results_v82/cov05_indel06_seed2027/bbs.txt
cov05_indel06_seed2027,5,6.0,2.0,3.0,3.0,2027,CPL,9984,8122,81.35016025641026,99.71554487179488,0.312900641025641,1.6878711842000484,14904,/mnt/st_data/zhangzixin/bbs-test-master/experiments/picture/coverage_ids_stress/stress_results_v82/cov05_indel06_seed2027/cpl.txt
cov05_indel06_seed2028,5,6.0,2.0,3.0,3.0,2028,CCP-DP,9984,9855,98.7079326923077,99.98042322261072,0.021534455128205128,2.6600123904645443,162640,/mnt/st_data/zhangzixin/bbs-test-master/experiments/picture/coverage_ids_stress/stress_results_v82/cov05_indel06_seed2028/ccpdp.txt
cov05_indel06_seed2028,5,6.0,2.0,3.0,3.0,2028,BBS,9984,3308,33.13301282051282,97.0465472027972,3.248798076923077,2.3281104788184166,20352,/mnt/st_data/zhangzixin/bbs-test-master/experiments/picture/coverage_ids_stress/stress_results_v82/cov05_indel06_seed2028/bbs.txt
cov05_indel06_seed2028,5,6.0,2.0,3.0,3.0,2028,CPL,9984,8131,81.44030448717949,99.7209171037296,0.3069911858974359,1.6958726830780506,14900,/mnt/st_data/zhangzixin/bbs-test-master/experiments/picture/coverage_ids_stress/stress_results_v82/cov05_indel06_seed2028/cpl.txt
cov05_indel06_seed2029,5,6.0,2.0,3.0,3.0,2029,CCP-DP,9984,9873,98.88822115384616,99.98397435897436,0.017628205128205128,2.5703386031091213,162664,/mnt/st_data/zhangzixin/bbs-test-master/experiments/picture/coverage_ids_stress/stress_results_v82/cov05_indel06_seed2029/ccpdp.txt
cov05_indel06_seed2029,5,6.0,2.0,3.0,3.0,2029,BBS,9984,3347,33.52363782051282,96.97679924242424,3.3255208333333335,2.3479373827576637,20692,/mnt/st_data/zhangzixin/bbs-test-master/experiments/picture/coverage_ids_stress/stress_results_v82/cov05_indel06_seed2029/bbs.txt
cov05_indel06_seed2029,5,6.0,2.0,3.0,3.0,2029,CPL,9984,8119,81.32011217948718,99.71681963869464,0.3114983974358974,1.6848613508045673,14728,/mnt/st_data/zhangzixin/bbs-test-master/experiments/picture/coverage_ids_stress/stress_results_v82/cov05_indel06_seed2029/cpl.txt
cov05_indel06_seed2030,5,6.0,2.0,3.0,3.0,2030,CCP-DP,9984,9864,98.79807692307692,99.98224431818183,0.01953125,2.6848748698830605,162608,/mnt/st_data/zhangzixin/bbs-test-master/experiments/picture/coverage_ids_stress/stress_results_v82/cov05_indel06_seed2030/ccpdp.txt
cov05_indel06_seed2030,5,6.0,2.0,3.0,3.0,2030,BBS,9984,3363,33.68389423076923,97.13732881701632,3.148938301282051,2.1877279430627823,20620,/mnt/st_data/zhangzixin/bbs-test-master/experiments/picture/coverage_ids_stress/stress_results_v82/cov05_indel06_seed2030/bbs.txt
cov05_indel06_seed2030,5,6.0,2.0,3.0,3.0,2030,CPL,9984,8115,81.28004807692308,99.71636436480186,0.31199919871794873,1.7260575108230114,14704,/mnt/st_data/zhangzixin/bbs-test-master/experiments/picture/coverage_ids_stress/stress_results_v82/cov05_indel06_seed2030/cpl.txt
cov05_indel08_seed2026,5,8.0,2.0,4.0,4.0,2026,CCP-DP,9984,7699,77.11338141025641,99.60190850815852,0.437900641025641,2.979702766984701,164248,/mnt/st_data/zhangzixin/bbs-test-master/experiments/picture/coverage_ids_stress/stress_results_v82/cov05_indel08_seed2026/ccpdp.txt
cov05_indel08_seed2026,5,8.0,2.0,4.0,4.0,2026,BBS,9984,1140,11.41826923076923,94.65754297785548,5.8767027243589745,1.9673349149525166,20836,/mnt/st_data/zhangzixin/bbs-test-master/experiments/picture/coverage_ids_stress/stress_results_v82/cov05_indel08_seed2026/bbs.txt
cov05_indel08_seed2026,5,8.0,2.0,4.0,4.0,2026,CPL,9984,6530,65.40464743589743,99.39475888694639,0.6657652243589743,1.9048562981188297,16256,/mnt/st_data/zhangzixin/bbs-test-master/experiments/picture/coverage_ids_stress/stress_results_v82/cov05_indel08_seed2026/cpl.txt
cov05_indel08_seed2027,5,8.0,2.0,4.0,4.0,2027,CCP-DP,9984,7737,77.49399038461539,99.60227272727272,0.4375,2.979151487350464,164256,/mnt/st_data/zhangzixin/bbs-test-master/experiments/picture/coverage_ids_stress/stress_results_v82/cov05_indel08_seed2027/ccpdp.txt
cov05_indel08_seed2027,5,8.0,2.0,4.0,4.0,2027,BBS,9984,1182,11.838942307692308,94.55638111888112,5.987980769230769,2.3803458251059055,20548,/mnt/st_data/zhangzixin/bbs-test-master/experiments/picture/coverage_ids_stress/stress_results_v82/cov05_indel08_seed2027/bbs.txt
cov05_indel08_seed2027,5,8.0,2.0,4.0,4.0,2027,CPL,9984,6502,65.12419871794872,99.38783872377623,0.6733774038461539,1.8489430025219917,16284,/mnt/st_data/zhangzixin/bbs-test-master/experiments/picture/coverage_ids_stress/stress_results_v82/cov05_indel08_seed2027/cpl.txt
cov05_indel08_seed2028,5,8.0,2.0,4.0,4.0,2028,CCP-DP,9984,7689,77.01322115384616,99.5995410839161,0.4405048076923077,2.9630709774792194,164616,/mnt/st_data/zhangzixin/bbs-test-master/experiments/picture/coverage_ids_stress/stress_results_v82/cov05_indel08_seed2028/ccpdp.txt
cov05_indel08_seed2028,5,8.0,2.0,4.0,4.0,2028,BBS,9984,1222,12.239583333333334,94.68176354895105,5.850060096153846,2.0355613753199577,21616,/mnt/st_data/zhangzixin/bbs-test-master/experiments/picture/coverage_ids_stress/stress_results_v82/cov05_indel08_seed2028/bbs.txt
cov05_indel08_seed2028,5,8.0,2.0,4.0,4.0,2028,CPL,9984,6479,64.89383012820512,99.38319493006993,0.6784855769230769,1.8887287452816963,16348,/mnt/st_data/zhangzixin/bbs-test-master/experiments/picture/coverage_ids_stress/stress_results_v82/cov05_indel08_seed2028/cpl.txt
cov05_indel08_seed2029,5,8.0,2.0,4.0,4.0,2029,CCP-DP,9984,7809,78.21514423076923,99.6266754079254,0.41065705128205127,2.9253313168883324,164008,/mnt/st_data/zhangzixin/bbs-test-master/experiments/picture/coverage_ids_stress/stress_results_v82/cov05_indel08_seed2029/ccpdp.txt
cov05_indel08_seed2029,5,8.0,2.0,4.0,4.0,2029,BBS,9984,1235,12.369791666666666,94.64270104895105,5.893028846153846,2.2505954168736935,20508,/mnt/st_data/zhangzixin/bbs-test-master/experiments/picture/coverage_ids_stress/stress_results_v82/cov05_indel08_seed2029/bbs.txt
cov05_indel08_seed2029,5,8.0,2.0,4.0,4.0,2029,CPL,9984,6492,65.02403846153847,99.38273965617715,0.6789863782051282,1.8322322741150856,16340,/mnt/st_data/zhangzixin/bbs-test-master/experiments/picture/coverage_ids_stress/stress_results_v82/cov05_indel08_seed2029/cpl.txt
cov05_indel08_seed2030,5,8.0,2.0,4.0,4.0,2030,CCP-DP,9984,7708,77.20352564102564,99.59899475524475,0.4411057692307692,3.017351910471916,163964,/mnt/st_data/zhangzixin/bbs-test-master/experiments/picture/coverage_ids_stress/stress_results_v82/cov05_indel08_seed2030/ccpdp.txt
cov05_indel08_seed2030,5,8.0,2.0,4.0,4.0,2030,BBS,9984,1154,11.55849358974359,94.63678248834498,5.899539262820513,2.280448768287897,20504,/mnt/st_data/zhangzixin/bbs-test-master/experiments/picture/coverage_ids_stress/stress_results_v82/cov05_indel08_seed2030/bbs.txt
cov05_indel08_seed2030,5,8.0,2.0,4.0,4.0,2030,CPL,9984,6476,64.86378205128206,99.37791375291376,0.6842948717948718,1.864965334534645,16256,/mnt/st_data/zhangzixin/bbs-test-master/experiments/picture/coverage_ids_stress/stress_results_v82/cov05_indel08_seed2030/cpl.txt
cov05_indel10_seed2026,5,10.0,2.0,5.0,5.0,2026,CCP-DP,9984,5570,55.78926282051282,99.01196459790211,1.0868389423076923,3.023428950458765,166156,/mnt/st_data/zhangzixin/bbs-test-master/experiments/picture/coverage_ids_stress/stress_results_v82/cov05_indel10_seed2026/ccpdp.txt
cov05_indel10_seed2026,5,10.0,2.0,5.0,5.0,2026,BBS,9984,318,3.1850961538461537,92.08925189393939,8.701822916666666,2.207143619656563,21428,/mnt/st_data/zhangzixin/bbs-test-master/experiments/picture/coverage_ids_stress/stress_results_v82/cov05_indel10_seed2026/bbs.txt
cov05_indel10_seed2026,5,10.0,2.0,5.0,5.0,2026,CPL,9984,4454,44.611378205128204,98.88494318181819,1.2265625,2.04091515019536,17800,/mnt/st_data/zhangzixin/bbs-test-master/experiments/picture/coverage_ids_stress/stress_results_v82/cov05_indel10_seed2026/cpl.txt
cov05_indel10_seed2027,5,10.0,2.0,5.0,5.0,2027,CCP-DP,9984,5590,55.989583333333336,99.00859557109557,1.0905448717948718,3.0054949931800365,165172,/mnt/st_data/zhangzixin/bbs-test-master/experiments/picture/coverage_ids_stress/stress_results_v82/cov05_indel10_seed2027/ccpdp.txt
cov05_indel10_seed2027,5,10.0,2.0,5.0,5.0,2027,BBS,9984,291,2.9146634615384617,92.09580783799534,8.694611378205128,2.1803144216537476,21816,/mnt/st_data/zhangzixin/bbs-test-master/experiments/picture/coverage_ids_stress/stress_results_v82/cov05_indel10_seed2027/bbs.txt
cov05_indel10_seed2027,5,10.0,2.0,5.0,5.0,2027,CPL,9984,4499,45.06209935897436,98.89222756410257,1.2185496794871795,2.032527957111597,17556,/mnt/st_data/zhangzixin/bbs-test-master/experiments/picture/coverage_ids_stress/stress_results_v82/cov05_indel10_seed2027/cpl.txt
cov05_indel10_seed2028,5,10.0,2.0,5.0,5.0,2028,CCP-DP,9984,5464,54.7275641025641,98.96916885198135,1.1339142628205128,3.0719494931399822,165224,/mnt/st_data/zhangzixin/bbs-test-master/experiments/picture/coverage_ids_stress/stress_results_v82/cov05_indel10_seed2028/ccpdp.txt
cov05_indel10_seed2028,5,10.0,2.0,5.0,5.0,2028,BBS,9984,306,3.0649038461538463,91.9170673076923,8.891225961538462,2.2280293218791485,21268,/mnt/st_data/zhangzixin/bbs-test-master/experiments/picture/coverage_ids_stress/stress_results_v82/cov05_indel10_seed2028/bbs.txt
cov05_indel10_seed2028,5,10.0,2.0,5.0,5.0,2028,CPL,9984,4508,45.15224358974359,98.89714452214452,1.2131410256410255,2.0344719290733337,17664,/mnt/st_data/zhangzixin/bbs-test-master/experiments/picture/coverage_ids_stress/stress_results_v82/cov05_indel10_seed2028/cpl.txt
cov05_indel10_seed2029,5,10.0,2.0,5.0,5.0,2029,CCP-DP,9984,5584,55.92948717948718,99.00604603729603,1.093349358974359,3.076968040317297,165352,/mnt/st_data/zhangzixin/bbs-test-master/experiments/picture/coverage_ids_stress/stress_results_v82/cov05_indel10_seed2029/ccpdp.txt
cov05_indel10_seed2029,5,10.0,2.0,5.0,5.0,2029,BBS,9984,296,2.96474358974359,92.13177447552448,8.655048076923077,2.1853365562856197,20940,/mnt/st_data/zhangzixin/bbs-test-master/experiments/picture/coverage_ids_stress/stress_results_v82/cov05_indel10_seed2029/bbs.txt
cov05_indel10_seed2029,5,10.0,2.0,5.0,5.0,2029,CPL,9984,4458,44.65144230769231,98.88694638694638,1.2243589743589745,2.0221170485019684,17808,/mnt/st_data/zhangzixin/bbs-test-master/experiments/picture/coverage_ids_stress/stress_results_v82/cov05_indel10_seed2029/cpl.txt
cov05_indel10_seed2030,5,10.0,2.0,5.0,5.0,2030,CCP-DP,9984,5476,54.84775641025641,98.98009542540792,1.1218950320512822,3.0661082305014133,165140,/mnt/st_data/zhangzixin/bbs-test-master/experiments/picture/coverage_ids_stress/stress_results_v82/cov05_indel10_seed2030/ccpdp.txt
cov05_indel10_seed2030,5,10.0,2.0,5.0,5.0,2030,BBS,9984,274,2.7443910256410255,91.95694930069929,8.84735576923077,2.2724935337901115,20976,/mnt/st_data/zhangzixin/bbs-test-master/experiments/picture/coverage_ids_stress/stress_results_v82/cov05_indel10_seed2030/bbs.txt
cov05_indel10_seed2030,5,10.0,2.0,5.0,5.0,2030,CPL,9984,4460,44.67147435897436,98.87392555361305,1.238681891025641,2.019125562161207,17884,/mnt/st_data/zhangzixin/bbs-test-master/experiments/picture/coverage_ids_stress/stress_results_v82/cov05_indel10_seed2030/cpl.txt
cov06_indel02_seed2026,6,2.0,2.0,1.0,1.0,2026,CCP-DP,9984,9983,99.98998397435898,99.99990894522145,0.00010016025641025641,1.090206615626812,155604,/mnt/st_data/zhangzixin/bbs-test-master/experiments/picture/coverage_ids_stress/stress_results_refined/cov06_indel02_seed2026/ccpdp.txt
cov06_indel02_seed2026,6,2.0,2.0,1.0,1.0,2026,BBS,9984,9581,95.96354166666667,99.9434549825175,0.06219951923076923,2.221293892711401,21044,/mnt/st_data/zhangzixin/bbs-test-master/experiments/picture/coverage_ids_stress/stress_results_refined/cov06_indel02_seed2026/bbs.txt
cov06_indel02_seed2026,6,2.0,2.0,1.0,1.0,2026,CPL,9984,9951,99.66947115384616,99.99681308275058,0.0035056089743589745,1.9197161123156548,12228,/mnt/st_data/zhangzixin/bbs-test-master/experiments/picture/coverage_ids_stress/stress_results_refined/cov06_indel02_seed2026/cpl.txt
cov06_indel02_seed2027,6,2.0,2.0,1.0,1.0,2027,CCP-DP,9984,9983,99.98998397435898,99.99981789044288,0.00020032051282051281,1.0288189500570297,156840,/mnt/st_data/zhangzixin/bbs-test-master/experiments/picture/coverage_ids_stress/stress_results_refined/cov06_indel02_seed2027/ccpdp.txt
cov06_indel02_seed2027,6,2.0,2.0,1.0,1.0,2027,BBS,9984,9605,96.20392628205128,99.95219624125873,0.052584134615384616,1.9861546196043491,20980,/mnt/st_data/zhangzixin/bbs-test-master/experiments/picture/coverage_ids_stress/stress_results_refined/cov06_indel02_seed2027/bbs.txt
cov06_indel02_seed2027,6,2.0,2.0,1.0,1.0,2027,CPL,9984,9951,99.66947115384616,99.99681308275058,0.0035056089743589745,1.971720077097416,12280,/mnt/st_data/zhangzixin/bbs-test-master/experiments/picture/coverage_ids_stress/stress_results_refined/cov06_indel02_seed2027/cpl.txt
cov06_indel02_seed2028,6,2.0,2.0,1.0,1.0,2028,CCP-DP,9984,9982,99.97996794871794,99.99972683566433,0.00030048076923076925,1.0483456924557686,155176,/mnt/st_data/zhangzixin/bbs-test-master/experiments/picture/coverage_ids_stress/stress_results_refined/cov06_indel02_seed2028/ccpdp.txt
cov06_indel02_seed2028,6,2.0,2.0,1.0,1.0,2028,BBS,9984,9586,96.0136217948718,99.94126966783216,0.06460336538461539,2.381823942065239,20836,/mnt/st_data/zhangzixin/bbs-test-master/experiments/picture/coverage_ids_stress/stress_results_refined/cov06_indel02_seed2028/bbs.txt
cov06_indel02_seed2028,6,2.0,2.0,1.0,1.0,2028,CPL,9984,9946,99.61939102564102,99.99653991841491,0.0038060897435897435,1.8726752288639545,12256,/mnt/st_data/zhangzixin/bbs-test-master/experiments/picture/coverage_ids_stress/stress_results_refined/cov06_indel02_seed2028/cpl.txt
cov06_indel02_seed2029,6,2.0,2.0,1.0,1.0,2029,CCP-DP,9984,9983,99.98998397435898,99.99981789044288,0.00020032051282051281,1.0679486356675625,156120,/mnt/st_data/zhangzixin/bbs-test-master/experiments/picture/coverage_ids_stress/stress_results_refined/cov06_indel02_seed2029/ccpdp.txt
cov06_indel02_seed2029,6,2.0,2.0,1.0,1.0,2029,BBS,9984,9561,95.76322115384616,99.93926646270396,0.06680689102564102,2.2046225629746914,20696,/mnt/st_data/zhangzixin/bbs-test-master/experiments/picture/coverage_ids_stress/stress_results_refined/cov06_indel02_seed2029/bbs.txt
cov06_indel02_seed2029,6,2.0,2.0,1.0,1.0,2029,CPL,9984,9943,99.58934294871794,99.99599358974359,0.004407051282051282,1.8462453484535217,12264,/mnt/st_data/zhangzixin/bbs-test-master/experiments/picture/coverage_ids_stress/stress_results_refined/cov06_indel02_seed2029/cpl.txt
cov06_indel02_seed2030,6,2.0,2.0,1.0,1.0,2030,CCP-DP,9984,9984,100.0,100.0,0.0,1.0682154186069965,156816,/mnt/st_data/zhangzixin/bbs-test-master/experiments/picture/coverage_ids_stress/stress_results_refined/cov06_indel02_seed2030/ccpdp.txt
cov06_indel02_seed2030,6,2.0,2.0,1.0,1.0,2030,BBS,9984,9583,95.98357371794872,99.93298368298368,0.07371794871794872,2.3071962147951126,21012,/mnt/st_data/zhangzixin/bbs-test-master/experiments/picture/coverage_ids_stress/stress_results_refined/cov06_indel02_seed2030/bbs.txt
cov06_indel02_seed2030,6,2.0,2.0,1.0,1.0,2030,CPL,9984,9947,99.62940705128206,99.99653991841491,0.0038060897435897435,1.854369331151247,12188,/mnt/st_data/zhangzixin/bbs-test-master/experiments/picture/coverage_ids_stress/stress_results_refined/cov06_indel02_seed2030/cpl.txt
cov06_indel04_seed2026,6,4.0,2.0,2.0,2.0,2026,CCP-DP,9984,9982,99.97996794871794,99.99972683566433,0.00030048076923076925,1.0730456970632076,156680,/mnt/st_data/zhangzixin/bbs-test-master/experiments/picture/coverage_ids_stress/stress_results_refined/cov06_indel04_seed2026/ccpdp.txt
cov06_indel04_seed2026,6,4.0,2.0,2.0,2.0,2026,BBS,9984,8179,81.92107371794872,99.54964306526807,0.4953926282051282,2.3589965663850307,20924,/mnt/st_data/zhangzixin/bbs-test-master/experiments/picture/coverage_ids_stress/stress_results_refined/cov06_indel04_seed2026/bbs.txt
cov06_indel04_seed2026,6,4.0,2.0,2.0,2.0,2026,CPL,9984,9870,98.85817307692308,99.98543123543124,0.016025641025641024,2.0073159001767635,14296,/mnt/st_data/zhangzixin/bbs-test-master/experiments/picture/coverage_ids_stress/stress_results_refined/cov06_indel04_seed2026/cpl.txt
cov06_indel04_seed2027,6,4.0,2.0,2.0,2.0,2027,CCP-DP,9984,9981,99.96995192307692,99.99945367132868,0.0006009615384615385,1.0557484328746796,156608,/mnt/st_data/zhangzixin/bbs-test-master/experiments/picture/coverage_ids_stress/stress_results_refined/cov06_indel04_seed2027/ccpdp.txt
cov06_indel04_seed2027,6,4.0,2.0,2.0,2.0,2027,BBS,9984,8205,82.18149038461539,99.55128205128206,0.4935897435897436,2.410677634179592,20928,/mnt/st_data/zhangzixin/bbs-test-master/experiments/picture/coverage_ids_stress/stress_results_refined/cov06_indel04_seed2027/bbs.txt
cov06_indel04_seed2027,6,4.0,2.0,2.0,2.0,2027,CPL,9984,9878,98.93830128205128,99.98743444055944,0.013822115384615384,2.0060910359025,14204,/mnt/st_data/zhangzixin/bbs-test-master/experiments/picture/coverage_ids_stress/stress_results_refined/cov06_indel04_seed2027/cpl.txt
cov06_indel04_seed2028,6,4.0,2.0,2.0,2.0,2028,CCP-DP,9984,9983,99.98998397435898,99.99990894522145,0.00010016025641025641,1.0726884789764881,157428,/mnt/st_data/zhangzixin/bbs-test-master/experiments/picture/coverage_ids_stress/stress_results_refined/cov06_indel04_seed2028/ccpdp.txt
cov06_indel04_seed2028,6,4.0,2.0,2.0,2.0,2028,BBS,9984,8056,80.68910256410257,99.48645104895105,0.5649038461538461,2.3719100020825863,21192,/mnt/st_data/zhangzixin/bbs-test-master/experiments/picture/coverage_ids_stress/stress_results_refined/cov06_indel04_seed2028/bbs.txt
cov06_indel04_seed2028,6,4.0,2.0,2.0,2.0,2028,CPL,9984,9852,98.67788461538461,99.98361013986013,0.018028846153846152,2.0124024972319603,14184,/mnt/st_data/zhangzixin/bbs-test-master/experiments/picture/coverage_ids_stress/stress_results_refined/cov06_indel04_seed2028/cpl.txt
cov06_indel04_seed2029,6,4.0,2.0,2.0,2.0,2029,CCP-DP,9984,9982,99.97996794871794,99.99963578088578,0.00040064102564102563,1.0583980046212673,157500,/mnt/st_data/zhangzixin/bbs-test-master/experiments/picture/coverage_ids_stress/stress_results_refined/cov06_indel04_seed2029/ccpdp.txt
cov06_indel04_seed2029,6,4.0,2.0,2.0,2.0,2029,BBS,9984,8072,80.84935897435898,99.4825356934732,0.5692107371794872,2.161371722817421,21148,/mnt/st_data/zhangzixin/bbs-test-master/experiments/picture/coverage_ids_stress/stress_results_refined/cov06_indel04_seed2029/bbs.txt
cov06_indel04_seed2029,6,4.0,2.0,2.0,2.0,2029,CPL,9984,9836,98.5176282051282,99.98160693473194,0.020232371794871796,2.1088727340102196,14104,/mnt/st_data/zhangzixin/bbs-test-master/experiments/picture/coverage_ids_stress/stress_results_refined/cov06_indel04_seed2029/cpl.txt
cov06_indel04_seed2030,6,4.0,2.0,2.0,2.0,2030,CCP-DP,9984,9981,99.96995192307692,99.99963578088578,0.00040064102564102563,1.0701395347714424,158084,/mnt/st_data/zhangzixin/bbs-test-master/experiments/picture/coverage_ids_stress/stress_results_refined/cov06_indel04_seed2030/ccpdp.txt
cov06_indel04_seed2030,6,4.0,2.0,2.0,2.0,2030,BBS,9984,8121,81.34014423076923,99.48044143356644,0.5715144230769231,2.549049846827984,20656,/mnt/st_data/zhangzixin/bbs-test-master/experiments/picture/coverage_ids_stress/stress_results_refined/cov06_indel04_seed2030/bbs.txt
cov06_indel04_seed2030,6,4.0,2.0,2.0,2.0,2030,CPL,9984,9852,98.67788461538461,99.98379224941725,0.01782852564102564,2.0282180309295654,14208,/mnt/st_data/zhangzixin/bbs-test-master/experiments/picture/coverage_ids_stress/stress_results_refined/cov06_indel04_seed2030/cpl.txt
cov06_indel06_seed2026,6,6.0,2.0,3.0,3.0,2026,CCP-DP,9984,9952,99.67948717948718,99.99581148018648,0.004607371794871795,2.105974067002535,164052,/mnt/st_data/zhangzixin/bbs-test-master/experiments/picture/coverage_ids_stress/stress_results_refined/cov06_indel06_seed2026/ccpdp.txt
cov06_indel06_seed2026,6,6.0,2.0,3.0,3.0,2026,BBS,9984,5222,52.3036858974359,98.2375437062937,1.9387019230769231,2.503123041242361,21460,/mnt/st_data/zhangzixin/bbs-test-master/experiments/picture/coverage_ids_stress/stress_results_refined/cov06_indel06_seed2026/bbs.txt
cov06_indel06_seed2026,6,6.0,2.0,3.0,3.0,2026,CPL,9984,9529,95.44270833333333,99.93098047785548,0.07592147435897435,2.2959146685898304,16080,/mnt/st_data/zhangzixin/bbs-test-master/experiments/picture/coverage_ids_stress/stress_results_refined/cov06_indel06_seed2026/cpl.txt
cov06_indel06_seed2027,6,6.0,2.0,3.0,3.0,2027,CCP-DP,9984,9933,99.4891826923077,99.99271561771562,0.008012820512820512,1.9750709235668182,163748,/mnt/st_data/zhangzixin/bbs-test-master/experiments/picture/coverage_ids_stress/stress_results_refined/cov06_indel06_seed2027/ccpdp.txt
cov06_indel06_seed2027,6,6.0,2.0,3.0,3.0,2027,BBS,9984,5280,52.88461538461539,98.20640297202797,1.9729567307692308,2.216989394277334,20756,/mnt/st_data/zhangzixin/bbs-test-master/experiments/picture/coverage_ids_stress/stress_results_refined/cov06_indel06_seed2027/bbs.txt
cov06_indel06_seed2027,6,6.0,2.0,3.0,3.0,2027,CPL,9984,9566,95.81330128205128,99.93607954545455,0.0703125,2.2855269722640514,16112,/mnt/st_data/zhangzixin/bbs-test-master/experiments/picture/coverage_ids_stress/stress_results_refined/cov06_indel06_seed2027/cpl.txt
cov06_indel06_seed2028,6,6.0,2.0,3.0,3.0,2028,CCP-DP,9984,9947,99.62940705128206,99.99444565850816,0.006109775641025641,1.9828333258628845,164160,/mnt/st_data/zhangzixin/bbs-test-master/experiments/picture/coverage_ids_stress/stress_results_refined/cov06_indel06_seed2028/ccpdp.txt
cov06_indel06_seed2028,6,6.0,2.0,3.0,3.0,2028,BBS,9984,5280,52.88461538461539,98.17353219696969,2.0091145833333335,2.2085378728806973,20944,/mnt/st_data/zhangzixin/bbs-test-master/experiments/picture/coverage_ids_stress/stress_results_refined/cov06_indel06_seed2028/bbs.txt
cov06_indel06_seed2028,6,6.0,2.0,3.0,3.0,2028,CPL,9984,9541,95.56290064102564,99.93298368298368,0.07371794871794872,2.186365693807602,16004,/mnt/st_data/zhangzixin/bbs-test-master/experiments/picture/coverage_ids_stress/stress_results_refined/cov06_indel06_seed2028/cpl.txt
cov06_indel06_seed2029,6,6.0,2.0,3.0,3.0,2029,CCP-DP,9984,9952,99.67948717948718,99.99590253496503,0.004507211538461538,1.9676338210701942,164452,/mnt/st_data/zhangzixin/bbs-test-master/experiments/picture/coverage_ids_stress/stress_results_refined/cov06_indel06_seed2029/ccpdp.txt
cov06_indel06_seed2029,6,6.0,2.0,3.0,3.0,2029,BBS,9984,5313,53.21514423076923,98.17298586829837,2.0097155448717947,2.1638727746903896,21116,/mnt/st_data/zhangzixin/bbs-test-master/experiments/picture/coverage_ids_stress/stress_results_refined/cov06_indel06_seed2029/bbs.txt
cov06_indel06_seed2029,6,6.0,2.0,3.0,3.0,2029,CPL,9984,9516,95.3125,99.93116258741259,0.07572115384615384,2.1829924285411835,16128,/mnt/st_data/zhangzixin/bbs-test-master/experiments/picture/coverage_ids_stress/stress_results_refined/cov06_indel06_seed2029/cpl.txt
cov06_indel06_seed2030,6,6.0,2.0,3.0,3.0,2030,CCP-DP,9984,9941,99.5693108974359,99.9943546037296,0.006209935897435897,1.9873893707990646,164460,/mnt/st_data/zhangzixin/bbs-test-master/experiments/picture/coverage_ids_stress/stress_results_refined/cov06_indel06_seed2030/ccpdp.txt
cov06_indel06_seed2030,6,6.0,2.0,3.0,3.0,2030,BBS,9984,5262,52.70432692307692,98.20348921911422,1.976161858974359,2.3511080630123615,21528,/mnt/st_data/zhangzixin/bbs-test-master/experiments/picture/coverage_ids_stress/stress_results_refined/cov06_indel06_seed2030/bbs.txt
cov06_indel06_seed2030,6,6.0,2.0,3.0,3.0,2030,CPL,9984,9542,95.57291666666667,99.93462266899766,0.0719150641025641,2.1944009736180305,15944,/mnt/st_data/zhangzixin/bbs-test-master/experiments/picture/coverage_ids_stress/stress_results_refined/cov06_indel06_seed2030/cpl.txt
cov06_indel08_seed2026,6,8.0,2.0,4.0,4.0,2026,CCP-DP,9984,9414,94.29086538461539,99.91541011072262,0.09304887820512821,3.0432578437030315,166388,/mnt/st_data/zhangzixin/bbs-test-master/experiments/picture/coverage_ids_stress/stress_results_refined/cov06_indel08_seed2026/ccpdp.txt
cov06_indel08_seed2026,6,8.0,2.0,4.0,4.0,2026,BBS,9984,2325,23.287259615384617,95.93677156177156,4.469551282051282,2.475322175770998,21316,/mnt/st_data/zhangzixin/bbs-test-master/experiments/picture/coverage_ids_stress/stress_results_refined/cov06_indel08_seed2026/bbs.txt
cov06_indel08_seed2026,6,8.0,2.0,4.0,4.0,2026,CPL,9984,8760,87.74038461538461,99.7970388986014,0.22325721153846154,2.4473907314240932,18116,/mnt/st_data/zhangzixin/bbs-test-master/experiments/picture/coverage_ids_stress/stress_results_refined/cov06_indel08_seed2026/cpl.txt
cov06_indel08_seed2027,6,8.0,2.0,4.0,4.0,2027,CCP-DP,9984,9478,94.93189102564102,99.92642773892774,0.08092948717948718,3.049757517874241,165252,/mnt/st_data/zhangzixin/bbs-test-master/experiments/picture/coverage_ids_stress/stress_results_refined/cov06_indel08_seed2027/ccpdp.txt
cov06_indel08_seed2027,6,8.0,2.0,4.0,4.0,2027,BBS,9984,2425,24.28886217948718,96.10067016317016,4.28926282051282,2.516171909868717,21548,/mnt/st_data/zhangzixin/bbs-test-master/experiments/picture/coverage_ids_stress/stress_results_refined/cov06_indel08_seed2027/bbs.txt
cov06_indel08_seed2027,6,8.0,2.0,4.0,4.0,2027,CPL,9984,8765,87.79046474358974,99.80040792540792,0.21955128205128205,2.3764191418886185,18084,/mnt/st_data/zhangzixin/bbs-test-master/experiments/picture/coverage_ids_stress/stress_results_refined/cov06_indel08_seed2027/cpl.txt
cov06_indel08_seed2028,6,8.0,2.0,4.0,4.0,2028,CCP-DP,9984,9276,92.90865384615384,99.8934659090909,0.1171875,3.112466935068369,165276,/mnt/st_data/zhangzixin/bbs-test-master/experiments/picture/coverage_ids_stress/stress_results_refined/cov06_indel08_seed2028/ccpdp.txt
cov06_indel08_seed2028,6,8.0,2.0,4.0,4.0,2028,BBS,9984,2452,24.559294871794872,96.00688374125875,4.392427884615385,2.378659650683403,21292,/mnt/st_data/zhangzixin/bbs-test-master/experiments/picture/coverage_ids_stress/stress_results_refined/cov06_indel08_seed2028/bbs.txt
cov06_indel08_seed2028,6,8.0,2.0,4.0,4.0,2028,CPL,9984,8767,87.8104967948718,99.79940632284382,0.22065304487179488,2.383430153131485,18044,/mnt/st_data/zhangzixin/bbs-test-master/experiments/picture/coverage_ids_stress/stress_results_refined/cov06_indel08_seed2028/cpl.txt
cov06_indel08_seed2029,6,8.0,2.0,4.0,4.0,2029,CCP-DP,9984,9480,94.95192307692308,99.92688301282051,0.0804286858974359,3.0852234289050102,165888,/mnt/st_data/zhangzixin/bbs-test-master/experiments/picture/coverage_ids_stress/stress_results_refined/cov06_indel08_seed2029/ccpdp.txt
cov06_indel08_seed2029,6,8.0,2.0,4.0,4.0,2029,BBS,9984,2454,24.579326923076923,96.01498761655012,4.383513621794871,2.395431526005268,21688,/mnt/st_data/zhangzixin/bbs-test-master/experiments/picture/coverage_ids_stress/stress_results_refined/cov06_indel08_seed2029/bbs.txt
cov06_indel08_seed2029,6,8.0,2.0,4.0,4.0,2029,CPL,9984,8679,86.92908653846153,99.78465544871796,0.23687900641025642,2.392725568264723,17932,/mnt/st_data/zhangzixin/bbs-test-master/experiments/picture/coverage_ids_stress/stress_results_refined/cov06_indel08_seed2029/cpl.txt
cov06_indel08_seed2030,6,8.0,2.0,4.0,4.0,2030,CCP-DP,9984,9416,94.31089743589743,99.91668487762237,0.09164663461538461,3.0300549156963825,166008,/mnt/st_data/zhangzixin/bbs-test-master/experiments/picture/coverage_ids_stress/stress_results_refined/cov06_indel08_seed2030/ccpdp.txt
cov06_indel08_seed2030,6,8.0,2.0,4.0,4.0,2030,BBS,9984,2393,23.968349358974358,96.01790136946387,4.380308493589744,2.642121557146311,21116,/mnt/st_data/zhangzixin/bbs-test-master/experiments/picture/coverage_ids_stress/stress_results_refined/cov06_indel08_seed2030/bbs.txt
cov06_indel08_seed2030,6,8.0,2.0,4.0,4.0,2030,CPL,9984,8718,87.31971153846153,99.79039189976689,0.23056891025641027,2.441830512136221,18032,/mnt/st_data/zhangzixin/bbs-test-master/experiments/picture/coverage_ids_stress/stress_results_refined/cov06_indel08_seed2030/cpl.txt
cov06_indel10_seed2026,6,10.0,2.0,5.0,5.0,2026,CCP-DP,9984,6919,69.30088141025641,99.41469988344988,0.6438301282051282,3.1580864004790783,166788,/mnt/st_data/zhangzixin/bbs-test-master/experiments/picture/coverage_ids_stress/stress_results_refined/cov06_indel10_seed2026/ccpdp.txt
cov06_indel10_seed2026,6,10.0,2.0,5.0,5.0,2026,BBS,9984,791,7.922676282051282,93.45552884615384,7.198918269230769,2.5283054001629353,21812,/mnt/st_data/zhangzixin/bbs-test-master/experiments/picture/coverage_ids_stress/stress_results_refined/cov06_indel10_seed2026/bbs.txt
cov06_indel10_seed2026,6,10.0,2.0,5.0,5.0,2026,CPL,9984,7367,73.7880608974359,99.5310678904429,0.5158253205128205,2.716263547539711,19716,/mnt/st_data/zhangzixin/bbs-test-master/experiments/picture/coverage_ids_stress/stress_results_refined/cov06_indel10_seed2026/cpl.txt
cov06_indel10_seed2027,6,10.0,2.0,5.0,5.0,2027,CCP-DP,9984,7013,70.24238782051282,99.43855623543124,0.6175881410256411,3.112444292753935,167240,/mnt/st_data/zhangzixin/bbs-test-master/experiments/picture/coverage_ids_stress/stress_results_refined/cov06_indel10_seed2027/ccpdp.txt
cov06_indel10_seed2027,6,10.0,2.0,5.0,5.0,2027,BBS,9984,755,7.562099358974359,93.52682473776224,7.120492788461538,2.471339337527752,21292,/mnt/st_data/zhangzixin/bbs-test-master/experiments/picture/coverage_ids_stress/stress_results_refined/cov06_indel10_seed2027/bbs.txt
cov06_indel10_seed2027,6,10.0,2.0,5.0,5.0,2027,CPL,9984,7388,73.99839743589743,99.53999125874125,0.5060096153846154,2.6707101836800575,19704,/mnt/st_data/zhangzixin/bbs-test-master/experiments/picture/coverage_ids_stress/stress_results_refined/cov06_indel10_seed2027/cpl.txt
cov06_indel10_seed2028,6,10.0,2.0,5.0,5.0,2028,CCP-DP,9984,6907,69.1806891025641,99.40431963869464,0.6552483974358975,3.097739093005657,167404,/mnt/st_data/zhangzixin/bbs-test-master/experiments/picture/coverage_ids_stress/stress_results_refined/cov06_indel10_seed2028/ccpdp.txt
cov06_indel10_seed2028,6,10.0,2.0,5.0,5.0,2028,BBS,9984,815,8.163060897435898,93.3887856934732,7.272335737179487,2.3958257026970387,21056,/mnt/st_data/zhangzixin/bbs-test-master/experiments/picture/coverage_ids_stress/stress_results_refined/cov06_indel10_seed2028/bbs.txt
cov06_indel10_seed2028,6,10.0,2.0,5.0,5.0,2028,CPL,9984,7434,74.45913461538461,99.55146416083916,0.4933894230769231,2.6663698814809322,19684,/mnt/st_data/zhangzixin/bbs-test-master/experiments/picture/coverage_ids_stress/stress_results_refined/cov06_indel10_seed2028/cpl.txt
cov06_indel10_seed2029,6,10.0,2.0,5.0,5.0,2029,CCP-DP,9984,7007,70.18229166666667,99.42662805944056,0.6307091346153846,3.1527975983917713,167596,/mnt/st_data/zhangzixin/bbs-test-master/experiments/picture/coverage_ids_stress/stress_results_refined/cov06_indel10_seed2029/ccpdp.txt
cov06_indel10_seed2029,6,10.0,2.0,5.0,5.0,2029,BBS,9984,823,8.243189102564102,93.51116331585082,7.137720352564102,2.462739747017622,21308,/mnt/st_data/zhangzixin/bbs-test-master/experiments/picture/coverage_ids_stress/stress_results_refined/cov06_indel10_seed2029/bbs.txt
cov06_indel10_seed2029,6,10.0,2.0,5.0,5.0,2029,CPL,9984,7312,73.23717948717949,99.52870046620048,0.5184294871794872,2.687202639877796,19696,/mnt/st_data/zhangzixin/bbs-test-master/experiments/picture/coverage_ids_stress/stress_results_refined/cov06_indel10_seed2029/cpl.txt
cov06_indel10_seed2030,6,10.0,2.0,5.0,5.0,2030,CCP-DP,9984,6895,69.0604967948718,99.4035912004662,0.6560496794871795,3.114090245217085,167536,/mnt/st_data/zhangzixin/bbs-test-master/experiments/picture/coverage_ids_stress/stress_results_refined/cov06_indel10_seed2030/ccpdp.txt
cov06_indel10_seed2030,6,10.0,2.0,5.0,5.0,2030,BBS,9984,764,7.652243589743589,93.500692016317,7.149238782051282,2.08804364874959,21420,/mnt/st_data/zhangzixin/bbs-test-master/experiments/picture/coverage_ids_stress/stress_results_refined/cov06_indel10_seed2030/bbs.txt
cov06_indel10_seed2030,6,10.0,2.0,5.0,5.0,2030,CPL,9984,7361,73.72796474358974,99.53616695804196,0.5102163461538461,2.6133830845355988,19308,/mnt/st_data/zhangzixin/bbs-test-master/experiments/picture/coverage_ids_stress/stress_results_refined/cov06_indel10_seed2030/cpl.txt
cov07_indel02_seed2026,7,2.0,2.0,1.0,1.0,2026,CCP-DP,9984,9984,100.0,100.0,0.0,1.1091789305210114,156784,/mnt/st_data/zhangzixin/bbs-test-master/experiments/picture/coverage_ids_stress/stress_results_refined/cov07_indel02_seed2026/ccpdp.txt
cov07_indel02_seed2026,7,2.0,2.0,1.0,1.0,2026,BBS,9984,9828,98.4375,99.97942162004662,0.022636217948717948,2.322007242590189,21244,/mnt/st_data/zhangzixin/bbs-test-master/experiments/picture/coverage_ids_stress/stress_results_refined/cov07_indel02_seed2026/bbs.txt
cov07_indel02_seed2026,7,2.0,2.0,1.0,1.0,2026,CPL,9984,9966,99.81971153846153,99.99826995920746,0.0019030448717948718,2.4484185576438904,12884,/mnt/st_data/zhangzixin/bbs-test-master/experiments/picture/coverage_ids_stress/stress_results_refined/cov07_indel02_seed2026/cpl.txt
cov07_indel02_seed2027,7,2.0,2.0,1.0,1.0,2027,CCP-DP,9984,9984,100.0,100.0,0.0,1.094740692526102,157588,/mnt/st_data/zhangzixin/bbs-test-master/experiments/picture/coverage_ids_stress/stress_results_refined/cov07_indel02_seed2027/ccpdp.txt
cov07_indel02_seed2027,7,2.0,2.0,1.0,1.0,2027,BBS,9984,9820,98.3573717948718,99.98042322261072,0.021534455128205128,2.373343501240015,21236,/mnt/st_data/zhangzixin/bbs-test-master/experiments/picture/coverage_ids_stress/stress_results_refined/cov07_indel02_seed2027/bbs.txt
cov07_indel02_seed2027,7,2.0,2.0,1.0,1.0,2027,CPL,9984,9972,99.8798076923077,99.99890734265733,0.001201923076923077,2.4149362072348595,12836,/mnt/st_data/zhangzixin/bbs-test-master/experiments/picture/coverage_ids_stress/stress_results_refined/cov07_indel02_seed2027/cpl.txt
cov07_indel02_seed2028,7,2.0,2.0,1.0,1.0,2028,CCP-DP,9984,9984,100.0,100.0,0.0,1.137160886079073,157148,/mnt/st_data/zhangzixin/bbs-test-master/experiments/picture/coverage_ids_stress/stress_results_refined/cov07_indel02_seed2028/ccpdp.txt
cov07_indel02_seed2028,7,2.0,2.0,1.0,1.0,2028,BBS,9984,9840,98.5576923076923,99.98570439976689,0.015725160256410256,2.4115891940891743,20988,/mnt/st_data/zhangzixin/bbs-test-master/experiments/picture/coverage_ids_stress/stress_results_refined/cov07_indel02_seed2028/bbs.txt
cov07_indel02_seed2028,7,2.0,2.0,1.0,1.0,2028,CPL,9984,9970,99.85977564102564,99.99872523310025,0.0014022435897435897,2.4087718166410923,12928,/mnt/st_data/zhangzixin/bbs-test-master/experiments/picture/coverage_ids_stress/stress_results_refined/cov07_indel02_seed2028/cpl.txt
cov07_indel02_seed2029,7,2.0,2.0,1.0,1.0,2029,CCP-DP,9984,9984,100.0,100.0,0.0,1.1048991158604622,157484,/mnt/st_data/zhangzixin/bbs-test-master/experiments/picture/coverage_ids_stress/stress_results_refined/cov07_indel02_seed2029/ccpdp.txt
cov07_indel02_seed2029,7,2.0,2.0,1.0,1.0,2029,BBS,9984,9815,98.30729166666667,99.98297275641026,0.018729967948717948,2.351070050150156,21080,/mnt/st_data/zhangzixin/bbs-test-master/experiments/picture/coverage_ids_stress/stress_results_refined/cov07_indel02_seed2029/bbs.txt
cov07_indel02_seed2029,7,2.0,2.0,1.0,1.0,2029,CPL,9984,9960,99.75961538461539,99.9978146853147,0.002403846153846154,2.531379859894514,12908,/mnt/st_data/zhangzixin/bbs-test-master/experiments/picture/coverage_ids_stress/stress_results_refined/cov07_indel02_seed2029/cpl.txt
cov07_indel02_seed2030,7,2.0,2.0,1.0,1.0,2030,CCP-DP,9984,9984,100.0,100.0,0.0,1.1074271015822887,157492,/mnt/st_data/zhangzixin/bbs-test-master/experiments/picture/coverage_ids_stress/stress_results_refined/cov07_indel02_seed2030/ccpdp.txt
cov07_indel02_seed2030,7,2.0,2.0,1.0,1.0,2030,BBS,9984,9838,98.53766025641026,99.97104458041957,0.031850961538461536,2.1234402991831303,20904,/mnt/st_data/zhangzixin/bbs-test-master/experiments/picture/coverage_ids_stress/stress_results_refined/cov07_indel02_seed2030/bbs.txt
cov07_indel02_seed2030,7,2.0,2.0,1.0,1.0,2030,CPL,9984,9969,99.84975961538461,99.99863417832168,0.0015024038461538462,2.4000085294246674,12828,/mnt/st_data/zhangzixin/bbs-test-master/experiments/picture/coverage_ids_stress/stress_results_refined/cov07_indel02_seed2030/cpl.txt
cov07_indel04_seed2026,7,4.0,2.0,2.0,2.0,2026,CCP-DP,9984,9984,100.0,100.0,0.0,1.1382278949022293,159544,/mnt/st_data/zhangzixin/bbs-test-master/experiments/picture/coverage_ids_stress/stress_results_refined/cov07_indel04_seed2026/ccpdp.txt
cov07_indel04_seed2026,7,4.0,2.0,2.0,2.0,2026,BBS,9984,9058,90.72516025641026,99.80350378787878,0.21614583333333334,2.3975422009825706,21544,/mnt/st_data/zhangzixin/bbs-test-master/experiments/picture/coverage_ids_stress/stress_results_refined/cov07_indel04_seed2026/bbs.txt
cov07_indel04_seed2026,7,4.0,2.0,2.0,2.0,2026,CPL,9984,9954,99.69951923076923,99.99572042540792,0.004707532051282051,2.7051861248910427,15320,/mnt/st_data/zhangzixin/bbs-test-master/experiments/picture/coverage_ids_stress/stress_results_refined/cov07_indel04_seed2026/cpl.txt
cov07_indel04_seed2027,7,4.0,2.0,2.0,2.0,2027,CCP-DP,9984,9982,99.97996794871794,99.99972683566433,0.00030048076923076925,1.1304444633424282,158696,/mnt/st_data/zhangzixin/bbs-test-master/experiments/picture/coverage_ids_stress/stress_results_refined/cov07_indel04_seed2027/ccpdp.txt
cov07_indel04_seed2027,7,4.0,2.0,2.0,2.0,2027,BBS,9984,9059,90.73517628205128,99.75743006993008,0.2668269230769231,2.4525252990424633,20428,/mnt/st_data/zhangzixin/bbs-test-master/experiments/picture/coverage_ids_stress/stress_results_refined/cov07_indel04_seed2027/bbs.txt
cov07_indel04_seed2027,7,4.0,2.0,2.0,2.0,2027,CPL,9984,9948,99.63942307692308,99.99608464452214,0.004306891025641026,2.6214739494025707,15060,/mnt/st_data/zhangzixin/bbs-test-master/experiments/picture/coverage_ids_stress/stress_results_refined/cov07_indel04_seed2027/cpl.txt
cov07_indel04_seed2028,7,4.0,2.0,2.0,2.0,2028,CCP-DP,9984,9984,100.0,100.0,0.0,1.1303518451750278,158568,/mnt/st_data/zhangzixin/bbs-test-master/experiments/picture/coverage_ids_stress/stress_results_refined/cov07_indel04_seed2028/ccpdp.txt
cov07_indel04_seed2028,7,4.0,2.0,2.0,2.0,2028,BBS,9984,8979,89.93389423076923,99.77536786130537,0.24709535256410256,2.2176296673715115,21304,/mnt/st_data/zhangzixin/bbs-test-master/experiments/picture/coverage_ids_stress/stress_results_refined/cov07_indel04_seed2028/bbs.txt
cov07_indel04_seed2028,7,4.0,2.0,2.0,2.0,2028,CPL,9984,9955,99.70953525641026,99.99653991841491,0.0038060897435897435,2.6427446231245995,15056,/mnt/st_data/zhangzixin/bbs-test-master/experiments/picture/coverage_ids_stress/stress_results_refined/cov07_indel04_seed2028/cpl.txt
cov07_indel04_seed2029,7,4.0,2.0,2.0,2.0,2029,CCP-DP,9984,9984,100.0,100.0,0.0,1.156452052295208,158788,/mnt/st_data/zhangzixin/bbs-test-master/experiments/picture/coverage_ids_stress/stress_results_refined/cov07_indel04_seed2029/ccpdp.txt
cov07_indel04_seed2029,7,4.0,2.0,2.0,2.0,2029,BBS,9984,8968,89.82371794871794,99.75278627622379,0.27193509615384615,2.4436392597854137,20352,/mnt/st_data/zhangzixin/bbs-test-master/experiments/picture/coverage_ids_stress/stress_results_refined/cov07_indel04_seed2029/bbs.txt
cov07_indel04_seed2029,7,4.0,2.0,2.0,2.0,2029,CPL,9984,9941,99.5693108974359,99.99517409673659,0.00530849358974359,2.789064921438694,15080,/mnt/st_data/zhangzixin/bbs-test-master/experiments/picture/coverage_ids_stress/stress_results_refined/cov07_indel04_seed2029/cpl.txt
cov07_indel04_seed2030,7,4.0,2.0,2.0,2.0,2030,CCP-DP,9984,9982,99.97996794871794,99.99972683566433,0.00030048076923076925,1.1719809882342815,159124,/mnt/st_data/zhangzixin/bbs-test-master/experiments/picture/coverage_ids_stress/stress_results_refined/cov07_indel04_seed2030/ccpdp.txt
cov07_indel04_seed2030,7,4.0,2.0,2.0,2.0,2030,BBS,9984,9029,90.43469551282051,99.78629443473194,0.2350761217948718,2.465245336294174,20376,/mnt/st_data/zhangzixin/bbs-test-master/experiments/picture/coverage_ids_stress/stress_results_refined/cov07_indel04_seed2030/bbs.txt
cov07_indel04_seed2030,7,4.0,2.0,2.0,2.0,2030,CPL,9984,9948,99.63942307692308,99.99617569930071,0.004206730769230769,2.620768439024687,15188,/mnt/st_data/zhangzixin/bbs-test-master/experiments/picture/coverage_ids_stress/stress_results_refined/cov07_indel04_seed2030/cpl.txt
cov07_indel06_seed2026,7,6.0,2.0,3.0,3.0,2026,CCP-DP,9984,9968,99.83974358974359,99.99790574009324,0.0023036858974358975,1.5546762757003307,165556,/mnt/st_data/zhangzixin/bbs-test-master/experiments/picture/coverage_ids_stress/stress_results_refined/cov07_indel06_seed2026/ccpdp.txt
cov07_indel06_seed2026,7,6.0,2.0,3.0,3.0,2026,BBS,9984,6832,68.42948717948718,98.95305215617715,1.1516426282051282,2.617801681160927,21160,/mnt/st_data/zhangzixin/bbs-test-master/experiments/picture/coverage_ids_stress/stress_results_refined/cov07_indel06_seed2026/bbs.txt
cov07_indel06_seed2026,7,6.0,2.0,3.0,3.0,2026,CPL,9984,9857,98.72796474358974,99.9818800990676,0.019931891025641024,2.8730648048222065,17592,/mnt/st_data/zhangzixin/bbs-test-master/experiments/picture/coverage_ids_stress/stress_results_refined/cov07_indel06_seed2026/cpl.txt
cov07_indel06_seed2027,7,6.0,2.0,3.0,3.0,2027,CCP-DP,9984,9962,99.77964743589743,99.99690413752914,0.003405448717948718,1.5202067457139492,165692,/mnt/st_data/zhangzixin/bbs-test-master/experiments/picture/coverage_ids_stress/stress_results_refined/cov07_indel06_seed2027/ccpdp.txt
cov07_indel06_seed2027,7,6.0,2.0,3.0,3.0,2027,BBS,9984,6890,69.01041666666667,98.91999927156178,1.1880008012820513,2.4979226626455784,21600,/mnt/st_data/zhangzixin/bbs-test-master/experiments/picture/coverage_ids_stress/stress_results_refined/cov07_indel06_seed2027/bbs.txt
cov07_indel06_seed2027,7,6.0,2.0,3.0,3.0,2027,CPL,9984,9862,98.77804487179488,99.98260853729603,0.019130608974358976,2.88747326657176,17340,/mnt/st_data/zhangzixin/bbs-test-master/experiments/picture/coverage_ids_stress/stress_results_refined/cov07_indel06_seed2027/cpl.txt
cov07_indel06_seed2028,7,6.0,2.0,3.0,3.0,2028,CCP-DP,9984,9979,99.94991987179488,99.999180506993,0.0009014423076923077,1.6016160435974598,166024,/mnt/st_data/zhangzixin/bbs-test-master/experiments/picture/coverage_ids_stress/stress_results_refined/cov07_indel06_seed2028/ccpdp.txt
cov07_indel06_seed2028,7,6.0,2.0,3.0,3.0,2028,BBS,9984,6912,69.23076923076923,98.92273091491842,1.1849959935897436,2.3463761880993843,21392,/mnt/st_data/zhangzixin/bbs-test-master/experiments/picture/coverage_ids_stress/stress_results_refined/cov07_indel06_seed2028/bbs.txt
cov07_indel06_seed2028,7,6.0,2.0,3.0,3.0,2028,CPL,9984,9863,98.7880608974359,99.98233537296038,0.019431089743589744,2.9777589291334152,17152,/mnt/st_data/zhangzixin/bbs-test-master/experiments/picture/coverage_ids_stress/stress_results_refined/cov07_indel06_seed2028/cpl.txt
cov07_indel06_seed2029,7,6.0,2.0,3.0,3.0,2029,CCP-DP,9984,9962,99.77964743589743,99.99763257575758,0.0026041666666666665,1.526715014129877,164856,/mnt/st_data/zhangzixin/bbs-test-master/experiments/picture/coverage_ids_stress/stress_results_refined/cov07_indel06_seed2029/ccpdp.txt
cov07_indel06_seed2029,7,6.0,2.0,3.0,3.0,2029,BBS,9984,6870,68.81009615384616,98.89268283799534,1.2180488782051282,2.6037620306015015,20836,/mnt/st_data/zhangzixin/bbs-test-master/experiments/picture/coverage_ids_stress/stress_results_refined/cov07_indel06_seed2029/bbs.txt
cov07_indel06_seed2029,7,6.0,2.0,3.0,3.0,2029,CPL,9984,9841,98.56770833333333,99.97896634615384,0.023137019230769232,2.894699342548847,17432,/mnt/st_data/zhangzixin/bbs-test-master/experiments/picture/coverage_ids_stress/stress_results_refined/cov07_indel06_seed2029/cpl.txt
cov07_indel06_seed2030,7,6.0,2.0,3.0,3.0,2030,CCP-DP,9984,9967,99.82972756410257,99.9979967948718,0.002203525641025641,1.5922675244510174,165848,/mnt/st_data/zhangzixin/bbs-test-master/experiments/picture/coverage_ids_stress/stress_results_refined/cov07_indel06_seed2030/ccpdp.txt
cov07_indel06_seed2030,7,6.0,2.0,3.0,3.0,2030,BBS,9984,6888,68.99038461538461,98.96197552447552,1.1418269230769231,2.5404271483421326,21500,/mnt/st_data/zhangzixin/bbs-test-master/experiments/picture/coverage_ids_stress/stress_results_refined/cov07_indel06_seed2030/bbs.txt
cov07_indel06_seed2030,7,6.0,2.0,3.0,3.0,2030,CPL,9984,9845,98.60777243589743,99.98060533216783,0.021334134615384616,2.8489832878112793,17476,/mnt/st_data/zhangzixin/bbs-test-master/experiments/picture/coverage_ids_stress/stress_results_refined/cov07_indel06_seed2030/cpl.txt
cov07_indel08_seed2026,7,8.0,2.0,4.0,4.0,2026,CCP-DP,9984,9916,99.31891025641026,99.98943764568764,0.011618589743589744,2.8615189604461193,167592,/mnt/st_data/zhangzixin/bbs-test-master/experiments/picture/coverage_ids_stress/stress_results_refined/cov07_indel08_seed2026/ccpdp.txt
cov07_indel08_seed2026,7,8.0,2.0,4.0,4.0,2026,BBS,9984,3841,38.47155448717949,97.15135125291376,3.133513621794872,2.4979889020323753,21104,/mnt/st_data/zhangzixin/bbs-test-master/experiments/picture/coverage_ids_stress/stress_results_refined/cov07_indel08_seed2026/bbs.txt
cov07_indel08_seed2026,7,8.0,2.0,4.0,4.0,2026,CPL,9984,9547,95.6229967948718,99.9293414918415,0.07772435897435898,3.252998501062393,20036,/mnt/st_data/zhangzixin/bbs-test-master/experiments/picture/coverage_ids_stress/stress_results_refined/cov07_indel08_seed2026/cpl.txt
cov07_indel08_seed2027,7,8.0,2.0,4.0,4.0,2027,CCP-DP,9984,9895,99.10857371794872,99.98652389277389,0.014823717948717948,2.745543822646141,168008,/mnt/st_data/zhangzixin/bbs-test-master/experiments/picture/coverage_ids_stress/stress_results_refined/cov07_indel08_seed2027/ccpdp.txt
cov07_indel08_seed2027,7,8.0,2.0,4.0,4.0,2027,BBS,9984,3945,39.51322115384615,97.16182255244755,3.1219951923076925,2.5186020992696285,21652,/mnt/st_data/zhangzixin/bbs-test-master/experiments/picture/coverage_ids_stress/stress_results_refined/cov07_indel08_seed2027/bbs.txt
cov07_indel08_seed2027,7,8.0,2.0,4.0,4.0,2027,CPL,9984,9547,95.6229967948718,99.93016098484848,0.07682291666666667,3.156942255795002,20072,/mnt/st_data/zhangzixin/bbs-test-master/experiments/picture/coverage_ids_stress/stress_results_refined/cov07_indel08_seed2027/cpl.txt
cov07_indel08_seed2028,7,8.0,2.0,4.0,4.0,2028,CCP-DP,9984,9908,99.23878205128206,99.98743444055944,0.013822115384615384,2.9268042035400867,167320,/mnt/st_data/zhangzixin/bbs-test-master/experiments/picture/coverage_ids_stress/stress_results_refined/cov07_indel08_seed2028/ccpdp.txt
cov07_indel08_seed2028,7,8.0,2.0,4.0,4.0,2028,BBS,9984,3990,39.96394230769231,97.17129224941725,3.1115785256410255,2.5905727557837963,21364,/mnt/st_data/zhangzixin/bbs-test-master/experiments/picture/coverage_ids_stress/stress_results_refined/cov07_indel08_seed2028/bbs.txt
cov07_indel08_seed2028,7,8.0,2.0,4.0,4.0,2028,CPL,9984,9556,95.71314102564102,99.93143575174825,0.07542067307692307,3.165078841149807,20196,/mnt/st_data/zhangzixin/bbs-test-master/experiments/picture/coverage_ids_stress/stress_results_refined/cov07_indel08_seed2028/cpl.txt
cov07_indel08_seed2029,7,8.0,2.0,4.0,4.0,2029,CCP-DP,9984,9922,99.37900641025641,99.99025713869464,0.010717147435897436,2.826448582112789,167896,/mnt/st_data/zhangzixin/bbs-test-master/experiments/picture/coverage_ids_stress/stress_results_refined/cov07_indel08_seed2029/ccpdp.txt
cov07_indel08_seed2029,7,8.0,2.0,4.0,4.0,2029,BBS,9984,3919,39.25280448717949,97.1484375,3.13671875,2.549000520259142,20716,/mnt/st_data/zhangzixin/bbs-test-master/experiments/picture/coverage_ids_stress/stress_results_refined/cov07_indel08_seed2029/bbs.txt
cov07_indel08_seed2029,7,8.0,2.0,4.0,4.0,2029,CPL,9984,9547,95.6229967948718,99.92879516317016,0.07832532051282051,3.1284616105258465,20052,/mnt/st_data/zhangzixin/bbs-test-master/experiments/picture/coverage_ids_stress/stress_results_refined/cov07_indel08_seed2029/cpl.txt
cov07_indel08_seed2030,7,8.0,2.0,4.0,4.0,2030,CCP-DP,9984,9922,99.37900641025641,99.99062135780886,0.01031650641025641,2.8185395561158657,167552,/mnt/st_data/zhangzixin/bbs-test-master/experiments/picture/coverage_ids_stress/stress_results_refined/cov07_indel08_seed2030/ccpdp.txt
cov07_indel08_seed2030,7,8.0,2.0,4.0,4.0,2030,BBS,9984,3861,38.671875,97.14051573426573,3.1454326923076925,2.379819668829441,21328,/mnt/st_data/zhangzixin/bbs-test-master/experiments/picture/coverage_ids_stress/stress_results_refined/cov07_indel08_seed2030/bbs.txt
cov07_indel08_seed2030,7,8.0,2.0,4.0,4.0,2030,CPL,9984,9538,95.53285256410257,99.92906832750583,0.07802483974358974,3.318945351988077,19388,/mnt/st_data/zhangzixin/bbs-test-master/experiments/picture/coverage_ids_stress/stress_results_refined/cov07_indel08_seed2030/cpl.txt
cov07_indel10_seed2026,7,10.0,2.0,5.0,5.0,2026,CCP-DP,9984,8149,81.62059294871794,99.67620920745921,0.3561698717948718,3.208971578627825,169728,/mnt/st_data/zhangzixin/bbs-test-master/experiments/picture/coverage_ids_stress/stress_results_refined/cov07_indel10_seed2026/ccpdp.txt
cov07_indel10_seed2026,7,10.0,2.0,5.0,5.0,2026,BBS,9984,1566,15.685096153846153,94.73275422494173,5.793970352564102,2.5396935753524303,21500,/mnt/st_data/zhangzixin/bbs-test-master/experiments/picture/coverage_ids_stress/stress_results_refined/cov07_indel10_seed2026/bbs.txt
cov07_indel10_seed2026,7,10.0,2.0,5.0,5.0,2026,CPL,9984,8825,88.39142628205128,99.803868006993,0.21574519230769232,3.609147772192955,21824,/mnt/st_data/zhangzixin/bbs-test-master/experiments/picture/coverage_ids_stress/stress_results_refined/cov07_indel10_seed2026/cpl.txt
cov07_indel10_seed2027,7,10.0,2.0,5.0,5.0,2027,CCP-DP,9984,8122,81.35016025641026,99.67921401515152,0.3528645833333333,3.2382055893540382,170084,/mnt/st_data/zhangzixin/bbs-test-master/experiments/picture/coverage_ids_stress/stress_results_refined/cov07_indel10_seed2027/ccpdp.txt
cov07_indel10_seed2027,7,10.0,2.0,5.0,5.0,2027,BBS,9984,1621,16.235977564102566,94.7817416958042,5.740084134615385,2.4197006449103355,21140,/mnt/st_data/zhangzixin/bbs-test-master/experiments/picture/coverage_ids_stress/stress_results_refined/cov07_indel10_seed2027/bbs.txt
cov07_indel10_seed2027,7,10.0,2.0,5.0,5.0,2027,CPL,9984,8865,88.7920673076923,99.8113344988345,0.2075320512820513,3.5664690919220448,21792,/mnt/st_data/zhangzixin/bbs-test-master/experiments/picture/coverage_ids_stress/stress_results_refined/cov07_indel10_seed2027/cpl.txt
cov07_indel10_seed2028,7,10.0,2.0,5.0,5.0,2028,CCP-DP,9984,7984,79.96794871794872,99.6462521853147,0.38912259615384615,3.2312264814972878,170272,/mnt/st_data/zhangzixin/bbs-test-master/experiments/picture/coverage_ids_stress/stress_results_refined/cov07_indel10_seed2028/ccpdp.txt
cov07_indel10_seed2028,7,10.0,2.0,5.0,5.0,2028,BBS,9984,1592,15.945512820512821,94.78529283216784,5.736177884615385,2.6204298473894596,21388,/mnt/st_data/zhangzixin/bbs-test-master/experiments/picture/coverage_ids_stress/stress_results_refined/cov07_indel10_seed2028/bbs.txt
cov07_indel10_seed2028,7,10.0,2.0,5.0,5.0,2028,CPL,9984,8903,89.17267628205128,99.81834571678321,0.19981971153846154,3.431918416172266,21900,/mnt/st_data/zhangzixin/bbs-test-master/experiments/picture/coverage_ids_stress/stress_results_refined/cov07_indel10_seed2028/cpl.txt
cov07_indel10_seed2029,7,10.0,2.0,5.0,5.0,2029,CCP-DP,9984,8117,81.30008012820512,99.6800335081585,0.351963141025641,3.276604115962982,170208,/mnt/st_data/zhangzixin/bbs-test-master/experiments/picture/coverage_ids_stress/stress_results_refined/cov07_indel10_seed2029/ccpdp.txt
cov07_indel10_seed2029,7,10.0,2.0,5.0,5.0,2029,BBS,9984,1595,15.975560897435898,94.79521780303031,5.725260416666667,2.6875835470855236,21568,/mnt/st_data/zhangzixin/bbs-test-master/experiments/picture/coverage_ids_stress/stress_results_refined/cov07_indel10_seed2029/bbs.txt
cov07_indel10_seed2029,7,10.0,2.0,5.0,5.0,2029,CPL,9984,8870,88.84214743589743,99.80978656759906,0.20923477564102563,3.5705665200948715,22052,/mnt/st_data/zhangzixin/bbs-test-master/experiments/picture/coverage_ids_stress/stress_results_refined/cov07_indel10_seed2029/cpl.txt
cov07_indel10_seed2030,7,10.0,2.0,5.0,5.0,2030,CCP-DP,9984,8105,81.17988782051282,99.67347756410257,0.35917467948717946,3.2758014015853405,170084,/mnt/st_data/zhangzixin/bbs-test-master/experiments/picture/coverage_ids_stress/stress_results_refined/cov07_indel10_seed2030/ccpdp.txt
cov07_indel10_seed2030,7,10.0,2.0,5.0,5.0,2030,BBS,9984,1584,15.865384615384615,94.84138257575758,5.674479166666667,2.617548882961273,21112,/mnt/st_data/zhangzixin/bbs-test-master/experiments/picture/coverage_ids_stress/stress_results_refined/cov07_indel10_seed2030/bbs.txt
cov07_indel10_seed2030,7,10.0,2.0,5.0,5.0,2030,CPL,9984,8913,89.27283653846153,99.82071314102564,0.19721554487179488,3.4342819675803185,21984,/mnt/st_data/zhangzixin/bbs-test-master/experiments/picture/coverage_ids_stress/stress_results_refined/cov07_indel10_seed2030/cpl.txt
cov08_indel02_seed2026,8,2.0,2.0,1.0,1.0,2026,CCP-DP,9984,9984,100.0,100.0,0.0,1.1641815677285194,159584,/mnt/st_data/zhangzixin/bbs-test-master/experiments/picture/coverage_ids_stress/stress_results_refined/cov08_indel02_seed2026/ccpdp.txt
cov08_indel02_seed2026,8,2.0,2.0,1.0,1.0,2026,BBS,9984,9919,99.34895833333333,99.99371722027972,0.006911057692307692,2.597394283860922,20956,/mnt/st_data/zhangzixin/bbs-test-master/experiments/picture/coverage_ids_stress/stress_results_refined/cov08_indel02_seed2026/bbs.txt
cov08_indel02_seed2026,8,2.0,2.0,1.0,1.0,2026,CPL,9984,9982,99.97996794871794,99.99981789044288,0.00020032051282051281,3.083274994045496,13776,/mnt/st_data/zhangzixin/bbs-test-master/experiments/picture/coverage_ids_stress/stress_results_refined/cov08_indel02_seed2026/cpl.txt
cov08_indel02_seed2027,8,2.0,2.0,1.0,1.0,2027,CCP-DP,9984,9984,100.0,100.0,0.0,1.1619365140795708,159224,/mnt/st_data/zhangzixin/bbs-test-master/experiments/picture/coverage_ids_stress/stress_results_refined/cov08_indel02_seed2027/ccpdp.txt
cov08_indel02_seed2027,8,2.0,2.0,1.0,1.0,2027,BBS,9984,9926,99.41907051282051,99.9945367132867,0.006009615384615385,2.6618610732257366,20740,/mnt/st_data/zhangzixin/bbs-test-master/experiments/picture/coverage_ids_stress/stress_results_refined/cov08_indel02_seed2027/bbs.txt
cov08_indel02_seed2027,8,2.0,2.0,1.0,1.0,2027,CPL,9984,9982,99.97996794871794,99.99981789044288,0.00020032051282051281,3.1609101332724094,13784,/mnt/st_data/zhangzixin/bbs-test-master/experiments/picture/coverage_ids_stress/stress_results_refined/cov08_indel02_seed2027/cpl.txt
cov08_indel02_seed2028,8,2.0,2.0,1.0,1.0,2028,CCP-DP,9984,9984,100.0,100.0,0.0,1.1844264008104801,158320,/mnt/st_data/zhangzixin/bbs-test-master/experiments/picture/coverage_ids_stress/stress_results_refined/cov08_indel02_seed2028/ccpdp.txt
cov08_indel02_seed2028,8,2.0,2.0,1.0,1.0,2028,BBS,9984,9934,99.49919871794872,99.99462776806527,0.005909455128205128,2.4774108976125717,21456,/mnt/st_data/zhangzixin/bbs-test-master/experiments/picture/coverage_ids_stress/stress_results_refined/cov08_indel02_seed2028/bbs.txt
cov08_indel02_seed2028,8,2.0,2.0,1.0,1.0,2028,CPL,9984,9983,99.98998397435898,99.99990894522145,0.00010016025641025641,3.084604300558567,13752,/mnt/st_data/zhangzixin/bbs-test-master/experiments/picture/coverage_ids_stress/stress_results_refined/cov08_indel02_seed2028/cpl.txt
cov08_indel02_seed2029,8,2.0,2.0,1.0,1.0,2029,CCP-DP,9984,9984,100.0,100.0,0.0,1.175870567560196,158164,/mnt/st_data/zhangzixin/bbs-test-master/experiments/picture/coverage_ids_stress/stress_results_refined/cov08_indel02_seed2029/ccpdp.txt
cov08_indel02_seed2029,8,2.0,2.0,1.0,1.0,2029,BBS,9984,9922,99.37900641025641,99.99399038461539,0.006610576923076923,2.2957600876688957,20828,/mnt/st_data/zhangzixin/bbs-test-master/experiments/picture/coverage_ids_stress/stress_results_refined/cov08_indel02_seed2029/bbs.txt
cov08_indel02_seed2029,8,2.0,2.0,1.0,1.0,2029,CPL,9984,9983,99.98998397435898,99.99990894522145,0.00010016025641025641,3.262374520301819,13872,/mnt/st_data/zhangzixin/bbs-test-master/experiments/picture/coverage_ids_stress/stress_results_refined/cov08_indel02_seed2029/cpl.txt
cov08_indel02_seed2030,8,2.0,2.0,1.0,1.0,2030,CCP-DP,9984,9984,100.0,100.0,0.0,1.2892850786447525,159184,/mnt/st_data/zhangzixin/bbs-test-master/experiments/picture/coverage_ids_stress/stress_results_refined/cov08_indel02_seed2030/ccpdp.txt
cov08_indel02_seed2030,8,2.0,2.0,1.0,1.0,2030,BBS,9984,9923,99.38902243589743,99.99408143939394,0.006510416666666667,2.2622319608926773,21904,/mnt/st_data/zhangzixin/bbs-test-master/experiments/picture/coverage_ids_stress/stress_results_refined/cov08_indel02_seed2030/bbs.txt
cov08_indel02_seed2030,8,2.0,2.0,1.0,1.0,2030,CPL,9984,9984,100.0,100.0,0.0,3.6331223621964455,13624,/mnt/st_data/zhangzixin/bbs-test-master/experiments/picture/coverage_ids_stress/stress_results_refined/cov08_indel02_seed2030/cpl.txt
cov08_indel04_seed2026,8,4.0,2.0,2.0,2.0,2026,CCP-DP,9984,9984,100.0,100.0,0.0,1.3075136244297028,161816,/mnt/st_data/zhangzixin/bbs-test-master/experiments/picture/coverage_ids_stress/stress_results_refined/cov08_indel04_seed2026/ccpdp.txt
cov08_indel04_seed2026,8,4.0,2.0,2.0,2.0,2026,BBS,9984,9501,95.16225961538461,99.90421037296038,0.10536858974358974,2.4305991046130657,21220,/mnt/st_data/zhangzixin/bbs-test-master/experiments/picture/coverage_ids_stress/stress_results_refined/cov08_indel04_seed2026/bbs.txt
cov08_indel04_seed2026,8,4.0,2.0,2.0,2.0,2026,CPL,9984,9979,99.94991987179488,99.99936261655012,0.0007011217948717949,3.7656630985438824,16620,/mnt/st_data/zhangzixin/bbs-test-master/experiments/picture/coverage_ids_stress/stress_results_refined/cov08_indel04_seed2026/cpl.txt
cov08_indel04_seed2027,8,4.0,2.0,2.0,2.0,2027,CCP-DP,9984,9984,100.0,100.0,0.0,1.257169470191002,161832,/mnt/st_data/zhangzixin/bbs-test-master/experiments/picture/coverage_ids_stress/stress_results_refined/cov08_indel04_seed2027/ccpdp.txt
cov08_indel04_seed2027,8,4.0,2.0,2.0,2.0,2027,BBS,9984,9537,95.52283653846153,99.88772945804196,0.12349759615384616,2.047171887010336,21468,/mnt/st_data/zhangzixin/bbs-test-master/experiments/picture/coverage_ids_stress/stress_results_refined/cov08_indel04_seed2027/bbs.txt
cov08_indel04_seed2027,8,4.0,2.0,2.0,2.0,2027,CPL,9984,9977,99.92988782051282,99.999180506993,0.0009014423076923077,3.8082656003534794,16376,/mnt/st_data/zhangzixin/bbs-test-master/experiments/picture/coverage_ids_stress/stress_results_refined/cov08_indel04_seed2027/cpl.txt
cov08_indel04_seed2028,8,4.0,2.0,2.0,2.0,2028,CCP-DP,9984,9984,100.0,100.0,0.0,1.3364994451403618,164292,/mnt/st_data/zhangzixin/bbs-test-master/experiments/picture/coverage_ids_stress/stress_results_refined/cov08_indel04_seed2028/ccpdp.txt
cov08_indel04_seed2028,8,4.0,2.0,2.0,2.0,2028,BBS,9984,9487,95.02203525641026,99.89319274475524,0.11748798076923077,2.413490641862154,21380,/mnt/st_data/zhangzixin/bbs-test-master/experiments/picture/coverage_ids_stress/stress_results_refined/cov08_indel04_seed2028/bbs.txt
cov08_indel04_seed2028,8,4.0,2.0,2.0,2.0,2028,CPL,9984,9978,99.93990384615384,99.99936261655012,0.0007011217948717949,3.5470049753785133,16496,/mnt/st_data/zhangzixin/bbs-test-master/experiments/picture/coverage_ids_stress/stress_results_refined/cov08_indel04_seed2028/cpl.txt
cov08_indel04_seed2029,8,4.0,2.0,2.0,2.0,2029,CCP-DP,9984,9984,100.0,100.0,0.0,1.2455857172608376,161232,/mnt/st_data/zhangzixin/bbs-test-master/experiments/picture/coverage_ids_stress/stress_results_refined/cov08_indel04_seed2029/ccpdp.txt
cov08_indel04_seed2029,8,4.0,2.0,2.0,2.0,2029,BBS,9984,9506,95.21233974358974,99.90812572843822,0.10106169871794872,2.427361089736223,21764,/mnt/st_data/zhangzixin/bbs-test-master/experiments/picture/coverage_ids_stress/stress_results_refined/cov08_indel04_seed2029/bbs.txt
cov08_indel04_seed2029,8,4.0,2.0,2.0,2.0,2029,CPL,9984,9979,99.94991987179488,99.99927156177156,0.0008012820512820513,3.5310943201184273,16448,/mnt/st_data/zhangzixin/bbs-test-master/experiments/picture/coverage_ids_stress/stress_results_refined/cov08_indel04_seed2029/cpl.txt
cov08_indel04_seed2030,8,4.0,2.0,2.0,2.0,2030,CCP-DP,9984,9984,100.0,100.0,0.0,1.2280740104615688,160508,/mnt/st_data/zhangzixin/bbs-test-master/experiments/picture/coverage_ids_stress/stress_results_refined/cov08_indel04_seed2030/ccpdp.txt
cov08_indel04_seed2030,8,4.0,2.0,2.0,2.0,2030,BBS,9984,9531,95.46274038461539,99.90184294871794,0.10797275641025642,2.5509086176753044,21208,/mnt/st_data/zhangzixin/bbs-test-master/experiments/picture/coverage_ids_stress/stress_results_refined/cov08_indel04_seed2030/bbs.txt
cov08_indel04_seed2030,8,4.0,2.0,2.0,2.0,2030,CPL,9984,9979,99.94991987179488,99.999180506993,0.0009014423076923077,3.5257770344614983,16572,/mnt/st_data/zhangzixin/bbs-test-master/experiments/picture/coverage_ids_stress/stress_results_refined/cov08_indel04_seed2030/cpl.txt
cov08_indel06_seed2026,8,6.0,2.0,3.0,3.0,2026,CCP-DP,9984,9976,99.9198717948718,99.9989983974359,0.0011017628205128205,1.3143128491938114,164308,/mnt/st_data/zhangzixin/bbs-test-master/experiments/picture/coverage_ids_stress/stress_results_refined/cov08_indel06_seed2026/ccpdp.txt
cov08_indel06_seed2026,8,6.0,2.0,3.0,3.0,2026,BBS,9984,8000,80.12820512820512,99.37918851981352,0.6828926282051282,2.3940665796399117,21340,/mnt/st_data/zhangzixin/bbs-test-master/experiments/picture/coverage_ids_stress/stress_results_refined/cov08_indel06_seed2026/bbs.txt
cov08_indel06_seed2026,8,6.0,2.0,3.0,3.0,2026,CPL,9984,9954,99.69951923076923,99.99572042540792,0.004707532051282051,3.802834816277027,19288,/mnt/st_data/zhangzixin/bbs-test-master/experiments/picture/coverage_ids_stress/stress_results_refined/cov08_indel06_seed2026/cpl.txt
cov08_indel06_seed2027,8,6.0,2.0,3.0,3.0,2027,CCP-DP,9984,9981,99.96995192307692,99.99972683566433,0.00030048076923076925,1.3649045750498772,166336,/mnt/st_data/zhangzixin/bbs-test-master/experiments/picture/coverage_ids_stress/stress_results_refined/cov08_indel06_seed2027/ccpdp.txt
cov08_indel06_seed2027,8,6.0,2.0,3.0,3.0,2027,BBS,9984,8039,80.51883012820512,99.36115967365967,0.7027243589743589,2.5883605927228928,21220,/mnt/st_data/zhangzixin/bbs-test-master/experiments/picture/coverage_ids_stress/stress_results_refined/cov08_indel06_seed2027/bbs.txt
cov08_indel06_seed2027,8,6.0,2.0,3.0,3.0,2027,CPL,9984,9947,99.62940705128206,99.99499198717949,0.005508814102564103,3.8062295988202095,19112,/mnt/st_data/zhangzixin/bbs-test-master/experiments/picture/coverage_ids_stress/stress_results_refined/cov08_indel06_seed2027/cpl.txt
cov08_indel06_seed2028,8,6.0,2.0,3.0,3.0,2028,CCP-DP,9984,9983,99.98998397435898,99.99990894522145,0.00010016025641025641,1.3768710941076279,167552,/mnt/st_data/zhangzixin/bbs-test-master/experiments/picture/coverage_ids_stress/stress_results_refined/cov08_indel06_seed2028/ccpdp.txt
cov08_indel06_seed2028,8,6.0,2.0,3.0,3.0,2028,BBS,9984,8079,80.91947115384616,99.3691724941725,0.6939102564102564,2.5584630146622658,20968,/mnt/st_data/zhangzixin/bbs-test-master/experiments/picture/coverage_ids_stress/stress_results_refined/cov08_indel06_seed2028/bbs.txt
cov08_indel06_seed2028,8,6.0,2.0,3.0,3.0,2028,CPL,9984,9947,99.62940705128206,99.99471882284382,0.005809294871794872,3.8051389269530773,19196,/mnt/st_data/zhangzixin/bbs-test-master/experiments/picture/coverage_ids_stress/stress_results_refined/cov08_indel06_seed2028/cpl.txt
cov08_indel06_seed2029,8,6.0,2.0,3.0,3.0,2029,CCP-DP,9984,9975,99.90985576923077,99.99908945221445,0.001001602564102564,1.318658608943224,164096,/mnt/st_data/zhangzixin/bbs-test-master/experiments/picture/coverage_ids_stress/stress_results_refined/cov08_indel06_seed2029/ccpdp.txt
cov08_indel06_seed2029,8,6.0,2.0,3.0,3.0,2029,BBS,9984,8006,80.18830128205128,99.3464087995338,0.7189503205128205,2.1382253021001816,20924,/mnt/st_data/zhangzixin/bbs-test-master/experiments/picture/coverage_ids_stress/stress_results_refined/cov08_indel06_seed2029/bbs.txt
cov08_indel06_seed2029,8,6.0,2.0,3.0,3.0,2029,CPL,9984,9945,99.609375,99.99462776806527,0.005909455128205128,3.884461399167776,19032,/mnt/st_data/zhangzixin/bbs-test-master/experiments/picture/coverage_ids_stress/stress_results_refined/cov08_indel06_seed2029/cpl.txt
cov08_indel06_seed2030,8,6.0,2.0,3.0,3.0,2030,CCP-DP,9984,9976,99.9198717948718,99.99881628787878,0.0013020833333333333,1.341827902942896,166132,/mnt/st_data/zhangzixin/bbs-test-master/experiments/picture/coverage_ids_stress/stress_results_refined/cov08_indel06_seed2030/ccpdp.txt
cov08_indel06_seed2030,8,6.0,2.0,3.0,3.0,2030,BBS,9984,8046,80.5889423076923,99.39020614801865,0.6707732371794872,2.3980679512023926,21464,/mnt/st_data/zhangzixin/bbs-test-master/experiments/picture/coverage_ids_stress/stress_results_refined/cov08_indel06_seed2030/bbs.txt
cov08_indel06_seed2030,8,6.0,2.0,3.0,3.0,2030,CPL,9984,9965,99.80969551282051,99.9969951923077,0.0033052884615384615,3.905650559812784,18960,/mnt/st_data/zhangzixin/bbs-test-master/experiments/picture/coverage_ids_stress/stress_results_refined/cov08_indel06_seed2030/cpl.txt
cov08_indel08_seed2026,8,8.0,2.0,4.0,4.0,2026,CCP-DP,9984,9951,99.66947115384616,99.99490093240094,0.005608974358974359,2.3979618437588215,170088,/mnt/st_data/zhangzixin/bbs-test-master/experiments/picture/coverage_ids_stress/stress_results_refined/cov08_indel08_seed2026/ccpdp.txt
cov08_indel08_seed2026,8,8.0,2.0,4.0,4.0,2026,BBS,9984,5220,52.28365384615385,98.01336684149184,2.1852964743589745,2.438430607318878,21160,/mnt/st_data/zhangzixin/bbs-test-master/experiments/picture/coverage_ids_stress/stress_results_refined/cov08_indel08_seed2026/bbs.txt
cov08_indel08_seed2026,8,8.0,2.0,4.0,4.0,2026,CPL,9984,9862,98.77804487179488,99.97960372960372,0.022435897435897436,4.207929436117411,21476,/mnt/st_data/zhangzixin/bbs-test-master/experiments/picture/coverage_ids_stress/stress_results_refined/cov08_indel08_seed2026/cpl.txt
cov08_indel08_seed2027,8,8.0,2.0,4.0,4.0,2027,CCP-DP,9984,9940,99.55929487179488,99.9933530011655,0.007311698717948718,2.4084799885749817,169152,/mnt/st_data/zhangzixin/bbs-test-master/experiments/picture/coverage_ids_stress/stress_results_refined/cov08_indel08_seed2027/ccpdp.txt
cov08_indel08_seed2027,8,8.0,2.0,4.0,4.0,2027,BBS,9984,5277,52.85456730769231,98.02028700466201,2.1776842948717947,2.5024145878851414,21272,/mnt/st_data/zhangzixin/bbs-test-master/experiments/picture/coverage_ids_stress/stress_results_refined/cov08_indel08_seed2027/bbs.txt
cov08_indel08_seed2027,8,8.0,2.0,4.0,4.0,2027,CPL,9984,9834,98.49759615384616,99.97596153846153,0.026442307692307692,4.211436305195093,21012,/mnt/st_data/zhangzixin/bbs-test-master/experiments/picture/coverage_ids_stress/stress_results_refined/cov08_indel08_seed2027/cpl.txt
cov08_indel08_seed2028,8,8.0,2.0,4.0,4.0,2028,CCP-DP,9984,9954,99.69951923076923,99.9953562062937,0.005108173076923077,2.491833608597517,168712,/mnt/st_data/zhangzixin/bbs-test-master/experiments/picture/coverage_ids_stress/stress_results_refined/cov08_indel08_seed2028/ccpdp.txt
cov08_indel08_seed2028,8,8.0,2.0,4.0,4.0,2028,BBS,9984,5359,53.67588141025641,98.05306672494173,2.1416266025641026,2.7537621557712555,21844,/mnt/st_data/zhangzixin/bbs-test-master/experiments/picture/coverage_ids_stress/stress_results_refined/cov08_indel08_seed2028/bbs.txt
cov08_indel08_seed2028,8,8.0,2.0,4.0,4.0,2028,CPL,9984,9839,98.54767628205128,99.97687208624708,0.025440705128205128,4.149421893060207,21664,/mnt/st_data/zhangzixin/bbs-test-master/experiments/picture/coverage_ids_stress/stress_results_refined/cov08_indel08_seed2028/cpl.txt
cov08_indel08_seed2029,8,8.0,2.0,4.0,4.0,2029,CCP-DP,9984,9951,99.66947115384616,99.99499198717949,0.005508814102564103,2.447867229580879,169724,/mnt/st_data/zhangzixin/bbs-test-master/experiments/picture/coverage_ids_stress/stress_results_refined/cov08_indel08_seed2029/ccpdp.txt
cov08_indel08_seed2029,8,8.0,2.0,4.0,4.0,2029,BBS,9984,5318,53.26522435897436,97.98222610722611,2.219551282051282,2.526862360537052,21056,/mnt/st_data/zhangzixin/bbs-test-master/experiments/picture/coverage_ids_stress/stress_results_refined/cov08_indel08_seed2029/bbs.txt
cov08_indel08_seed2029,8,8.0,2.0,4.0,4.0,2029,CPL,9984,9832,98.4775641025641,99.97514204545455,0.02734375,4.218788396567106,20984,/mnt/st_data/zhangzixin/bbs-test-master/experiments/picture/coverage_ids_stress/stress_results_refined/cov08_indel08_seed2029/cpl.txt
cov08_indel08_seed2030,8,8.0,2.0,4.0,4.0,2030,CCP-DP,9984,9948,99.63942307692308,99.99480987762239,0.005709134615384615,2.4495715461671352,168992,/mnt/st_data/zhangzixin/bbs-test-master/experiments/picture/coverage_ids_stress/stress_results_refined/cov08_indel08_seed2030/ccpdp.txt
cov08_indel08_seed2030,8,8.0,2.0,4.0,4.0,2030,BBS,9984,5317,53.255208333333336,97.95873397435896,2.245392628205128,2.26380218192935,21900,/mnt/st_data/zhangzixin/bbs-test-master/experiments/picture/coverage_ids_stress/stress_results_refined/cov08_indel08_seed2030/bbs.txt
cov08_indel08_seed2030,8,8.0,2.0,4.0,4.0,2030,CPL,9984,9834,98.49759615384616,99.9764168123543,0.025941506410256412,4.234445258975029,21616,/mnt/st_data/zhangzixin/bbs-test-master/experiments/picture/coverage_ids_stress/stress_results_refined/cov08_indel08_seed2030/cpl.txt
cov08_indel10_seed2026,8,10.0,2.0,5.0,5.0,2026,CCP-DP,9984,9227,92.41786858974359,99.88162878787878,0.13020833333333334,3.4172745011746883,172164,/mnt/st_data/zhangzixin/bbs-test-master/experiments/picture/coverage_ids_stress/stress_results_refined/cov08_indel10_seed2026/ccpdp.txt
cov08_indel10_seed2026,8,10.0,2.0,5.0,5.0,2026,BBS,9984,2474,24.779647435897434,95.84844842657343,4.566706730769231,2.6625298373401165,21336,/mnt/st_data/zhangzixin/bbs-test-master/experiments/picture/coverage_ids_stress/stress_results_refined/cov08_indel10_seed2026/bbs.txt
cov08_indel10_seed2026,8,10.0,2.0,5.0,5.0,2026,CPL,9984,9551,95.6630608974359,99.92806672494171,0.07912660256410256,4.619377572089434,24040,/mnt/st_data/zhangzixin/bbs-test-master/experiments/picture/coverage_ids_stress/stress_results_refined/cov08_indel10_seed2026/cpl.txt
cov08_indel10_seed2027,8,10.0,2.0,5.0,5.0,2027,CCP-DP,9984,9299,93.13902243589743,99.89501384032634,0.11548477564102565,3.475832659751177,171700,/mnt/st_data/zhangzixin/bbs-test-master/experiments/picture/coverage_ids_stress/stress_results_refined/cov08_indel10_seed2027/ccpdp.txt
cov08_indel10_seed2027,8,10.0,2.0,5.0,5.0,2027,BBS,9984,2562,25.661057692307693,95.95270614801865,4.452023237179487,2.611575596034527,21188,/mnt/st_data/zhangzixin/bbs-test-master/experiments/picture/coverage_ids_stress/stress_results_refined/cov08_indel10_seed2027/bbs.txt
cov08_indel10_seed2027,8,10.0,2.0,5.0,5.0,2027,CPL,9984,9528,95.4326923076923,99.92433347902097,0.08323317307692307,4.632998436689377,23704,/mnt/st_data/zhangzixin/bbs-test-master/experiments/picture/coverage_ids_stress/stress_results_refined/cov08_indel10_seed2027/cpl.txt
cov08_indel10_seed2028,8,10.0,2.0,5.0,5.0,2028,CCP-DP,9984,9128,91.42628205128206,99.86432837995338,0.14923878205128205,3.436018008738756,172284,/mnt/st_data/zhangzixin/bbs-test-master/experiments/picture/coverage_ids_stress/stress_results_refined/cov08_indel10_seed2028/ccpdp.txt
cov08_indel10_seed2028,8,10.0,2.0,5.0,5.0,2028,BBS,9984,2593,25.971554487179485,95.89015151515152,4.520833333333333,2.5080499090254307,20868,/mnt/st_data/zhangzixin/bbs-test-master/experiments/picture/coverage_ids_stress/stress_results_refined/cov08_indel10_seed2028/bbs.txt
cov08_indel10_seed2028,8,10.0,2.0,5.0,5.0,2028,CPL,9984,9551,95.6630608974359,99.92843094405595,0.07872596153846154,4.641135543584824,23776,/mnt/st_data/zhangzixin/bbs-test-master/experiments/picture/coverage_ids_stress/stress_results_refined/cov08_indel10_seed2028/cpl.txt
cov08_indel10_seed2029,8,10.0,2.0,5.0,5.0,2029,CCP-DP,9984,9257,92.71834935897436,99.88818473193474,0.12299679487179487,3.516815945506096,173456,/mnt/st_data/zhangzixin/bbs-test-master/experiments/picture/coverage_ids_stress/stress_results_refined/cov08_indel10_seed2029/ccpdp.txt
cov08_indel10_seed2029,8,10.0,2.0,5.0,5.0,2029,BBS,9984,2612,26.161858974358974,95.84945002913753,4.565604967948718,2.656985569745302,21068,/mnt/st_data/zhangzixin/bbs-test-master/experiments/picture/coverage_ids_stress/stress_results_refined/cov08_indel10_seed2029/bbs.txt
cov08_indel10_seed2029,8,10.0,2.0,5.0,5.0,2029,CPL,9984,9557,95.72315705128206,99.92806672494171,0.07912660256410256,4.484589856117964,23684,/mnt/st_data/zhangzixin/bbs-test-master/experiments/picture/coverage_ids_stress/stress_results_refined/cov08_indel10_seed2029/cpl.txt
cov08_indel10_seed2030,8,10.0,2.0,5.0,5.0,2030,CCP-DP,9984,9226,92.40785256410257,99.88508886946387,0.12640224358974358,3.444680605083704,171908,/mnt/st_data/zhangzixin/bbs-test-master/experiments/picture/coverage_ids_stress/stress_results_refined/cov08_indel10_seed2030/ccpdp.txt
cov08_indel10_seed2030,8,10.0,2.0,5.0,5.0,2030,BBS,9984,2579,25.831330128205128,95.87940705128204,4.532652243589744,2.543903212994337,20712,/mnt/st_data/zhangzixin/bbs-test-master/experiments/picture/coverage_ids_stress/stress_results_refined/cov08_indel10_seed2030/bbs.txt
cov08_indel10_seed2030,8,10.0,2.0,5.0,5.0,2030,CPL,9984,9557,95.72315705128206,99.92897727272727,0.078125,4.585619762539864,23952,/mnt/st_data/zhangzixin/bbs-test-master/experiments/picture/coverage_ids_stress/stress_results_refined/cov08_indel10_seed2030/cpl.txt
cov09_indel02_seed2026,9,2.0,2.0,1.0,1.0,2026,CCP-DP,9984,9984,100.0,100.0,0.0,1.2600512355566025,162524,/mnt/st_data/zhangzixin/bbs-test-master/experiments/picture/coverage_ids_stress/stress_results_refined/cov09_indel02_seed2026/ccpdp.txt
cov09_indel02_seed2026,9,2.0,2.0,1.0,1.0,2026,BBS,9984,9961,99.76963141025641,99.9978146853147,0.002403846153846154,2.599879812449217,21076,/mnt/st_data/zhangzixin/bbs-test-master/experiments/picture/coverage_ids_stress/stress_results_refined/cov09_indel02_seed2026/bbs.txt
cov09_indel02_seed2026,9,2.0,2.0,1.0,1.0,2026,CPL,9984,9984,100.0,100.0,0.0,3.9590891115367413,14460,/mnt/st_data/zhangzixin/bbs-test-master/experiments/picture/coverage_ids_stress/stress_results_refined/cov09_indel02_seed2026/cpl.txt
cov09_indel02_seed2027,9,2.0,2.0,1.0,1.0,2027,CCP-DP,9984,9984,100.0,100.0,0.0,1.2976628690958023,161968,/mnt/st_data/zhangzixin/bbs-test-master/experiments/picture/coverage_ids_stress/stress_results_refined/cov09_indel02_seed2027/ccpdp.txt
cov09_indel02_seed2027,9,2.0,2.0,1.0,1.0,2027,BBS,9984,9968,99.83974358974359,99.99845206876456,0.001702724358974359,2.6235204860568047,21568,/mnt/st_data/zhangzixin/bbs-test-master/experiments/picture/coverage_ids_stress/stress_results_refined/cov09_indel02_seed2027/bbs.txt
cov09_indel02_seed2027,9,2.0,2.0,1.0,1.0,2027,CPL,9984,9984,100.0,100.0,0.0,3.981765106320381,14492,/mnt/st_data/zhangzixin/bbs-test-master/experiments/picture/coverage_ids_stress/stress_results_refined/cov09_indel02_seed2027/cpl.txt
cov09_indel02_seed2028,9,2.0,2.0,1.0,1.0,2028,CCP-DP,9984,9984,100.0,100.0,0.0,1.2634349539875984,163500,/mnt/st_data/zhangzixin/bbs-test-master/experiments/picture/coverage_ids_stress/stress_results_refined/cov09_indel02_seed2028/ccpdp.txt
cov09_indel02_seed2028,9,2.0,2.0,1.0,1.0,2028,BBS,9984,9969,99.84975961538461,99.99863417832168,0.0015024038461538462,2.6271100230515003,21236,/mnt/st_data/zhangzixin/bbs-test-master/experiments/picture/coverage_ids_stress/stress_results_refined/cov09_indel02_seed2028/bbs.txt
cov09_indel02_seed2028,9,2.0,2.0,1.0,1.0,2028,CPL,9984,9984,100.0,100.0,0.0,3.9622044414281845,14448,/mnt/st_data/zhangzixin/bbs-test-master/experiments/picture/coverage_ids_stress/stress_results_refined/cov09_indel02_seed2028/cpl.txt
cov09_indel02_seed2029,9,2.0,2.0,1.0,1.0,2029,CCP-DP,9984,9984,100.0,100.0,0.0,1.259999506175518,163264,/mnt/st_data/zhangzixin/bbs-test-master/experiments/picture/coverage_ids_stress/stress_results_refined/cov09_indel02_seed2029/ccpdp.txt
cov09_indel02_seed2029,9,2.0,2.0,1.0,1.0,2029,BBS,9984,9957,99.7295673076923,99.99726835664336,0.0030048076923076925,2.414235897362232,20928,/mnt/st_data/zhangzixin/bbs-test-master/experiments/picture/coverage_ids_stress/stress_results_refined/cov09_indel02_seed2029/bbs.txt
cov09_indel02_seed2029,9,2.0,2.0,1.0,1.0,2029,CPL,9984,9984,100.0,100.0,0.0,3.986238967627287,14380,/mnt/st_data/zhangzixin/bbs-test-master/experiments/picture/coverage_ids_stress/stress_results_refined/cov09_indel02_seed2029/cpl.txt
cov09_indel02_seed2030,9,2.0,2.0,1.0,1.0,2030,CCP-DP,9984,9984,100.0,100.0,0.0,1.2605957873165607,163092,/mnt/st_data/zhangzixin/bbs-test-master/experiments/picture/coverage_ids_stress/stress_results_refined/cov09_indel02_seed2030/ccpdp.txt
cov09_indel02_seed2030,9,2.0,2.0,1.0,1.0,2030,BBS,9984,9968,99.83974358974359,99.99826995920746,0.0019030448717948718,2.3599789403378963,21104,/mnt/st_data/zhangzixin/bbs-test-master/experiments/picture/coverage_ids_stress/stress_results_refined/cov09_indel02_seed2030/bbs.txt
cov09_indel02_seed2030,9,2.0,2.0,1.0,1.0,2030,CPL,9984,9984,100.0,100.0,0.0,3.9677611589431763,14452,/mnt/st_data/zhangzixin/bbs-test-master/experiments/picture/coverage_ids_stress/stress_results_refined/cov09_indel02_seed2030/cpl.txt
cov09_indel04_seed2026,9,4.0,2.0,2.0,2.0,2026,CCP-DP,9984,9984,100.0,100.0,0.0,1.347385697066784,167760,/mnt/st_data/zhangzixin/bbs-test-master/experiments/picture/coverage_ids_stress/stress_results_refined/cov09_indel04_seed2026/ccpdp.txt
cov09_indel04_seed2026,9,4.0,2.0,2.0,2.0,2026,BBS,9984,9756,97.71634615384616,99.9579326923077,0.046274038461538464,2.6216937750577927,20852,/mnt/st_data/zhangzixin/bbs-test-master/experiments/picture/coverage_ids_stress/stress_results_refined/cov09_indel04_seed2026/bbs.txt
cov09_indel04_seed2026,9,4.0,2.0,2.0,2.0,2026,CPL,9984,9983,99.98998397435898,99.99990894522145,0.00010016025641025641,4.315842725336552,17332,/mnt/st_data/zhangzixin/bbs-test-master/experiments/picture/coverage_ids_stress/stress_results_refined/cov09_indel04_seed2026/cpl.txt
cov09_indel04_seed2027,9,4.0,2.0,2.0,2.0,2027,CCP-DP,9984,9984,100.0,100.0,0.0,1.31084668263793,165604,/mnt/st_data/zhangzixin/bbs-test-master/experiments/picture/coverage_ids_stress/stress_results_refined/cov09_indel04_seed2027/ccpdp.txt
cov09_indel04_seed2027,9,4.0,2.0,2.0,2.0,2027,BBS,9984,9758,97.7363782051282,99.94773455710956,0.057491987179487176,2.264089420437813,21656,/mnt/st_data/zhangzixin/bbs-test-master/experiments/picture/coverage_ids_stress/stress_results_refined/cov09_indel04_seed2027/bbs.txt
cov09_indel04_seed2027,9,4.0,2.0,2.0,2.0,2027,CPL,9984,9983,99.98998397435898,99.99990894522145,0.00010016025641025641,4.366083882749081,17368,/mnt/st_data/zhangzixin/bbs-test-master/experiments/picture/coverage_ids_stress/stress_results_refined/cov09_indel04_seed2027/cpl.txt
cov09_indel04_seed2028,9,4.0,2.0,2.0,2.0,2028,CCP-DP,9984,9984,100.0,100.0,0.0,1.2950289621949196,166000,/mnt/st_data/zhangzixin/bbs-test-master/experiments/picture/coverage_ids_stress/stress_results_refined/cov09_indel04_seed2028/ccpdp.txt
cov09_indel04_seed2028,9,4.0,2.0,2.0,2.0,2028,BBS,9984,9729,97.44591346153847,99.95183202214453,0.05298477564102564,2.505410872399807,21396,/mnt/st_data/zhangzixin/bbs-test-master/experiments/picture/coverage_ids_stress/stress_results_refined/cov09_indel04_seed2028/bbs.txt
cov09_indel04_seed2028,9,4.0,2.0,2.0,2.0,2028,CPL,9984,9984,100.0,100.0,0.0,4.3198455683887005,17536,/mnt/st_data/zhangzixin/bbs-test-master/experiments/picture/coverage_ids_stress/stress_results_refined/cov09_indel04_seed2028/cpl.txt
cov09_indel04_seed2029,9,4.0,2.0,2.0,2.0,2029,CCP-DP,9984,9984,100.0,100.0,0.0,1.3357317335903645,169012,/mnt/st_data/zhangzixin/bbs-test-master/experiments/picture/coverage_ids_stress/stress_results_refined/cov09_indel04_seed2029/ccpdp.txt
cov09_indel04_seed2029,9,4.0,2.0,2.0,2.0,2029,BBS,9984,9758,97.7363782051282,99.95829691142191,0.04587339743589743,2.4638914987444878,21348,/mnt/st_data/zhangzixin/bbs-test-master/experiments/picture/coverage_ids_stress/stress_results_refined/cov09_indel04_seed2029/bbs.txt
cov09_indel04_seed2029,9,4.0,2.0,2.0,2.0,2029,CPL,9984,9984,100.0,100.0,0.0,4.339903328567743,17364,/mnt/st_data/zhangzixin/bbs-test-master/experiments/picture/coverage_ids_stress/stress_results_refined/cov09_indel04_seed2029/cpl.txt
cov09_indel04_seed2030,9,4.0,2.0,2.0,2.0,2030,CCP-DP,9984,9984,100.0,100.0,0.0,1.3359991647303104,166592,/mnt/st_data/zhangzixin/bbs-test-master/experiments/picture/coverage_ids_stress/stress_results_refined/cov09_indel04_seed2030/ccpdp.txt
cov09_indel04_seed2030,9,4.0,2.0,2.0,2.0,2030,BBS,9984,9769,97.84655448717949,99.96330492424242,0.040364583333333336,2.5769845359027386,21760,/mnt/st_data/zhangzixin/bbs-test-master/experiments/picture/coverage_ids_stress/stress_results_refined/cov09_indel04_seed2030/bbs.txt
cov09_indel04_seed2030,9,4.0,2.0,2.0,2.0,2030,CPL,9984,9984,100.0,100.0,0.0,4.3914997056126595,17484,/mnt/st_data/zhangzixin/bbs-test-master/experiments/picture/coverage_ids_stress/stress_results_refined/cov09_indel04_seed2030/cpl.txt
cov09_indel06_seed2026,9,6.0,2.0,3.0,3.0,2026,CCP-DP,9984,9982,99.97996794871794,99.99972683566433,0.00030048076923076925,1.3684822544455528,172176,/mnt/st_data/zhangzixin/bbs-test-master/experiments/picture/coverage_ids_stress/stress_results_refined/cov09_indel06_seed2026/ccpdp.txt
cov09_indel06_seed2026,9,6.0,2.0,3.0,3.0,2026,BBS,9984,8807,88.21113782051282,99.66236888111888,0.3713942307692308,2.542179111391306,21500,/mnt/st_data/zhangzixin/bbs-test-master/experiments/picture/coverage_ids_stress/stress_results_refined/cov09_indel06_seed2026/bbs.txt
cov09_indel06_seed2026,9,6.0,2.0,3.0,3.0,2026,CPL,9984,9974,99.89983974358974,99.99854312354313,0.0016025641025641025,4.812656171619892,20612,/mnt/st_data/zhangzixin/bbs-test-master/experiments/picture/coverage_ids_stress/stress_results_refined/cov09_indel06_seed2026/cpl.txt
cov09_indel06_seed2027,9,6.0,2.0,3.0,3.0,2027,CCP-DP,9984,9984,100.0,100.0,0.0,1.367480330169201,169256,/mnt/st_data/zhangzixin/bbs-test-master/experiments/picture/coverage_ids_stress/stress_results_refined/cov09_indel06_seed2027/ccpdp.txt
cov09_indel06_seed2027,9,6.0,2.0,3.0,3.0,2027,BBS,9984,8830,88.44150641025641,99.65681453962704,0.3775040064102564,2.594133071601391,21300,/mnt/st_data/zhangzixin/bbs-test-master/experiments/picture/coverage_ids_stress/stress_results_refined/cov09_indel06_seed2027/bbs.txt
cov09_indel06_seed2027,9,6.0,2.0,3.0,3.0,2027,CPL,9984,9982,99.97996794871794,99.99963578088578,0.00040064102564102563,4.693335972726345,20364,/mnt/st_data/zhangzixin/bbs-test-master/experiments/picture/coverage_ids_stress/stress_results_refined/cov09_indel06_seed2027/cpl.txt
cov09_indel06_seed2028,9,6.0,2.0,3.0,3.0,2028,CCP-DP,9984,9983,99.98998397435898,99.99990894522145,0.00010016025641025641,1.3543683215975761,170020,/mnt/st_data/zhangzixin/bbs-test-master/experiments/picture/coverage_ids_stress/stress_results_refined/cov09_indel06_seed2028/ccpdp.txt
cov09_indel06_seed2028,9,6.0,2.0,3.0,3.0,2028,BBS,9984,8825,88.39142628205128,99.64297421328672,0.39272836538461536,2.889037564396858,21044,/mnt/st_data/zhangzixin/bbs-test-master/experiments/picture/coverage_ids_stress/stress_results_refined/cov09_indel06_seed2028/bbs.txt
cov09_indel06_seed2028,9,6.0,2.0,3.0,3.0,2028,CPL,9984,9972,99.8798076923077,99.9981789044289,0.002003205128205128,4.684381049126387,20292,/mnt/st_data/zhangzixin/bbs-test-master/experiments/picture/coverage_ids_stress/stress_results_refined/cov09_indel06_seed2028/cpl.txt
cov09_indel06_seed2029,9,6.0,2.0,3.0,3.0,2029,CCP-DP,9984,9984,100.0,100.0,0.0,1.361392054706812,171644,/mnt/st_data/zhangzixin/bbs-test-master/experiments/picture/coverage_ids_stress/stress_results_refined/cov09_indel06_seed2029/ccpdp.txt
cov09_indel06_seed2029,9,6.0,2.0,3.0,3.0,2029,BBS,9984,8796,88.10096153846153,99.63095498251748,0.4059495192307692,2.6090109050273895,21020,/mnt/st_data/zhangzixin/bbs-test-master/experiments/picture/coverage_ids_stress/stress_results_refined/cov09_indel06_seed2029/bbs.txt
cov09_indel06_seed2029,9,6.0,2.0,3.0,3.0,2029,CPL,9984,9977,99.92988782051282,99.9989983974359,0.0011017628205128205,4.824561610817909,20196,/mnt/st_data/zhangzixin/bbs-test-master/experiments/picture/coverage_ids_stress/stress_results_refined/cov09_indel06_seed2029/cpl.txt
cov09_indel06_seed2030,9,6.0,2.0,3.0,3.0,2030,CCP-DP,9984,9984,100.0,100.0,0.0,1.3480283841490746,171556,/mnt/st_data/zhangzixin/bbs-test-master/experiments/picture/coverage_ids_stress/stress_results_refined/cov09_indel06_seed2030/ccpdp.txt
cov09_indel06_seed2030,9,6.0,2.0,3.0,3.0,2030,BBS,9984,8833,88.47155448717949,99.65590399184148,0.378505608974359,2.618277247995138,22036,/mnt/st_data/zhangzixin/bbs-test-master/experiments/picture/coverage_ids_stress/stress_results_refined/cov09_indel06_seed2030/bbs.txt
cov09_indel06_seed2030,9,6.0,2.0,3.0,3.0,2030,CPL,9984,9977,99.92988782051282,99.99908945221445,0.001001602564102564,4.69221618026495,20392,/mnt/st_data/zhangzixin/bbs-test-master/experiments/picture/coverage_ids_stress/stress_results_refined/cov09_indel06_seed2030/cpl.txt
cov09_indel08_seed2026,9,8.0,2.0,4.0,4.0,2026,CCP-DP,9984,9971,99.86979166666667,99.99790574009324,0.0023036858974358975,2.1644259206950665,174684,/mnt/st_data/zhangzixin/bbs-test-master/experiments/picture/coverage_ids_stress/stress_results_refined/cov09_indel08_seed2026/ccpdp.txt
cov09_indel08_seed2026,9,8.0,2.0,4.0,4.0,2026,BBS,9984,6521,65.3145032051282,98.66805069930071,1.4651442307692308,2.7263472229242325,21980,/mnt/st_data/zhangzixin/bbs-test-master/experiments/picture/coverage_ids_stress/stress_results_refined/cov09_indel08_seed2026/bbs.txt
cov09_indel08_seed2026,9,8.0,2.0,4.0,4.0,2026,CPL,9984,9937,99.5292467948718,99.99289772727272,0.0078125,5.102058172225952,23256,/mnt/st_data/zhangzixin/bbs-test-master/experiments/picture/coverage_ids_stress/stress_results_refined/cov09_indel08_seed2026/cpl.txt
cov09_indel08_seed2027,9,8.0,2.0,4.0,4.0,2027,CCP-DP,9984,9963,99.78966346153847,99.99708624708624,0.003205128205128205,2.181747477501631,174172,/mnt/st_data/zhangzixin/bbs-test-master/experiments/picture/coverage_ids_stress/stress_results_refined/cov09_indel08_seed2027/ccpdp.txt
cov09_indel08_seed2027,9,8.0,2.0,4.0,4.0,2027,BBS,9984,6493,65.03405448717949,98.6479275932401,1.4872796474358974,2.7117919214069843,21240,/mnt/st_data/zhangzixin/bbs-test-master/experiments/picture/coverage_ids_stress/stress_results_refined/cov09_indel08_seed2027/bbs.txt
cov09_indel08_seed2027,9,8.0,2.0,4.0,4.0,2027,CPL,9984,9943,99.58934294871794,99.9933530011655,0.007311698717948718,5.119563907384872,23000,/mnt/st_data/zhangzixin/bbs-test-master/experiments/picture/coverage_ids_stress/stress_results_refined/cov09_indel08_seed2027/cpl.txt
cov09_indel08_seed2028,9,8.0,2.0,4.0,4.0,2028,CCP-DP,9984,9967,99.82972756410257,99.99717730186481,0.0031049679487179485,2.153739333152771,174600,/mnt/st_data/zhangzixin/bbs-test-master/experiments/picture/coverage_ids_stress/stress_results_refined/cov09_indel08_seed2028/ccpdp.txt
cov09_indel08_seed2028,9,8.0,2.0,4.0,4.0,2028,BBS,9984,6591,66.015625,98.61687791375292,1.521434294871795,2.5601073279976845,21132,/mnt/st_data/zhangzixin/bbs-test-master/experiments/picture/coverage_ids_stress/stress_results_refined/cov09_indel08_seed2028/bbs.txt
cov09_indel08_seed2028,9,8.0,2.0,4.0,4.0,2028,CPL,9984,9920,99.35897435897436,99.98961975524475,0.01141826923076923,5.251129146665335,23344,/mnt/st_data/zhangzixin/bbs-test-master/experiments/picture/coverage_ids_stress/stress_results_refined/cov09_indel08_seed2028/cpl.txt
cov09_indel08_seed2029,9,8.0,2.0,4.0,4.0,2029,CCP-DP,9984,9955,99.70953525641026,99.99553831585082,0.004907852564102564,2.2007930129766464,173700,/mnt/st_data/zhangzixin/bbs-test-master/experiments/picture/coverage_ids_stress/stress_results_refined/cov09_indel08_seed2029/ccpdp.txt
cov09_indel08_seed2029,9,8.0,2.0,4.0,4.0,2029,BBS,9984,6560,65.7051282051282,98.5861013986014,1.5552884615384615,2.752469815313816,21116,/mnt/st_data/zhangzixin/bbs-test-master/experiments/picture/coverage_ids_stress/stress_results_refined/cov09_indel08_seed2029/bbs.txt
cov09_indel08_seed2029,9,8.0,2.0,4.0,4.0,2029,CPL,9984,9937,99.5292467948718,99.9923513986014,0.008413461538461538,5.240700416266918,23120,/mnt/st_data/zhangzixin/bbs-test-master/experiments/picture/coverage_ids_stress/stress_results_refined/cov09_indel08_seed2029/cpl.txt
cov09_indel08_seed2030,9,8.0,2.0,4.0,4.0,2030,CCP-DP,9984,9967,99.82972756410257,99.99772363053613,0.0025040064102564105,2.127720471471548,173700,/mnt/st_data/zhangzixin/bbs-test-master/experiments/picture/coverage_ids_stress/stress_results_refined/cov09_indel08_seed2030/ccpdp.txt
cov09_indel08_seed2030,9,8.0,2.0,4.0,4.0,2030,BBS,9984,6576,65.86538461538461,98.66058420745921,1.4733573717948718,2.6250739321112633,21164,/mnt/st_data/zhangzixin/bbs-test-master/experiments/picture/coverage_ids_stress/stress_results_refined/cov09_indel08_seed2030/bbs.txt
cov09_indel08_seed2030,9,8.0,2.0,4.0,4.0,2030,CPL,9984,9933,99.4891826923077,99.99207823426573,0.008713942307692308,5.108707346022129,22944,/mnt/st_data/zhangzixin/bbs-test-master/experiments/picture/coverage_ids_stress/stress_results_refined/cov09_indel08_seed2030/cpl.txt
cov09_indel10_seed2026,9,10.0,2.0,5.0,5.0,2026,CCP-DP,9984,9888,99.03846153846153,99.98415646853147,0.017427884615384616,3.5249208621680737,177168,/mnt/st_data/zhangzixin/bbs-test-master/experiments/picture/coverage_ids_stress/stress_results_refined/cov09_indel10_seed2026/ccpdp.txt
cov09_indel10_seed2026,9,10.0,2.0,5.0,5.0,2026,BBS,9984,3629,36.34815705128205,96.85961174242425,3.4544270833333335,2.7549057975411415,21144,/mnt/st_data/zhangzixin/bbs-test-master/experiments/picture/coverage_ids_stress/stress_results_refined/cov09_indel10_seed2026/bbs.txt
cov09_indel10_seed2026,9,10.0,2.0,5.0,5.0,2026,CPL,9984,9785,98.0068108974359,99.96685606060606,0.036458333333333336,5.620807483792305,25380,/mnt/st_data/zhangzixin/bbs-test-master/experiments/picture/coverage_ids_stress/stress_results_refined/cov09_indel10_seed2026/cpl.txt
cov09_indel10_seed2027,9,10.0,2.0,5.0,5.0,2027,CCP-DP,9984,9873,98.88822115384616,99.98160693473194,0.020232371794871796,3.5491626523435116,177108,/mnt/st_data/zhangzixin/bbs-test-master/experiments/picture/coverage_ids_stress/stress_results_refined/cov09_indel10_seed2027/ccpdp.txt
cov09_indel10_seed2027,9,10.0,2.0,5.0,5.0,2027,BBS,9984,3675,36.80889423076923,96.90996503496504,3.3990384615384617,2.6517610885202885,20792,/mnt/st_data/zhangzixin/bbs-test-master/experiments/picture/coverage_ids_stress/stress_results_refined/cov09_indel10_seed2027/bbs.txt
cov09_indel10_seed2027,9,10.0,2.0,5.0,5.0,2027,CPL,9984,9795,98.10697115384616,99.96940559440559,0.03365384615384615,5.586906388401985,25424,/mnt/st_data/zhangzixin/bbs-test-master/experiments/picture/coverage_ids_stress/stress_results_refined/cov09_indel10_seed2027/cpl.txt
cov09_indel10_seed2028,9,10.0,2.0,5.0,5.0,2028,CCP-DP,9984,9889,99.04847756410257,99.98479385198135,0.01672676282051282,3.5113699324429035,177444,/mnt/st_data/zhangzixin/bbs-test-master/experiments/picture/coverage_ids_stress/stress_results_refined/cov09_indel10_seed2028/ccpdp.txt
cov09_indel10_seed2028,9,10.0,2.0,5.0,5.0,2028,BBS,9984,3727,37.32972756410256,96.77702505827506,3.5452724358974357,2.74383657425642,21248,/mnt/st_data/zhangzixin/bbs-test-master/experiments/picture/coverage_ids_stress/stress_results_refined/cov09_indel10_seed2028/bbs.txt
cov09_indel10_seed2028,9,10.0,2.0,5.0,5.0,2028,CPL,9984,9792,98.07692307692308,99.96831293706295,0.03485576923076923,5.581324510276318,25936,/mnt/st_data/zhangzixin/bbs-test-master/experiments/picture/coverage_ids_stress/stress_results_refined/cov09_indel10_seed2028/cpl.txt
cov09_indel10_seed2029,9,10.0,2.0,5.0,5.0,2029,CCP-DP,9984,9882,98.97836538461539,99.98324592074593,0.01842948717948718,3.5032437965273857,177088,/mnt/st_data/zhangzixin/bbs-test-master/experiments/picture/coverage_ids_stress/stress_results_refined/cov09_indel10_seed2029/ccpdp.txt
cov09_indel10_seed2029,9,10.0,2.0,5.0,5.0,2029,BBS,9984,3729,37.34975961538461,96.7157451923077,3.6126802884615383,2.614311810582876,21348,/mnt/st_data/zhangzixin/bbs-test-master/experiments/picture/coverage_ids_stress/stress_results_refined/cov09_indel10_seed2029/bbs.txt
cov09_indel10_seed2029,9,10.0,2.0,5.0,5.0,2029,CPL,9984,9790,98.05689102564102,99.96895032051282,0.03415464743589743,5.586353562772274,25984,/mnt/st_data/zhangzixin/bbs-test-master/experiments/picture/coverage_ids_stress/stress_results_refined/cov09_indel10_seed2029/cpl.txt
cov09_indel10_seed2030,9,10.0,2.0,5.0,5.0,2030,CCP-DP,9984,9917,99.32892628205128,99.98971081002331,0.011318108974358974,3.57079316675663,177112,/mnt/st_data/zhangzixin/bbs-test-master/experiments/picture/coverage_ids_stress/stress_results_refined/cov09_indel10_seed2030/ccpdp.txt
cov09_indel10_seed2030,9,10.0,2.0,5.0,5.0,2030,BBS,9984,3733,37.389823717948715,96.89020614801865,3.4207732371794872,2.6705158799886703,20872,/mnt/st_data/zhangzixin/bbs-test-master/experiments/picture/coverage_ids_stress/stress_results_refined/cov09_indel10_seed2030/bbs.txt
cov09_indel10_seed2030,9,10.0,2.0,5.0,5.0,2030,CPL,9984,9803,98.18709935897436,99.97004297785548,0.03295272435897436,5.556105803698301,25604,/mnt/st_data/zhangzixin/bbs-test-master/experiments/picture/coverage_ids_stress/stress_results_refined/cov09_indel10_seed2030/cpl.txt
cov10_indel02_seed2026,10,2.0,2.0,1.0,1.0,2026,CCP-DP,9984,9984,100.0,100.0,0.0,1.358346901834011,169104,/mnt/st_data/zhangzixin/bbs-test-master/experiments/picture/coverage_ids_stress/stress_results_v82/cov10_indel02_seed2026/ccpdp.txt
cov10_indel02_seed2026,10,2.0,2.0,1.0,1.0,2026,BBS,9984,9977,99.92988782051282,99.99927156177156,0.0008012820512820513,2.787236176431179,21400,/mnt/st_data/zhangzixin/bbs-test-master/experiments/picture/coverage_ids_stress/stress_results_v82/cov10_indel02_seed2026/bbs.txt
cov10_indel02_seed2026,10,2.0,2.0,1.0,1.0,2026,CPL,9984,9984,100.0,100.0,0.0,4.685009229928255,14876,/mnt/st_data/zhangzixin/bbs-test-master/experiments/picture/coverage_ids_stress/stress_results_v82/cov10_indel02_seed2026/cpl.txt
cov10_indel02_seed2027,10,2.0,2.0,1.0,1.0,2027,CCP-DP,9984,9984,100.0,100.0,0.0,1.3542662523686886,169360,/mnt/st_data/zhangzixin/bbs-test-master/experiments/picture/coverage_ids_stress/stress_results_v82/cov10_indel02_seed2027/ccpdp.txt
cov10_indel02_seed2027,10,2.0,2.0,1.0,1.0,2027,BBS,9984,9978,99.93990384615384,99.99945367132868,0.0006009615384615385,2.7018087655305862,21116,/mnt/st_data/zhangzixin/bbs-test-master/experiments/picture/coverage_ids_stress/stress_results_v82/cov10_indel02_seed2027/bbs.txt
cov10_indel02_seed2027,10,2.0,2.0,1.0,1.0,2027,CPL,9984,9984,100.0,100.0,0.0,4.69625161588192,15004,/mnt/st_data/zhangzixin/bbs-test-master/experiments/picture/coverage_ids_stress/stress_results_v82/cov10_indel02_seed2027/cpl.txt
cov10_indel02_seed2028,10,2.0,2.0,1.0,1.0,2028,CCP-DP,9984,9984,100.0,100.0,0.0,1.3530154451727867,170012,/mnt/st_data/zhangzixin/bbs-test-master/experiments/picture/coverage_ids_stress/stress_results_v82/cov10_indel02_seed2028/ccpdp.txt
cov10_indel02_seed2028,10,2.0,2.0,1.0,1.0,2028,BBS,9984,9979,99.94991987179488,99.99954472610723,0.000500801282051282,2.6990806348621845,21420,/mnt/st_data/zhangzixin/bbs-test-master/experiments/picture/coverage_ids_stress/stress_results_v82/cov10_indel02_seed2028/bbs.txt
cov10_indel02_seed2028,10,2.0,2.0,1.0,1.0,2028,CPL,9984,9984,100.0,100.0,0.0,4.735357638448477,15060,/mnt/st_data/zhangzixin/bbs-test-master/experiments/picture/coverage_ids_stress/stress_results_v82/cov10_indel02_seed2028/cpl.txt
cov10_indel02_seed2029,10,2.0,2.0,1.0,1.0,2029,CCP-DP,9984,9984,100.0,100.0,0.0,1.3881212174892426,168712,/mnt/st_data/zhangzixin/bbs-test-master/experiments/picture/coverage_ids_stress/stress_results_v82/cov10_indel02_seed2029/ccpdp.txt
cov10_indel02_seed2029,10,2.0,2.0,1.0,1.0,2029,BBS,9984,9975,99.90985576923077,99.99908945221445,0.001001602564102564,2.3345273807644844,21540,/mnt/st_data/zhangzixin/bbs-test-master/experiments/picture/coverage_ids_stress/stress_results_v82/cov10_indel02_seed2029/bbs.txt
cov10_indel02_seed2029,10,2.0,2.0,1.0,1.0,2029,CPL,9984,9984,100.0,100.0,0.0,4.725794844329357,14912,/mnt/st_data/zhangzixin/bbs-test-master/experiments/picture/coverage_ids_stress/stress_results_v82/cov10_indel02_seed2029/cpl.txt
cov10_indel02_seed2030,10,2.0,2.0,1.0,1.0,2030,CCP-DP,9984,9984,100.0,100.0,0.0,1.3593315556645393,169508,/mnt/st_data/zhangzixin/bbs-test-master/experiments/picture/coverage_ids_stress/stress_results_v82/cov10_indel02_seed2030/ccpdp.txt
cov10_indel02_seed2030,10,2.0,2.0,1.0,1.0,2030,BBS,9984,9976,99.9198717948718,99.99927156177156,0.0008012820512820513,2.700830888003111,21300,/mnt/st_data/zhangzixin/bbs-test-master/experiments/picture/coverage_ids_stress/stress_results_v82/cov10_indel02_seed2030/bbs.txt
cov10_indel02_seed2030,10,2.0,2.0,1.0,1.0,2030,CPL,9984,9984,100.0,100.0,0.0,4.661137957125902,14936,/mnt/st_data/zhangzixin/bbs-test-master/experiments/picture/coverage_ids_stress/stress_results_v82/cov10_indel02_seed2030/cpl.txt
cov10_indel04_seed2026,10,4.0,2.0,2.0,2.0,2026,CCP-DP,9984,9984,100.0,100.0,0.0,1.4008475914597511,172160,/mnt/st_data/zhangzixin/bbs-test-master/experiments/picture/coverage_ids_stress/stress_results_v82/cov10_indel04_seed2026/ccpdp.txt
cov10_indel04_seed2026,10,4.0,2.0,2.0,2.0,2026,BBS,9984,9887,99.02844551282051,99.98515807109557,0.016326121794871796,2.7469650506973267,21464,/mnt/st_data/zhangzixin/bbs-test-master/experiments/picture/coverage_ids_stress/stress_results_v82/cov10_indel04_seed2026/bbs.txt
cov10_indel04_seed2026,10,4.0,2.0,2.0,2.0,2026,CPL,9984,9984,100.0,100.0,0.0,5.216195829212666,18408,/mnt/st_data/zhangzixin/bbs-test-master/experiments/picture/coverage_ids_stress/stress_results_v82/cov10_indel04_seed2026/cpl.txt
cov10_indel04_seed2027,10,4.0,2.0,2.0,2.0,2027,CCP-DP,9984,9984,100.0,100.0,0.0,1.397371668368578,172372,/mnt/st_data/zhangzixin/bbs-test-master/experiments/picture/coverage_ids_stress/stress_results_v82/cov10_indel04_seed2027/ccpdp.txt
cov10_indel04_seed2027,10,4.0,2.0,2.0,2.0,2027,BBS,9984,9880,98.95833333333333,99.98798076923077,0.013221153846153846,2.52338207885623,20668,/mnt/st_data/zhangzixin/bbs-test-master/experiments/picture/coverage_ids_stress/stress_results_v82/cov10_indel04_seed2027/bbs.txt
cov10_indel04_seed2027,10,4.0,2.0,2.0,2.0,2027,CPL,9984,9984,100.0,100.0,0.0,5.132445178925991,18324,/mnt/st_data/zhangzixin/bbs-test-master/experiments/picture/coverage_ids_stress/stress_results_v82/cov10_indel04_seed2027/cpl.txt
cov10_indel04_seed2028,10,4.0,2.0,2.0,2.0,2028,CCP-DP,9984,9984,100.0,100.0,0.0,1.4093284755945206,172336,/mnt/st_data/zhangzixin/bbs-test-master/experiments/picture/coverage_ids_stress/stress_results_v82/cov10_indel04_seed2028/ccpdp.txt
cov10_indel04_seed2028,10,4.0,2.0,2.0,2.0,2028,BBS,9984,9856,98.71794871794872,99.97869318181817,0.0234375,2.902249153703451,21724,/mnt/st_data/zhangzixin/bbs-test-master/experiments/picture/coverage_ids_stress/stress_results_v82/cov10_indel04_seed2028/bbs.txt
cov10_indel04_seed2028,10,4.0,2.0,2.0,2.0,2028,CPL,9984,9984,100.0,100.0,0.0,5.25240321457386,18400,/mnt/st_data/zhangzixin/bbs-test-master/experiments/picture/coverage_ids_stress/stress_results_v82/cov10_indel04_seed2028/cpl.txt
cov10_indel04_seed2029,10,4.0,2.0,2.0,2.0,2029,CCP-DP,9984,9984,100.0,100.0,0.0,1.4004635103046894,172388,/mnt/st_data/zhangzixin/bbs-test-master/experiments/picture/coverage_ids_stress/stress_results_v82/cov10_indel04_seed2029/ccpdp.txt
cov10_indel04_seed2029,10,4.0,2.0,2.0,2.0,2029,BBS,9984,9871,98.8681891025641,99.98279064685315,0.01893028846153846,2.7761861942708492,21372,/mnt/st_data/zhangzixin/bbs-test-master/experiments/picture/coverage_ids_stress/stress_results_v82/cov10_indel04_seed2029/bbs.txt
cov10_indel04_seed2029,10,4.0,2.0,2.0,2.0,2029,CPL,9984,9984,100.0,100.0,0.0,5.1972668543457985,18160,/mnt/st_data/zhangzixin/bbs-test-master/experiments/picture/coverage_ids_stress/stress_results_v82/cov10_indel04_seed2029/cpl.txt
cov10_indel04_seed2030,10,4.0,2.0,2.0,2.0,2030,CCP-DP,9984,9984,100.0,100.0,0.0,1.397706475108862,172324,/mnt/st_data/zhangzixin/bbs-test-master/experiments/picture/coverage_ids_stress/stress_results_v82/cov10_indel04_seed2030/ccpdp.txt
cov10_indel04_seed2030,10,4.0,2.0,2.0,2.0,2030,BBS,9984,9882,98.97836538461539,99.98843604312354,0.012720352564102564,2.6871074810624123,21964,/mnt/st_data/zhangzixin/bbs-test-master/experiments/picture/coverage_ids_stress/stress_results_v82/cov10_indel04_seed2030/bbs.txt
cov10_indel04_seed2030,10,4.0,2.0,2.0,2.0,2030,CPL,9984,9984,100.0,100.0,0.0,5.280105367302895,18488,/mnt/st_data/zhangzixin/bbs-test-master/experiments/picture/coverage_ids_stress/stress_results_v82/cov10_indel04_seed2030/cpl.txt
cov10_indel06_seed2026,10,6.0,2.0,3.0,3.0,2026,CCP-DP,9984,9983,99.98998397435898,99.99981789044288,0.00020032051282051281,1.4325175881385803,173548,/mnt/st_data/zhangzixin/bbs-test-master/experiments/picture/coverage_ids_stress/stress_results_v82/cov10_indel06_seed2026/ccpdp.txt
cov10_indel06_seed2026,10,6.0,2.0,3.0,3.0,2026,BBS,9984,9296,93.10897435897436,99.81324664918415,0.2054286858974359,2.8756596744060516,21416,/mnt/st_data/zhangzixin/bbs-test-master/experiments/picture/coverage_ids_stress/stress_results_v82/cov10_indel06_seed2026/bbs.txt
cov10_indel06_seed2026,10,6.0,2.0,3.0,3.0,2026,CPL,9984,9977,99.92988782051282,99.99881628787878,0.0013020833333333333,5.844303332269192,21988,/mnt/st_data/zhangzixin/bbs-test-master/experiments/picture/coverage_ids_stress/stress_results_v82/cov10_indel06_seed2026/cpl.txt
cov10_indel06_seed2027,10,6.0,2.0,3.0,3.0,2027,CCP-DP,9984,9984,100.0,100.0,0.0,1.4530201852321625,173956,/mnt/st_data/zhangzixin/bbs-test-master/experiments/picture/coverage_ids_stress/stress_results_v82/cov10_indel06_seed2027/ccpdp.txt
cov10_indel06_seed2027,10,6.0,2.0,3.0,3.0,2027,BBS,9984,9292,93.06891025641026,99.78547494172494,0.2359775641025641,2.62326218187809,21456,/mnt/st_data/zhangzixin/bbs-test-master/experiments/picture/coverage_ids_stress/stress_results_v82/cov10_indel06_seed2027/bbs.txt
cov10_indel06_seed2027,10,6.0,2.0,3.0,3.0,2027,CPL,9984,9983,99.98998397435898,99.99990894522145,0.00010016025641025641,5.848615922033787,21436,/mnt/st_data/zhangzixin/bbs-test-master/experiments/picture/coverage_ids_stress/stress_results_v82/cov10_indel06_seed2027/cpl.txt
cov10_indel06_seed2028,10,6.0,2.0,3.0,3.0,2028,CCP-DP,9984,9984,100.0,100.0,0.0,1.4943022169172764,172936,/mnt/st_data/zhangzixin/bbs-test-master/experiments/picture/coverage_ids_stress/stress_results_v82/cov10_indel06_seed2028/ccpdp.txt
cov10_indel06_seed2028,10,6.0,2.0,3.0,3.0,2028,BBS,9984,9299,93.13902243589743,99.7799206002331,0.24208733974358973,2.555150091648102,21584,/mnt/st_data/zhangzixin/bbs-test-master/experiments/picture/coverage_ids_stress/stress_results_v82/cov10_indel06_seed2028/bbs.txt
cov10_indel06_seed2028,10,6.0,2.0,3.0,3.0,2028,CPL,9984,9980,99.9599358974359,99.99936261655012,0.0007011217948717949,5.807376753538847,21528,/mnt/st_data/zhangzixin/bbs-test-master/experiments/picture/coverage_ids_stress/stress_results_v82/cov10_indel06_seed2028/cpl.txt
cov10_indel06_seed2029,10,6.0,2.0,3.0,3.0,2029,CCP-DP,9984,9984,100.0,100.0,0.0,1.4384472742676735,173340,/mnt/st_data/zhangzixin/bbs-test-master/experiments/picture/coverage_ids_stress/stress_results_v82/cov10_indel06_seed2029/ccpdp.txt
cov10_indel06_seed2029,10,6.0,2.0,3.0,3.0,2029,BBS,9984,9273,92.87860576923077,99.79184877622377,0.22896634615384615,2.6389829702675343,21400,/mnt/st_data/zhangzixin/bbs-test-master/experiments/picture/coverage_ids_stress/stress_results_v82/cov10_indel06_seed2029/bbs.txt
cov10_indel06_seed2029,10,6.0,2.0,3.0,3.0,2029,CPL,9984,9980,99.9599358974359,99.99936261655012,0.0007011217948717949,5.866079114377499,21524,/mnt/st_data/zhangzixin/bbs-test-master/experiments/picture/coverage_ids_stress/stress_results_v82/cov10_indel06_seed2029/cpl.txt
cov10_indel06_seed2030,10,6.0,2.0,3.0,3.0,2030,CCP-DP,9984,9984,100.0,100.0,0.0,1.4661930091679096,172844,/mnt/st_data/zhangzixin/bbs-test-master/experiments/picture/coverage_ids_stress/stress_results_v82/cov10_indel06_seed2030/ccpdp.txt
cov10_indel06_seed2030,10,6.0,2.0,3.0,3.0,2030,BBS,9984,9302,93.16907051282051,99.80104530885781,0.21885016025641027,2.7512373328208923,21728,/mnt/st_data/zhangzixin/bbs-test-master/experiments/picture/coverage_ids_stress/stress_results_v82/cov10_indel06_seed2030/bbs.txt
cov10_indel06_seed2030,10,6.0,2.0,3.0,3.0,2030,CPL,9984,9984,100.0,100.0,0.0,5.857559535652399,22004,/mnt/st_data/zhangzixin/bbs-test-master/experiments/picture/coverage_ids_stress/stress_results_v82/cov10_indel06_seed2030/cpl.txt
cov10_indel08_seed2026,10,8.0,2.0,4.0,4.0,2026,CCP-DP,9984,9971,99.86979166666667,99.99790574009324,0.0023036858974358975,1.9455396458506584,175780,/mnt/st_data/zhangzixin/bbs-test-master/experiments/picture/coverage_ids_stress/stress_results_v82/cov10_indel08_seed2026/ccpdp.txt
cov10_indel08_seed2026,10,8.0,2.0,4.0,4.0,2026,BBS,9984,7488,75.0,99.12924315268066,0.957832532051282,2.7378998175263405,21048,/mnt/st_data/zhangzixin/bbs-test-master/experiments/picture/coverage_ids_stress/stress_results_v82/cov10_indel08_seed2026/bbs.txt
cov10_indel08_seed2026,10,8.0,2.0,4.0,4.0,2026,CPL,9984,9963,99.78966346153847,99.99672202797203,0.003605769230769231,6.259846892207861,24968,/mnt/st_data/zhangzixin/bbs-test-master/experiments/picture/coverage_ids_stress/stress_results_v82/cov10_indel08_seed2026/cpl.txt
cov10_indel08_seed2027,10,8.0,2.0,4.0,4.0,2027,CCP-DP,9984,9968,99.83974358974359,99.99726835664336,0.0030048076923076925,1.9078037440776825,175524,/mnt/st_data/zhangzixin/bbs-test-master/experiments/picture/coverage_ids_stress/stress_results_v82/cov10_indel08_seed2027/ccpdp.txt
cov10_indel08_seed2027,10,8.0,2.0,4.0,4.0,2027,BBS,9984,7517,75.29046474358974,99.08052884615385,1.0114182692307692,2.852555565536022,21468,/mnt/st_data/zhangzixin/bbs-test-master/experiments/picture/coverage_ids_stress/stress_results_v82/cov10_indel08_seed2027/bbs.txt
cov10_indel08_seed2027,10,8.0,2.0,4.0,4.0,2027,CPL,9984,9968,99.83974358974359,99.99726835664336,0.0030048076923076925,6.203518450260162,24852,/mnt/st_data/zhangzixin/bbs-test-master/experiments/picture/coverage_ids_stress/stress_results_v82/cov10_indel08_seed2027/cpl.txt
cov10_indel08_seed2028,10,8.0,2.0,4.0,4.0,2028,CCP-DP,9984,9972,99.8798076923077,99.99808784965035,0.0021033653846153845,2.004830699414015,176360,/mnt/st_data/zhangzixin/bbs-test-master/experiments/picture/coverage_ids_stress/stress_results_v82/cov10_indel08_seed2028/ccpdp.txt
cov10_indel08_seed2028,10,8.0,2.0,4.0,4.0,2028,BBS,9984,7598,76.10176282051282,99.10966637529137,0.9793669871794872,2.471505418419838,20992,/mnt/st_data/zhangzixin/bbs-test-master/experiments/picture/coverage_ids_stress/stress_results_v82/cov10_indel08_seed2028/bbs.txt
cov10_indel08_seed2028,10,8.0,2.0,4.0,4.0,2028,CPL,9984,9966,99.81971153846153,99.99690413752914,0.003405448717948718,6.431095130741596,25128,/mnt/st_data/zhangzixin/bbs-test-master/experiments/picture/coverage_ids_stress/stress_results_v82/cov10_indel08_seed2028/cpl.txt
cov10_indel08_seed2029,10,8.0,2.0,4.0,4.0,2029,CCP-DP,9984,9974,99.89983974358974,99.99845206876456,0.001702724358974359,1.9189901314675808,175888,/mnt/st_data/zhangzixin/bbs-test-master/experiments/picture/coverage_ids_stress/stress_results_v82/cov10_indel08_seed2029/ccpdp.txt
cov10_indel08_seed2029,10,8.0,2.0,4.0,4.0,2029,BBS,9984,7526,75.38060897435898,99.00140224358974,1.0984575320512822,2.6263014785945415,21328,/mnt/st_data/zhangzixin/bbs-test-master/experiments/picture/coverage_ids_stress/stress_results_v82/cov10_indel08_seed2029/bbs.txt
cov10_indel08_seed2029,10,8.0,2.0,4.0,4.0,2029,CPL,9984,9967,99.82972756410257,99.99754152097901,0.002704326923076923,6.4149386286735535,24892,/mnt/st_data/zhangzixin/bbs-test-master/experiments/picture/coverage_ids_stress/stress_results_v82/cov10_indel08_seed2029/cpl.txt
cov10_indel08_seed2030,10,8.0,2.0,4.0,4.0,2030,CCP-DP,9984,9977,99.92988782051282,99.999180506993,0.0009014423076923077,1.9000093340873718,176256,/mnt/st_data/zhangzixin/bbs-test-master/experiments/picture/coverage_ids_stress/stress_results_v82/cov10_indel08_seed2030/ccpdp.txt
cov10_indel08_seed2030,10,8.0,2.0,4.0,4.0,2030,BBS,9984,7578,75.9014423076923,99.07470134032634,1.0178285256410255,2.6344664692878723,21320,/mnt/st_data/zhangzixin/bbs-test-master/experiments/picture/coverage_ids_stress/stress_results_v82/cov10_indel08_seed2030/bbs.txt
cov10_indel08_seed2030,10,8.0,2.0,4.0,4.0,2030,CPL,9984,9968,99.83974358974359,99.99754152097901,0.002704326923076923,6.20557027682662,25040,/mnt/st_data/zhangzixin/bbs-test-master/experiments/picture/coverage_ids_stress/stress_results_v82/cov10_indel08_seed2030/cpl.txt
cov10_indel10_seed2026,10,10.0,2.0,5.0,5.0,2026,CCP-DP,9984,9926,99.41907051282051,99.99089452214453,0.010016025641025642,3.28653122857213,179180,/mnt/st_data/zhangzixin/bbs-test-master/experiments/picture/coverage_ids_stress/stress_results_v82/cov10_indel10_seed2026/ccpdp.txt
cov10_indel10_seed2026,10,10.0,2.0,5.0,5.0,2026,BBS,9984,4754,47.6161858974359,97.65470206876456,2.5798277243589745,2.6469412706792355,21556,/mnt/st_data/zhangzixin/bbs-test-master/experiments/picture/coverage_ids_stress/stress_results_v82/cov10_indel10_seed2026/bbs.txt
cov10_indel10_seed2026,10,10.0,2.0,5.0,5.0,2026,CPL,9984,9905,99.20873397435898,99.98743444055944,0.013822115384615384,6.931925468146801,27704,/mnt/st_data/zhangzixin/bbs-test-master/experiments/picture/coverage_ids_stress/stress_results_v82/cov10_indel10_seed2026/cpl.txt
cov10_indel10_seed2027,10,10.0,2.0,5.0,5.0,2027,CCP-DP,9984,9933,99.4891826923077,99.99207823426573,0.008713942307692308,3.3109756000339985,178920,/mnt/st_data/zhangzixin/bbs-test-master/experiments/picture/coverage_ids_stress/stress_results_v82/cov10_indel10_seed2027/ccpdp.txt
cov10_indel10_seed2027,10,10.0,2.0,5.0,5.0,2027,BBS,9984,4802,48.09695512820513,97.65479312354313,2.5797275641025643,2.5589644350111485,20712,/mnt/st_data/zhangzixin/bbs-test-master/experiments/picture/coverage_ids_stress/stress_results_v82/cov10_indel10_seed2027/bbs.txt
cov10_indel10_seed2027,10,10.0,2.0,5.0,5.0,2027,CPL,9984,9920,99.35897435897436,99.98916448135198,0.011919070512820512,6.7520881444215775,27772,/mnt/st_data/zhangzixin/bbs-test-master/experiments/picture/coverage_ids_stress/stress_results_v82/cov10_indel10_seed2027/cpl.txt
cov10_indel10_seed2028,10,10.0,2.0,5.0,5.0,2028,CCP-DP,9984,9917,99.32892628205128,99.9893465909091,0.01171875,3.313854359090328,179052,/mnt/st_data/zhangzixin/bbs-test-master/experiments/picture/coverage_ids_stress/stress_results_v82/cov10_indel10_seed2028/ccpdp.txt
cov10_indel10_seed2028,10,10.0,2.0,5.0,5.0,2028,BBS,9984,4839,48.46754807692308,97.53232444638694,2.714443108974359,2.6051204688847065,21536,/mnt/st_data/zhangzixin/bbs-test-master/experiments/picture/coverage_ids_stress/stress_results_v82/cov10_indel10_seed2028/bbs.txt
cov10_indel10_seed2028,10,10.0,2.0,5.0,5.0,2028,CPL,9984,9902,99.1786858974359,99.98625072843824,0.015124198717948718,6.802461422979832,27892,/mnt/st_data/zhangzixin/bbs-test-master/experiments/picture/coverage_ids_stress/stress_results_v82/cov10_indel10_seed2028/cpl.txt
cov10_indel10_seed2029,10,10.0,2.0,5.0,5.0,2029,CCP-DP,9984,9928,99.43910256410257,99.99116768648018,0.009715544871794872,3.211448196321726,179168,/mnt/st_data/zhangzixin/bbs-test-master/experiments/picture/coverage_ids_stress/stress_results_v82/cov10_indel10_seed2029/ccpdp.txt
cov10_indel10_seed2029,10,10.0,2.0,5.0,5.0,2029,BBS,9984,4825,48.327323717948715,97.53578452797203,2.710637019230769,2.6314493119716644,21404,/mnt/st_data/zhangzixin/bbs-test-master/experiments/picture/coverage_ids_stress/stress_results_v82/cov10_indel10_seed2029/bbs.txt
cov10_indel10_seed2029,10,10.0,2.0,5.0,5.0,2029,CPL,9984,9915,99.30889423076923,99.98870920745921,0.012419871794871794,6.907718501985073,27480,/mnt/st_data/zhangzixin/bbs-test-master/experiments/picture/coverage_ids_stress/stress_results_v82/cov10_indel10_seed2029/cpl.txt
cov10_indel10_seed2030,10,10.0,2.0,5.0,5.0,2030,CCP-DP,9984,9938,99.53926282051282,99.99253350815852,0.008213141025641026,3.17593502625823,179256,/mnt/st_data/zhangzixin/bbs-test-master/experiments/picture/coverage_ids_stress/stress_results_v82/cov10_indel10_seed2030/ccpdp.txt
cov10_indel10_seed2030,10,10.0,2.0,5.0,5.0,2030,BBS,9984,4827,48.34735576923077,97.64268283799534,2.593048878205128,2.7425148151814938,21272,/mnt/st_data/zhangzixin/bbs-test-master/experiments/picture/coverage_ids_stress/stress_results_v82/cov10_indel10_seed2030/bbs.txt
cov10_indel10_seed2030,10,10.0,2.0,5.0,5.0,2030,CPL,9984,9913,99.28886217948718,99.98816287878788,0.013020833333333334,6.881839644163847,28036,/mnt/st_data/zhangzixin/bbs-test-master/experiments/picture/coverage_ids_stress/stress_results_v82/cov10_indel10_seed2030/cpl.txt
cov12_indel02_seed2026,12,2.0,2.0,1.0,1.0,2026,CCP-DP,9984,9984,100.0,100.0,0.0,1.5352262556552887,171432,/mnt/st_data/zhangzixin/bbs-test-master/experiments/picture/coverage_ids_stress/stress_results_refined/cov12_indel02_seed2026/ccpdp.txt
cov12_indel02_seed2026,12,2.0,2.0,1.0,1.0,2026,BBS,9984,9983,99.98998397435898,99.99990894522145,0.00010016025641025641,2.628290105611086,21568,/mnt/st_data/zhangzixin/bbs-test-master/experiments/picture/coverage_ids_stress/stress_results_refined/cov12_indel02_seed2026/bbs.txt
cov12_indel02_seed2026,12,2.0,2.0,1.0,1.0,2026,CPL,9984,9984,100.0,100.0,0.0,6.486002363264561,16072,/mnt/st_data/zhangzixin/bbs-test-master/experiments/picture/coverage_ids_stress/stress_results_refined/cov12_indel02_seed2026/cpl.txt
cov12_indel02_seed2027,12,2.0,2.0,1.0,1.0,2027,CCP-DP,9984,9984,100.0,100.0,0.0,1.539756927639246,171008,/mnt/st_data/zhangzixin/bbs-test-master/experiments/picture/coverage_ids_stress/stress_results_refined/cov12_indel02_seed2027/ccpdp.txt
cov12_indel02_seed2027,12,2.0,2.0,1.0,1.0,2027,BBS,9984,9982,99.97996794871794,99.99981789044288,0.00020032051282051281,2.990826576948166,21080,/mnt/st_data/zhangzixin/bbs-test-master/experiments/picture/coverage_ids_stress/stress_results_refined/cov12_indel02_seed2027/bbs.txt
cov12_indel02_seed2027,12,2.0,2.0,1.0,1.0,2027,CPL,9984,9984,100.0,100.0,0.0,6.51410012319684,16184,/mnt/st_data/zhangzixin/bbs-test-master/experiments/picture/coverage_ids_stress/stress_results_refined/cov12_indel02_seed2027/cpl.txt
cov12_indel02_seed2028,12,2.0,2.0,1.0,1.0,2028,CCP-DP,9984,9984,100.0,100.0,0.0,1.5457733683288097,171072,/mnt/st_data/zhangzixin/bbs-test-master/experiments/picture/coverage_ids_stress/stress_results_refined/cov12_indel02_seed2028/ccpdp.txt
cov12_indel02_seed2028,12,2.0,2.0,1.0,1.0,2028,BBS,9984,9982,99.97996794871794,99.99981789044288,0.00020032051282051281,2.8254331834614277,21656,/mnt/st_data/zhangzixin/bbs-test-master/experiments/picture/coverage_ids_stress/stress_results_refined/cov12_indel02_seed2028/bbs.txt
cov12_indel02_seed2028,12,2.0,2.0,1.0,1.0,2028,CPL,9984,9984,100.0,100.0,0.0,6.5204870365560055,16068,/mnt/st_data/zhangzixin/bbs-test-master/experiments/picture/coverage_ids_stress/stress_results_refined/cov12_indel02_seed2028/cpl.txt
cov12_indel02_seed2029,12,2.0,2.0,1.0,1.0,2029,CCP-DP,9984,9984,100.0,100.0,0.0,1.5385078378021717,170052,/mnt/st_data/zhangzixin/bbs-test-master/experiments/picture/coverage_ids_stress/stress_results_refined/cov12_indel02_seed2029/ccpdp.txt
cov12_indel02_seed2029,12,2.0,2.0,1.0,1.0,2029,BBS,9984,9984,100.0,100.0,0.0,2.7635503374040127,21228,/mnt/st_data/zhangzixin/bbs-test-master/experiments/picture/coverage_ids_stress/stress_results_refined/cov12_indel02_seed2029/bbs.txt
cov12_indel02_seed2029,12,2.0,2.0,1.0,1.0,2029,CPL,9984,9984,100.0,100.0,0.0,6.529070422053337,16256,/mnt/st_data/zhangzixin/bbs-test-master/experiments/picture/coverage_ids_stress/stress_results_refined/cov12_indel02_seed2029/cpl.txt
cov12_indel02_seed2030,12,2.0,2.0,1.0,1.0,2030,CCP-DP,9984,9984,100.0,100.0,0.0,1.5576090328395367,170428,/mnt/st_data/zhangzixin/bbs-test-master/experiments/picture/coverage_ids_stress/stress_results_refined/cov12_indel02_seed2030/ccpdp.txt
cov12_indel02_seed2030,12,2.0,2.0,1.0,1.0,2030,BBS,9984,9983,99.98998397435898,99.99990894522145,0.00010016025641025641,2.6660429388284683,21640,/mnt/st_data/zhangzixin/bbs-test-master/experiments/picture/coverage_ids_stress/stress_results_refined/cov12_indel02_seed2030/bbs.txt
cov12_indel02_seed2030,12,2.0,2.0,1.0,1.0,2030,CPL,9984,9984,100.0,100.0,0.0,6.541242565959692,16116,/mnt/st_data/zhangzixin/bbs-test-master/experiments/picture/coverage_ids_stress/stress_results_refined/cov12_indel02_seed2030/cpl.txt
cov12_indel04_seed2026,12,4.0,2.0,2.0,2.0,2026,CCP-DP,9984,9984,100.0,100.0,0.0,1.5838068127632141,175236,/mnt/st_data/zhangzixin/bbs-test-master/experiments/picture/coverage_ids_stress/stress_results_refined/cov12_indel04_seed2026/ccpdp.txt
cov12_indel04_seed2026,12,4.0,2.0,2.0,2.0,2026,BBS,9984,9959,99.74959935897436,99.9969951923077,0.0033052884615384615,2.6200796514749527,21160,/mnt/st_data/zhangzixin/bbs-test-master/experiments/picture/coverage_ids_stress/stress_results_refined/cov12_indel04_seed2026/bbs.txt
cov12_indel04_seed2026,12,4.0,2.0,2.0,2.0,2026,CPL,9984,9984,100.0,100.0,0.0,7.242250856012106,20652,/mnt/st_data/zhangzixin/bbs-test-master/experiments/picture/coverage_ids_stress/stress_results_refined/cov12_indel04_seed2026/cpl.txt
cov12_indel04_seed2027,12,4.0,2.0,2.0,2.0,2027,CCP-DP,9984,9984,100.0,100.0,0.0,1.6053379699587822,174184,/mnt/st_data/zhangzixin/bbs-test-master/experiments/picture/coverage_ids_stress/stress_results_refined/cov12_indel04_seed2027/ccpdp.txt
cov12_indel04_seed2027,12,4.0,2.0,2.0,2.0,2027,BBS,9984,9954,99.69951923076923,99.99663097319346,0.003705929487179487,2.8773027136921883,21028,/mnt/st_data/zhangzixin/bbs-test-master/experiments/picture/coverage_ids_stress/stress_results_refined/cov12_indel04_seed2027/bbs.txt
cov12_indel04_seed2027,12,4.0,2.0,2.0,2.0,2027,CPL,9984,9984,100.0,100.0,0.0,7.515230059623718,20408,/mnt/st_data/zhangzixin/bbs-test-master/experiments/picture/coverage_ids_stress/stress_results_refined/cov12_indel04_seed2027/cpl.txt
cov12_indel04_seed2028,12,4.0,2.0,2.0,2.0,2028,CCP-DP,9984,9984,100.0,100.0,0.0,1.6065281741321087,175212,/mnt/st_data/zhangzixin/bbs-test-master/experiments/picture/coverage_ids_stress/stress_results_refined/cov12_indel04_seed2028/ccpdp.txt
cov12_indel04_seed2028,12,4.0,2.0,2.0,2.0,2028,BBS,9984,9954,99.69951923076923,99.99672202797203,0.003605769230769231,2.956000417470932,21716,/mnt/st_data/zhangzixin/bbs-test-master/experiments/picture/coverage_ids_stress/stress_results_refined/cov12_indel04_seed2028/bbs.txt
cov12_indel04_seed2028,12,4.0,2.0,2.0,2.0,2028,CPL,9984,9984,100.0,100.0,0.0,7.439983785152435,20564,/mnt/st_data/zhangzixin/bbs-test-master/experiments/picture/coverage_ids_stress/stress_results_refined/cov12_indel04_seed2028/cpl.txt
cov12_indel04_seed2029,12,4.0,2.0,2.0,2.0,2029,CCP-DP,9984,9984,100.0,100.0,0.0,1.5840510204434395,175828,/mnt/st_data/zhangzixin/bbs-test-master/experiments/picture/coverage_ids_stress/stress_results_refined/cov12_indel04_seed2029/ccpdp.txt
cov12_indel04_seed2029,12,4.0,2.0,2.0,2.0,2029,BBS,9984,9962,99.77964743589743,99.99735941142191,0.002904647435897436,2.7212237901985645,21356,/mnt/st_data/zhangzixin/bbs-test-master/experiments/picture/coverage_ids_stress/stress_results_refined/cov12_indel04_seed2029/bbs.txt
cov12_indel04_seed2029,12,4.0,2.0,2.0,2.0,2029,CPL,9984,9984,100.0,100.0,0.0,7.352074913680553,20368,/mnt/st_data/zhangzixin/bbs-test-master/experiments/picture/coverage_ids_stress/stress_results_refined/cov12_indel04_seed2029/cpl.txt
cov12_indel04_seed2030,12,4.0,2.0,2.0,2.0,2030,CCP-DP,9984,9984,100.0,100.0,0.0,1.6036234125494957,174908,/mnt/st_data/zhangzixin/bbs-test-master/experiments/picture/coverage_ids_stress/stress_results_refined/cov12_indel04_seed2030/ccpdp.txt
cov12_indel04_seed2030,12,4.0,2.0,2.0,2.0,2030,BBS,9984,9956,99.71955128205128,99.99690413752914,0.003405448717948718,2.8713178522884846,21512,/mnt/st_data/zhangzixin/bbs-test-master/experiments/picture/coverage_ids_stress/stress_results_refined/cov12_indel04_seed2030/bbs.txt
cov12_indel04_seed2030,12,4.0,2.0,2.0,2.0,2030,CPL,9984,9984,100.0,100.0,0.0,7.2746944688260555,20580,/mnt/st_data/zhangzixin/bbs-test-master/experiments/picture/coverage_ids_stress/stress_results_refined/cov12_indel04_seed2030/cpl.txt
cov12_indel06_seed2026,12,6.0,2.0,3.0,3.0,2026,CCP-DP,9984,9984,100.0,100.0,0.0,1.6428360417485237,176344,/mnt/st_data/zhangzixin/bbs-test-master/experiments/picture/coverage_ids_stress/stress_results_refined/cov12_indel06_seed2026/ccpdp.txt
cov12_indel06_seed2026,12,6.0,2.0,3.0,3.0,2026,BBS,9984,9746,97.6161858974359,99.9349868881119,0.07151442307692307,2.6633731685578823,21932,/mnt/st_data/zhangzixin/bbs-test-master/experiments/picture/coverage_ids_stress/stress_results_refined/cov12_indel06_seed2026/bbs.txt
cov12_indel06_seed2026,12,6.0,2.0,3.0,3.0,2026,CPL,9984,9983,99.98998397435898,99.99990894522145,0.00010016025641025641,8.310530059039593,24692,/mnt/st_data/zhangzixin/bbs-test-master/experiments/picture/coverage_ids_stress/stress_results_refined/cov12_indel06_seed2026/cpl.txt
cov12_indel06_seed2027,12,6.0,2.0,3.0,3.0,2027,CCP-DP,9984,9984,100.0,100.0,0.0,1.6586037836968899,176384,/mnt/st_data/zhangzixin/bbs-test-master/experiments/picture/coverage_ids_stress/stress_results_refined/cov12_indel06_seed2027/ccpdp.txt
cov12_indel06_seed2027,12,6.0,2.0,3.0,3.0,2027,BBS,9984,9736,97.51602564102564,99.91386217948718,0.09475160256410256,2.5615431517362595,21860,/mnt/st_data/zhangzixin/bbs-test-master/experiments/picture/coverage_ids_stress/stress_results_refined/cov12_indel06_seed2027/bbs.txt
cov12_indel06_seed2027,12,6.0,2.0,3.0,3.0,2027,CPL,9984,9984,100.0,100.0,0.0,8.320652320981026,23992,/mnt/st_data/zhangzixin/bbs-test-master/experiments/picture/coverage_ids_stress/stress_results_refined/cov12_indel06_seed2027/cpl.txt
cov12_indel06_seed2028,12,6.0,2.0,3.0,3.0,2028,CCP-DP,9984,9984,100.0,100.0,0.0,1.693346779793501,176420,/mnt/st_data/zhangzixin/bbs-test-master/experiments/picture/coverage_ids_stress/stress_results_refined/cov12_indel06_seed2028/ccpdp.txt
cov12_indel06_seed2028,12,6.0,2.0,3.0,3.0,2028,BBS,9984,9744,97.59615384615384,99.92451558857809,0.08303285256410256,3.0865378826856613,22208,/mnt/st_data/zhangzixin/bbs-test-master/experiments/picture/coverage_ids_stress/stress_results_refined/cov12_indel06_seed2028/bbs.txt
cov12_indel06_seed2028,12,6.0,2.0,3.0,3.0,2028,CPL,9984,9983,99.98998397435898,99.99990894522145,0.00010016025641025641,8.113150745630264,24428,/mnt/st_data/zhangzixin/bbs-test-master/experiments/picture/coverage_ids_stress/stress_results_refined/cov12_indel06_seed2028/cpl.txt
cov12_indel06_seed2029,12,6.0,2.0,3.0,3.0,2029,CCP-DP,9984,9984,100.0,100.0,0.0,1.6877804435789585,176620,/mnt/st_data/zhangzixin/bbs-test-master/experiments/picture/coverage_ids_stress/stress_results_refined/cov12_indel06_seed2029/ccpdp.txt
cov12_indel06_seed2029,12,6.0,2.0,3.0,3.0,2029,BBS,9984,9745,97.60616987179488,99.94773455710956,0.057491987179487176,2.5991128496825695,21404,/mnt/st_data/zhangzixin/bbs-test-master/experiments/picture/coverage_ids_stress/stress_results_refined/cov12_indel06_seed2029/bbs.txt
cov12_indel06_seed2029,12,6.0,2.0,3.0,3.0,2029,CPL,9984,9984,100.0,100.0,0.0,8.045851983129978,24536,/mnt/st_data/zhangzixin/bbs-test-master/experiments/picture/coverage_ids_stress/stress_results_refined/cov12_indel06_seed2029/cpl.txt
cov12_indel06_seed2030,12,6.0,2.0,3.0,3.0,2030,CCP-DP,9984,9984,100.0,100.0,0.0,1.6223525293171406,177552,/mnt/st_data/zhangzixin/bbs-test-master/experiments/picture/coverage_ids_stress/stress_results_refined/cov12_indel06_seed2030/ccpdp.txt
cov12_indel06_seed2030,12,6.0,2.0,3.0,3.0,2030,BBS,9984,9746,97.6161858974359,99.94828088578089,0.05689102564102564,2.7955000810325146,21528,/mnt/st_data/zhangzixin/bbs-test-master/experiments/picture/coverage_ids_stress/stress_results_refined/cov12_indel06_seed2030/bbs.txt
cov12_indel06_seed2030,12,6.0,2.0,3.0,3.0,2030,CPL,9984,9984,100.0,100.0,0.0,8.31698463857174,24060,/mnt/st_data/zhangzixin/bbs-test-master/experiments/picture/coverage_ids_stress/stress_results_refined/cov12_indel06_seed2030/cpl.txt
cov12_indel08_seed2026,12,8.0,2.0,4.0,4.0,2026,CCP-DP,9984,9979,99.94991987179488,99.99936261655012,0.0007011217948717949,1.7735153771936893,178576,/mnt/st_data/zhangzixin/bbs-test-master/experiments/picture/coverage_ids_stress/stress_results_refined/cov12_indel08_seed2026/ccpdp.txt
cov12_indel08_seed2026,12,8.0,2.0,4.0,4.0,2026,BBS,9984,8793,88.07091346153847,99.63696459790211,0.3993389423076923,3.003053769469261,21996,/mnt/st_data/zhangzixin/bbs-test-master/experiments/picture/coverage_ids_stress/stress_results_refined/cov12_indel08_seed2026/bbs.txt
cov12_indel08_seed2026,12,8.0,2.0,4.0,4.0,2026,CPL,9984,9978,99.93990384615384,99.999180506993,0.0009014423076923077,8.899596624076366,27992,/mnt/st_data/zhangzixin/bbs-test-master/experiments/picture/coverage_ids_stress/stress_results_refined/cov12_indel08_seed2026/cpl.txt
cov12_indel08_seed2027,12,8.0,2.0,4.0,4.0,2027,CCP-DP,9984,9979,99.94991987179488,99.99927156177156,0.0008012820512820513,1.7415753826498985,178836,/mnt/st_data/zhangzixin/bbs-test-master/experiments/picture/coverage_ids_stress/stress_results_refined/cov12_indel08_seed2027/ccpdp.txt
cov12_indel08_seed2027,12,8.0,2.0,4.0,4.0,2027,BBS,9984,8853,88.671875,99.63741987179488,0.398838141025641,2.777227096259594,21568,/mnt/st_data/zhangzixin/bbs-test-master/experiments/picture/coverage_ids_stress/stress_results_refined/cov12_indel08_seed2027/bbs.txt
cov12_indel08_seed2027,12,8.0,2.0,4.0,4.0,2027,CPL,9984,9982,99.97996794871794,99.99972683566433,0.00030048076923076925,8.839474838227034,28188,/mnt/st_data/zhangzixin/bbs-test-master/experiments/picture/coverage_ids_stress/stress_results_refined/cov12_indel08_seed2027/cpl.txt
cov12_indel08_seed2028,12,8.0,2.0,4.0,4.0,2028,CCP-DP,9984,9977,99.92988782051282,99.9989983974359,0.0011017628205128205,1.7697384469211102,178920,/mnt/st_data/zhangzixin/bbs-test-master/experiments/picture/coverage_ids_stress/stress_results_refined/cov12_indel08_seed2028/ccpdp.txt
cov12_indel08_seed2028,12,8.0,2.0,4.0,4.0,2028,BBS,9984,8820,88.34134615384616,99.60409382284382,0.4354967948717949,2.8514533825218678,22340,/mnt/st_data/zhangzixin/bbs-test-master/experiments/picture/coverage_ids_stress/stress_results_refined/cov12_indel08_seed2028/bbs.txt
cov12_indel08_seed2028,12,8.0,2.0,4.0,4.0,2028,CPL,9984,9979,99.94991987179488,99.999180506993,0.0009014423076923077,8.914752934128046,28380,/mnt/st_data/zhangzixin/bbs-test-master/experiments/picture/coverage_ids_stress/stress_results_refined/cov12_indel08_seed2028/cpl.txt
cov12_indel08_seed2029,12,8.0,2.0,4.0,4.0,2029,CCP-DP,9984,9979,99.94991987179488,99.99954472610723,0.000500801282051282,1.745684489607811,178068,/mnt/st_data/zhangzixin/bbs-test-master/experiments/picture/coverage_ids_stress/stress_results_refined/cov12_indel08_seed2029/ccpdp.txt
cov12_indel08_seed2029,12,8.0,2.0,4.0,4.0,2029,BBS,9984,8817,88.31129807692308,99.61711465617715,0.4211738782051282,2.84391151368618,22456,/mnt/st_data/zhangzixin/bbs-test-master/experiments/picture/coverage_ids_stress/stress_results_refined/cov12_indel08_seed2029/bbs.txt
cov12_indel08_seed2029,12,8.0,2.0,4.0,4.0,2029,CPL,9984,9982,99.97996794871794,99.99963578088578,0.00040064102564102563,8.809734754264355,28308,/mnt/st_data/zhangzixin/bbs-test-master/experiments/picture/coverage_ids_stress/stress_results_refined/cov12_indel08_seed2029/cpl.txt
cov12_indel08_seed2030,12,8.0,2.0,4.0,4.0,2030,CCP-DP,9984,9982,99.97996794871794,99.99972683566433,0.00030048076923076925,1.769582487642765,178916,/mnt/st_data/zhangzixin/bbs-test-master/experiments/picture/coverage_ids_stress/stress_results_refined/cov12_indel08_seed2030/ccpdp.txt
cov12_indel08_seed2030,12,8.0,2.0,4.0,4.0,2030,BBS,9984,8826,88.4014423076923,99.64871066433567,0.3864182692307692,2.867205895483494,21952,/mnt/st_data/zhangzixin/bbs-test-master/experiments/picture/coverage_ids_stress/stress_results_refined/cov12_indel08_seed2030/bbs.txt
cov12_indel08_seed2030,12,8.0,2.0,4.0,4.0,2030,CPL,9984,9983,99.98998397435898,99.99981789044288,0.00020032051282051281,8.918306808918715,28616,/mnt/st_data/zhangzixin/bbs-test-master/experiments/picture/coverage_ids_stress/stress_results_refined/cov12_indel08_seed2030/cpl.txt
cov12_indel10_seed2026,12,10.0,2.0,5.0,5.0,2026,CCP-DP,9984,9960,99.75961538461539,99.99653991841491,0.0038060897435897435,2.836882047355175,182728,/mnt/st_data/zhangzixin/bbs-test-master/experiments/picture/coverage_ids_stress/stress_results_refined/cov12_indel10_seed2026/ccpdp.txt
cov12_indel10_seed2026,12,10.0,2.0,5.0,5.0,2026,BBS,9984,6658,66.68669871794872,98.71703817016318,1.4112580128205128,2.744173798710108,22604,/mnt/st_data/zhangzixin/bbs-test-master/experiments/picture/coverage_ids_stress/stress_results_refined/cov12_indel10_seed2026/bbs.txt
cov12_indel10_seed2026,12,10.0,2.0,5.0,5.0,2026,CPL,9984,9974,99.89983974358974,99.99845206876456,0.001702724358974359,9.72480320557952,32184,/mnt/st_data/zhangzixin/bbs-test-master/experiments/picture/coverage_ids_stress/stress_results_refined/cov12_indel10_seed2026/cpl.txt
cov12_indel10_seed2027,12,10.0,2.0,5.0,5.0,2027,CCP-DP,9984,9963,99.78966346153847,99.9969951923077,0.0033052884615384615,2.821181323379278,182924,/mnt/st_data/zhangzixin/bbs-test-master/experiments/picture/coverage_ids_stress/stress_results_refined/cov12_indel10_seed2027/ccpdp.txt
cov12_indel10_seed2027,12,10.0,2.0,5.0,5.0,2027,BBS,9984,6731,67.41786858974359,98.6748798076923,1.4576322115384615,2.726637113839388,22324,/mnt/st_data/zhangzixin/bbs-test-master/experiments/picture/coverage_ids_stress/stress_results_refined/cov12_indel10_seed2027/bbs.txt
cov12_indel10_seed2027,12,10.0,2.0,5.0,5.0,2027,CPL,9984,9977,99.92988782051282,99.99890734265733,0.001201923076923077,9.68686005845666,31436,/mnt/st_data/zhangzixin/bbs-test-master/experiments/picture/coverage_ids_stress/stress_results_refined/cov12_indel10_seed2027/cpl.txt
cov12_indel10_seed2028,12,10.0,2.0,5.0,5.0,2028,CCP-DP,9984,9950,99.65945512820512,99.99499198717949,0.005508814102564103,2.939094688743353,183028,/mnt/st_data/zhangzixin/bbs-test-master/experiments/picture/coverage_ids_stress/stress_results_refined/cov12_indel10_seed2028/ccpdp.txt
cov12_indel10_seed2028,12,10.0,2.0,5.0,5.0,2028,BBS,9984,6753,67.63822115384616,98.59502476689977,1.5454727564102564,3.0009350702166557,22920,/mnt/st_data/zhangzixin/bbs-test-master/experiments/picture/coverage_ids_stress/stress_results_refined/cov12_indel10_seed2028/bbs.txt
cov12_indel10_seed2028,12,10.0,2.0,5.0,5.0,2028,CPL,9984,9970,99.85977564102564,99.99754152097901,0.002704326923076923,9.70285715535283,31620,/mnt/st_data/zhangzixin/bbs-test-master/experiments/picture/coverage_ids_stress/stress_results_refined/cov12_indel10_seed2028/cpl.txt
cov12_indel10_seed2029,12,10.0,2.0,5.0,5.0,2029,CCP-DP,9984,9964,99.79967948717949,99.99708624708624,0.003205128205128205,2.9557075686752796,183324,/mnt/st_data/zhangzixin/bbs-test-master/experiments/picture/coverage_ids_stress/stress_results_refined/cov12_indel10_seed2029/ccpdp.txt
cov12_indel10_seed2029,12,10.0,2.0,5.0,5.0,2029,BBS,9984,6686,66.96714743589743,98.55732808857809,1.5869391025641026,3.016314022243023,22204,/mnt/st_data/zhangzixin/bbs-test-master/experiments/picture/coverage_ids_stress/stress_results_refined/cov12_indel10_seed2029/bbs.txt
cov12_indel10_seed2029,12,10.0,2.0,5.0,5.0,2029,CPL,9984,9971,99.86979166666667,99.99790574009324,0.0023036858974358975,9.7987250238657,31812,/mnt/st_data/zhangzixin/bbs-test-master/experiments/picture/coverage_ids_stress/stress_results_refined/cov12_indel10_seed2029/cpl.txt
cov12_indel10_seed2030,12,10.0,2.0,5.0,5.0,2030,CCP-DP,9984,9955,99.70953525641026,99.9953562062937,0.005108173076923077,2.871999341994524,182768,/mnt/st_data/zhangzixin/bbs-test-master/experiments/picture/coverage_ids_stress/stress_results_refined/cov12_indel10_seed2030/ccpdp.txt
cov12_indel10_seed2030,12,10.0,2.0,5.0,5.0,2030,BBS,9984,6739,67.4979967948718,98.70829691142191,1.4208733974358974,2.830325286835432,22916,/mnt/st_data/zhangzixin/bbs-test-master/experiments/picture/coverage_ids_stress/stress_results_refined/cov12_indel10_seed2030/bbs.txt
cov12_indel10_seed2030,12,10.0,2.0,5.0,5.0,2030,CPL,9984,9968,99.83974358974359,99.99735941142191,0.002904647435897436,9.60336348041892,31748,/mnt/st_data/zhangzixin/bbs-test-master/experiments/picture/coverage_ids_stress/stress_results_refined/cov12_indel10_seed2030/cpl.txt
cov15_indel02_seed2026,15,2.0,2.0,1.0,1.0,2026,CCP-DP,9984,9984,100.0,100.0,0.0,1.8815185762941837,176824,/mnt/st_data/zhangzixin/bbs-test-master/experiments/picture/coverage_ids_stress/stress_results_v82/cov15_indel02_seed2026/ccpdp.txt
cov15_indel02_seed2026,15,2.0,2.0,1.0,1.0,2026,BBS,9984,9984,100.0,100.0,0.0,2.6360954605042934,21632,/mnt/st_data/zhangzixin/bbs-test-master/experiments/picture/coverage_ids_stress/stress_results_v82/cov15_indel02_seed2026/bbs.txt
cov15_indel02_seed2026,15,2.0,2.0,1.0,1.0,2026,CPL,9984,9984,100.0,100.0,0.0,9.813486747443676,17848,/mnt/st_data/zhangzixin/bbs-test-master/experiments/picture/coverage_ids_stress/stress_results_v82/cov15_indel02_seed2026/cpl.txt
cov15_indel02_seed2027,15,2.0,2.0,1.0,1.0,2027,CCP-DP,9984,9984,100.0,100.0,0.0,1.943393036723137,173216,/mnt/st_data/zhangzixin/bbs-test-master/experiments/picture/coverage_ids_stress/stress_results_v82/cov15_indel02_seed2027/ccpdp.txt
cov15_indel02_seed2027,15,2.0,2.0,1.0,1.0,2027,BBS,9984,9984,100.0,100.0,0.0,2.8846642710268497,21480,/mnt/st_data/zhangzixin/bbs-test-master/experiments/picture/coverage_ids_stress/stress_results_v82/cov15_indel02_seed2027/bbs.txt
cov15_indel02_seed2027,15,2.0,2.0,1.0,1.0,2027,CPL,9984,9984,100.0,100.0,0.0,9.785020720213652,17972,/mnt/st_data/zhangzixin/bbs-test-master/experiments/picture/coverage_ids_stress/stress_results_v82/cov15_indel02_seed2027/cpl.txt
cov15_indel02_seed2028,15,2.0,2.0,1.0,1.0,2028,CCP-DP,9984,9984,100.0,100.0,0.0,1.9233661107718945,173120,/mnt/st_data/zhangzixin/bbs-test-master/experiments/picture/coverage_ids_stress/stress_results_v82/cov15_indel02_seed2028/ccpdp.txt
cov15_indel02_seed2028,15,2.0,2.0,1.0,1.0,2028,BBS,9984,9984,100.0,100.0,0.0,2.706673178821802,21548,/mnt/st_data/zhangzixin/bbs-test-master/experiments/picture/coverage_ids_stress/stress_results_v82/cov15_indel02_seed2028/bbs.txt
cov15_indel02_seed2028,15,2.0,2.0,1.0,1.0,2028,CPL,9984,9984,100.0,100.0,0.0,9.969673987478018,18096,/mnt/st_data/zhangzixin/bbs-test-master/experiments/picture/coverage_ids_stress/stress_results_v82/cov15_indel02_seed2028/cpl.txt
cov15_indel02_seed2029,15,2.0,2.0,1.0,1.0,2029,CCP-DP,9984,9984,100.0,100.0,0.0,1.9047639183700085,176672,/mnt/st_data/zhangzixin/bbs-test-master/experiments/picture/coverage_ids_stress/stress_results_v82/cov15_indel02_seed2029/ccpdp.txt
cov15_indel02_seed2029,15,2.0,2.0,1.0,1.0,2029,BBS,9984,9984,100.0,100.0,0.0,2.8383666910231113,21460,/mnt/st_data/zhangzixin/bbs-test-master/experiments/picture/coverage_ids_stress/stress_results_v82/cov15_indel02_seed2029/bbs.txt
cov15_indel02_seed2029,15,2.0,2.0,1.0,1.0,2029,CPL,9984,9984,100.0,100.0,0.0,10.002263329923153,17720,/mnt/st_data/zhangzixin/bbs-test-master/experiments/picture/coverage_ids_stress/stress_results_v82/cov15_indel02_seed2029/cpl.txt
cov15_indel02_seed2030,15,2.0,2.0,1.0,1.0,2030,CCP-DP,9984,9984,100.0,100.0,0.0,1.8593839332461357,176160,/mnt/st_data/zhangzixin/bbs-test-master/experiments/picture/coverage_ids_stress/stress_results_v82/cov15_indel02_seed2030/ccpdp.txt
cov15_indel02_seed2030,15,2.0,2.0,1.0,1.0,2030,BBS,9984,9984,100.0,100.0,0.0,2.679063867777586,21712,/mnt/st_data/zhangzixin/bbs-test-master/experiments/picture/coverage_ids_stress/stress_results_v82/cov15_indel02_seed2030/bbs.txt
cov15_indel02_seed2030,15,2.0,2.0,1.0,1.0,2030,CPL,9984,9984,100.0,100.0,0.0,9.711721289902925,17868,/mnt/st_data/zhangzixin/bbs-test-master/experiments/picture/coverage_ids_stress/stress_results_v82/cov15_indel02_seed2030/cpl.txt
cov15_indel04_seed2026,15,4.0,2.0,2.0,2.0,2026,CCP-DP,9984,9984,100.0,100.0,0.0,1.9190963804721832,179344,/mnt/st_data/zhangzixin/bbs-test-master/experiments/picture/coverage_ids_stress/stress_results_v82/cov15_indel04_seed2026/ccpdp.txt
cov15_indel04_seed2026,15,4.0,2.0,2.0,2.0,2026,BBS,9984,9980,99.9599358974359,99.99963578088578,0.00040064102564102563,2.999641828238964,21896,/mnt/st_data/zhangzixin/bbs-test-master/experiments/picture/coverage_ids_stress/stress_results_v82/cov15_indel04_seed2026/bbs.txt
cov15_indel04_seed2026,15,4.0,2.0,2.0,2.0,2026,CPL,9984,9984,100.0,100.0,0.0,11.178065739572048,23328,/mnt/st_data/zhangzixin/bbs-test-master/experiments/picture/coverage_ids_stress/stress_results_v82/cov15_indel04_seed2026/cpl.txt
cov15_indel04_seed2027,15,4.0,2.0,2.0,2.0,2027,CCP-DP,9984,9984,100.0,100.0,0.0,1.9306901544332504,180188,/mnt/st_data/zhangzixin/bbs-test-master/experiments/picture/coverage_ids_stress/stress_results_v82/cov15_indel04_seed2027/ccpdp.txt
cov15_indel04_seed2027,15,4.0,2.0,2.0,2.0,2027,BBS,9984,9979,99.94991987179488,99.99945367132868,0.0006009615384615385,2.577241327613592,21632,/mnt/st_data/zhangzixin/bbs-test-master/experiments/picture/coverage_ids_stress/stress_results_v82/cov15_indel04_seed2027/bbs.txt
cov15_indel04_seed2027,15,4.0,2.0,2.0,2.0,2027,CPL,9984,9984,100.0,100.0,0.0,11.312380623072386,23128,/mnt/st_data/zhangzixin/bbs-test-master/experiments/picture/coverage_ids_stress/stress_results_v82/cov15_indel04_seed2027/cpl.txt
cov15_indel04_seed2028,15,4.0,2.0,2.0,2.0,2028,CCP-DP,9984,9984,100.0,100.0,0.0,1.9675675183534622,179572,/mnt/st_data/zhangzixin/bbs-test-master/experiments/picture/coverage_ids_stress/stress_results_v82/cov15_indel04_seed2028/ccpdp.txt
cov15_indel04_seed2028,15,4.0,2.0,2.0,2.0,2028,BBS,9984,9981,99.96995192307692,99.99972683566433,0.00030048076923076925,2.8280677311122417,21732,/mnt/st_data/zhangzixin/bbs-test-master/experiments/picture/coverage_ids_stress/stress_results_v82/cov15_indel04_seed2028/bbs.txt
cov15_indel04_seed2028,15,4.0,2.0,2.0,2.0,2028,CPL,9984,9984,100.0,100.0,0.0,11.342828936874866,23264,/mnt/st_data/zhangzixin/bbs-test-master/experiments/picture/coverage_ids_stress/stress_results_v82/cov15_indel04_seed2028/cpl.txt
cov15_indel04_seed2029,15,4.0,2.0,2.0,2.0,2029,CCP-DP,9984,9984,100.0,100.0,0.0,1.905591655522585,179828,/mnt/st_data/zhangzixin/bbs-test-master/experiments/picture/coverage_ids_stress/stress_results_v82/cov15_indel04_seed2029/ccpdp.txt
cov15_indel04_seed2029,15,4.0,2.0,2.0,2.0,2029,BBS,9984,9981,99.96995192307692,99.99954472610723,0.000500801282051282,2.882283318787813,22080,/mnt/st_data/zhangzixin/bbs-test-master/experiments/picture/coverage_ids_stress/stress_results_v82/cov15_indel04_seed2029/bbs.txt
cov15_indel04_seed2029,15,4.0,2.0,2.0,2.0,2029,CPL,9984,9984,100.0,100.0,0.0,11.004924453794956,22944,/mnt/st_data/zhangzixin/bbs-test-master/experiments/picture/coverage_ids_stress/stress_results_v82/cov15_indel04_seed2029/cpl.txt
cov15_indel04_seed2030,15,4.0,2.0,2.0,2.0,2030,CCP-DP,9984,9984,100.0,100.0,0.0,1.926375888288021,178828,/mnt/st_data/zhangzixin/bbs-test-master/experiments/picture/coverage_ids_stress/stress_results_v82/cov15_indel04_seed2030/ccpdp.txt
cov15_indel04_seed2030,15,4.0,2.0,2.0,2.0,2030,BBS,9984,9982,99.97996794871794,99.99981789044288,0.00020032051282051281,2.9870140701532364,21640,/mnt/st_data/zhangzixin/bbs-test-master/experiments/picture/coverage_ids_stress/stress_results_v82/cov15_indel04_seed2030/bbs.txt
cov15_indel04_seed2030,15,4.0,2.0,2.0,2.0,2030,CPL,9984,9984,100.0,100.0,0.0,11.041797701269388,23140,/mnt/st_data/zhangzixin/bbs-test-master/experiments/picture/coverage_ids_stress/stress_results_v82/cov15_indel04_seed2030/cpl.txt
cov15_indel06_seed2026,15,6.0,2.0,3.0,3.0,2026,CCP-DP,9984,9984,100.0,100.0,0.0,1.9810305275022984,181672,/mnt/st_data/zhangzixin/bbs-test-master/experiments/picture/coverage_ids_stress/stress_results_v82/cov15_indel06_seed2026/ccpdp.txt
cov15_indel06_seed2026,15,6.0,2.0,3.0,3.0,2026,BBS,9984,9933,99.4891826923077,99.99380827505827,0.006810897435897436,2.752196203917265,22588,/mnt/st_data/zhangzixin/bbs-test-master/experiments/picture/coverage_ids_stress/stress_results_v82/cov15_indel06_seed2026/bbs.txt
cov15_indel06_seed2026,15,6.0,2.0,3.0,3.0,2026,CPL,9984,9983,99.98998397435898,99.99990894522145,0.00010016025641025641,12.46796976774931,28668,/mnt/st_data/zhangzixin/bbs-test-master/experiments/picture/coverage_ids_stress/stress_results_v82/cov15_indel06_seed2026/cpl.txt
cov15_indel06_seed2027,15,6.0,2.0,3.0,3.0,2027,CCP-DP,9984,9984,100.0,100.0,0.0,2.017383985221386,179936,/mnt/st_data/zhangzixin/bbs-test-master/experiments/picture/coverage_ids_stress/stress_results_v82/cov15_indel06_seed2027/ccpdp.txt
cov15_indel06_seed2027,15,6.0,2.0,3.0,3.0,2027,BBS,9984,9941,99.5693108974359,99.98779865967366,0.013421474358974358,3.056520313024521,23148,/mnt/st_data/zhangzixin/bbs-test-master/experiments/picture/coverage_ids_stress/stress_results_v82/cov15_indel06_seed2027/bbs.txt
cov15_indel06_seed2027,15,6.0,2.0,3.0,3.0,2027,CPL,9984,9984,100.0,100.0,0.0,12.2745370157063,27940,/mnt/st_data/zhangzixin/bbs-test-master/experiments/picture/coverage_ids_stress/stress_results_v82/cov15_indel06_seed2027/cpl.txt
cov15_indel06_seed2028,15,6.0,2.0,3.0,3.0,2028,CCP-DP,9984,9984,100.0,100.0,0.0,1.9816330708563328,181372,/mnt/st_data/zhangzixin/bbs-test-master/experiments/picture/coverage_ids_stress/stress_results_v82/cov15_indel06_seed2028/ccpdp.txt
cov15_indel06_seed2028,15,6.0,2.0,3.0,3.0,2028,BBS,9984,9948,99.63942307692308,99.99517409673659,0.00530849358974359,3.03084721788764,23072,/mnt/st_data/zhangzixin/bbs-test-master/experiments/picture/coverage_ids_stress/stress_results_v82/cov15_indel06_seed2028/bbs.txt
cov15_indel06_seed2028,15,6.0,2.0,3.0,3.0,2028,CPL,9984,9984,100.0,100.0,0.0,12.439283806830645,28372,/mnt/st_data/zhangzixin/bbs-test-master/experiments/picture/coverage_ids_stress/stress_results_v82/cov15_indel06_seed2028/cpl.txt
cov15_indel06_seed2029,15,6.0,2.0,3.0,3.0,2029,CCP-DP,9984,9984,100.0,100.0,0.0,2.0669647119939327,178800,/mnt/st_data/zhangzixin/bbs-test-master/experiments/picture/coverage_ids_stress/stress_results_v82/cov15_indel06_seed2029/ccpdp.txt
cov15_indel06_seed2029,15,6.0,2.0,3.0,3.0,2029,BBS,9984,9928,99.43910256410257,99.98361013986013,0.018028846153846152,3.1893875300884247,22920,/mnt/st_data/zhangzixin/bbs-test-master/experiments/picture/coverage_ids_stress/stress_results_v82/cov15_indel06_seed2029/bbs.txt
cov15_indel06_seed2029,15,6.0,2.0,3.0,3.0,2029,CPL,9984,9984,100.0,100.0,0.0,12.335745859891176,28596,/mnt/st_data/zhangzixin/bbs-test-master/experiments/picture/coverage_ids_stress/stress_results_v82/cov15_indel06_seed2029/cpl.txt
cov15_indel06_seed2030,15,6.0,2.0,3.0,3.0,2030,CCP-DP,9984,9984,100.0,100.0,0.0,2.0269798934459686,180908,/mnt/st_data/zhangzixin/bbs-test-master/experiments/picture/coverage_ids_stress/stress_results_v82/cov15_indel06_seed2030/ccpdp.txt
cov15_indel06_seed2030,15,6.0,2.0,3.0,3.0,2030,BBS,9984,9932,99.47916666666667,99.99025713869464,0.010717147435897436,2.9125205166637897,22780,/mnt/st_data/zhangzixin/bbs-test-master/experiments/picture/coverage_ids_stress/stress_results_v82/cov15_indel06_seed2030/bbs.txt
cov15_indel06_seed2030,15,6.0,2.0,3.0,3.0,2030,CPL,9984,9984,100.0,100.0,0.0,12.188635151833296,28388,/mnt/st_data/zhangzixin/bbs-test-master/experiments/picture/coverage_ids_stress/stress_results_v82/cov15_indel06_seed2030/cpl.txt
cov15_indel08_seed2026,15,8.0,2.0,4.0,4.0,2026,CCP-DP,9984,9984,100.0,100.0,0.0,1.9954822100698948,182164,/mnt/st_data/zhangzixin/bbs-test-master/experiments/picture/coverage_ids_stress/stress_results_v82/cov15_indel08_seed2026/ccpdp.txt
cov15_indel08_seed2026,15,8.0,2.0,4.0,4.0,2026,BBS,9984,9620,96.35416666666667,99.90685096153847,0.1024639423076923,2.8613327592611313,23292,/mnt/st_data/zhangzixin/bbs-test-master/experiments/picture/coverage_ids_stress/stress_results_v82/cov15_indel08_seed2026/bbs.txt
cov15_indel08_seed2026,15,8.0,2.0,4.0,4.0,2026,CPL,9984,9984,100.0,100.0,0.0,13.344143114984035,33056,/mnt/st_data/zhangzixin/bbs-test-master/experiments/picture/coverage_ids_stress/stress_results_v82/cov15_indel08_seed2026/cpl.txt
cov15_indel08_seed2027,15,8.0,2.0,4.0,4.0,2027,CCP-DP,9984,9982,99.97996794871794,99.99963578088578,0.00040064102564102563,2.035018838942051,181704,/mnt/st_data/zhangzixin/bbs-test-master/experiments/picture/coverage_ids_stress/stress_results_v82/cov15_indel08_seed2027/ccpdp.txt
cov15_indel08_seed2027,15,8.0,2.0,4.0,4.0,2027,BBS,9984,9648,96.63461538461539,99.89392118298368,0.11668669871794872,3.0245273113250732,23032,/mnt/st_data/zhangzixin/bbs-test-master/experiments/picture/coverage_ids_stress/stress_results_v82/cov15_indel08_seed2027/bbs.txt
cov15_indel08_seed2027,15,8.0,2.0,4.0,4.0,2027,CPL,9984,9984,100.0,100.0,0.0,13.454992350190878,32904,/mnt/st_data/zhangzixin/bbs-test-master/experiments/picture/coverage_ids_stress/stress_results_v82/cov15_indel08_seed2027/cpl.txt
cov15_indel08_seed2028,15,8.0,2.0,4.0,4.0,2028,CCP-DP,9984,9984,100.0,100.0,0.0,2.0334654189646244,182016,/mnt/st_data/zhangzixin/bbs-test-master/experiments/picture/coverage_ids_stress/stress_results_v82/cov15_indel08_seed2028/ccpdp.txt
cov15_indel08_seed2028,15,8.0,2.0,4.0,4.0,2028,BBS,9984,9658,96.73477564102564,99.89719915501165,0.11308092948717949,3.0467322282493114,23224,/mnt/st_data/zhangzixin/bbs-test-master/experiments/picture/coverage_ids_stress/stress_results_v82/cov15_indel08_seed2028/bbs.txt
cov15_indel08_seed2028,15,8.0,2.0,4.0,4.0,2028,CPL,9984,9984,100.0,100.0,0.0,13.952736053615808,32596,/mnt/st_data/zhangzixin/bbs-test-master/experiments/picture/coverage_ids_stress/stress_results_v82/cov15_indel08_seed2028/cpl.txt
cov15_indel08_seed2029,15,8.0,2.0,4.0,4.0,2029,CCP-DP,9984,9984,100.0,100.0,0.0,2.1048984602093697,180736,/mnt/st_data/zhangzixin/bbs-test-master/experiments/picture/coverage_ids_stress/stress_results_v82/cov15_indel08_seed2029/ccpdp.txt
cov15_indel08_seed2029,15,8.0,2.0,4.0,4.0,2029,BBS,9984,9611,96.26402243589743,99.8989291958042,0.11117788461538461,2.8294941261410713,23524,/mnt/st_data/zhangzixin/bbs-test-master/experiments/picture/coverage_ids_stress/stress_results_v82/cov15_indel08_seed2029/bbs.txt
cov15_indel08_seed2029,15,8.0,2.0,4.0,4.0,2029,CPL,9984,9984,100.0,100.0,0.0,14.08807135745883,32872,/mnt/st_data/zhangzixin/bbs-test-master/experiments/picture/coverage_ids_stress/stress_results_v82/cov15_indel08_seed2029/cpl.txt
cov15_indel08_seed2030,15,8.0,2.0,4.0,4.0,2030,CCP-DP,9984,9982,99.97996794871794,99.99972683566433,0.00030048076923076925,1.9877345226705074,183148,/mnt/st_data/zhangzixin/bbs-test-master/experiments/picture/coverage_ids_stress/stress_results_v82/cov15_indel08_seed2030/ccpdp.txt
cov15_indel08_seed2030,15,8.0,2.0,4.0,4.0,2030,BBS,9984,9625,96.4042467948718,99.90220716783217,0.10757211538461539,3.061124537140131,24076,/mnt/st_data/zhangzixin/bbs-test-master/experiments/picture/coverage_ids_stress/stress_results_v82/cov15_indel08_seed2030/bbs.txt
cov15_indel08_seed2030,15,8.0,2.0,4.0,4.0,2030,CPL,9984,9984,100.0,100.0,0.0,13.877365868538618,33008,/mnt/st_data/zhangzixin/bbs-test-master/experiments/picture/coverage_ids_stress/stress_results_v82/cov15_indel08_seed2030/cpl.txt
cov15_indel10_seed2026,15,10.0,2.0,5.0,5.0,2026,CCP-DP,9984,9976,99.9198717948718,99.99890734265733,0.001201923076923077,2.5963397808372974,184524,/mnt/st_data/zhangzixin/bbs-test-master/experiments/picture/coverage_ids_stress/stress_results_v82/cov15_indel10_seed2026/ccpdp.txt
cov15_indel10_seed2026,15,10.0,2.0,5.0,5.0,2026,BBS,9984,8464,84.77564102564102,99.4978328962704,0.5523838141025641,2.826447982341051,23484,/mnt/st_data/zhangzixin/bbs-test-master/experiments/picture/coverage_ids_stress/stress_results_v82/cov15_indel10_seed2026/bbs.txt
cov15_indel10_seed2026,15,10.0,2.0,5.0,5.0,2026,CPL,9984,9983,99.98998397435898,99.99981789044288,0.00020032051282051281,15.03876531869173,36068,/mnt/st_data/zhangzixin/bbs-test-master/experiments/picture/coverage_ids_stress/stress_results_v82/cov15_indel10_seed2026/cpl.txt
cov15_indel10_seed2027,15,10.0,2.0,5.0,5.0,2027,CCP-DP,9984,9978,99.93990384615384,99.99908945221445,0.001001602564102564,2.6358704455196857,184764,/mnt/st_data/zhangzixin/bbs-test-master/experiments/picture/coverage_ids_stress/stress_results_v82/cov15_indel10_seed2027/ccpdp.txt
cov15_indel10_seed2027,15,10.0,2.0,5.0,5.0,2027,BBS,9984,8559,85.72716346153847,99.43646197552447,0.6198918269230769,2.8716185353696346,23232,/mnt/st_data/zhangzixin/bbs-test-master/experiments/picture/coverage_ids_stress/stress_results_v82/cov15_indel10_seed2027/bbs.txt
cov15_indel10_seed2027,15,10.0,2.0,5.0,5.0,2027,CPL,9984,9984,100.0,100.0,0.0,14.664927132427692,36268,/mnt/st_data/zhangzixin/bbs-test-master/experiments/picture/coverage_ids_stress/stress_results_v82/cov15_indel10_seed2027/cpl.txt
cov15_indel10_seed2028,15,10.0,2.0,5.0,5.0,2028,CCP-DP,9984,9967,99.82972756410257,99.99763257575758,0.0026041666666666665,2.6459694989025593,184788,/mnt/st_data/zhangzixin/bbs-test-master/experiments/picture/coverage_ids_stress/stress_results_v82/cov15_indel10_seed2028/ccpdp.txt
cov15_indel10_seed2028,15,10.0,2.0,5.0,5.0,2028,BBS,9984,8554,85.67708333333333,99.45476398601399,0.5997596153846154,2.961815245449543,23412,/mnt/st_data/zhangzixin/bbs-test-master/experiments/picture/coverage_ids_stress/stress_results_v82/cov15_indel10_seed2028/bbs.txt
cov15_indel10_seed2028,15,10.0,2.0,5.0,5.0,2028,CPL,9984,9984,100.0,100.0,0.0,14.807001780718565,35852,/mnt/st_data/zhangzixin/bbs-test-master/experiments/picture/coverage_ids_stress/stress_results_v82/cov15_indel10_seed2028/cpl.txt
cov15_indel10_seed2029,15,10.0,2.0,5.0,5.0,2029,CCP-DP,9984,9980,99.9599358974359,99.99927156177156,0.0008012820512820513,2.631135530769825,185200,/mnt/st_data/zhangzixin/bbs-test-master/experiments/picture/coverage_ids_stress/stress_results_v82/cov15_indel10_seed2029/ccpdp.txt
cov15_indel10_seed2029,15,10.0,2.0,5.0,5.0,2029,BBS,9984,8499,85.12620192307692,99.34968677156178,0.7153445512820513,2.988209169358015,23252,/mnt/st_data/zhangzixin/bbs-test-master/experiments/picture/coverage_ids_stress/stress_results_v82/cov15_indel10_seed2029/bbs.txt
cov15_indel10_seed2029,15,10.0,2.0,5.0,5.0,2029,CPL,9984,9983,99.98998397435898,99.99981789044288,0.00020032051282051281,15.128148552030325,36260,/mnt/st_data/zhangzixin/bbs-test-master/experiments/picture/coverage_ids_stress/stress_results_v82/cov15_indel10_seed2029/cpl.txt
cov15_indel10_seed2030,15,10.0,2.0,5.0,5.0,2030,CCP-DP,9984,9973,99.88982371794872,99.9981789044289,0.002003205128205128,2.6494636610150337,185916,/mnt/st_data/zhangzixin/bbs-test-master/experiments/picture/coverage_ids_stress/stress_results_v82/cov15_indel10_seed2030/ccpdp.txt
cov15_indel10_seed2030,15,10.0,2.0,5.0,5.0,2030,BBS,9984,8505,85.18629807692308,99.48772581585081,0.5635016025641025,3.030241336673498,23160,/mnt/st_data/zhangzixin/bbs-test-master/experiments/picture/coverage_ids_stress/stress_results_v82/cov15_indel10_seed2030/bbs.txt
cov15_indel10_seed2030,15,10.0,2.0,5.0,5.0,2030,CPL,9984,9984,100.0,100.0,0.0,14.902790505439043,36176,/mnt/st_data/zhangzixin/bbs-test-master/experiments/picture/coverage_ids_stress/stress_results_v82/cov15_indel10_seed2030/cpl.txt
cov20_indel02_seed2026,20,2.0,2.0,1.0,1.0,2026,CCP-DP,9984,9984,100.0,100.0,0.0,2.4780586771667004,187780,/mnt/st_data/zhangzixin/bbs-test-master/experiments/picture/coverage_ids_stress/stress_results_v82/cov20_indel02_seed2026/ccpdp.txt
cov20_indel02_seed2026,20,2.0,2.0,1.0,1.0,2026,BBS,9984,9984,100.0,100.0,0.0,3.257522415369749,21860,/mnt/st_data/zhangzixin/bbs-test-master/experiments/picture/coverage_ids_stress/stress_results_v82/cov20_indel02_seed2026/bbs.txt
cov20_indel02_seed2026,20,2.0,2.0,1.0,1.0,2026,CPL,9984,9984,100.0,100.0,0.0,16.73559358343482,21912,/mnt/st_data/zhangzixin/bbs-test-master/experiments/picture/coverage_ids_stress/stress_results_v82/cov20_indel02_seed2026/cpl.txt
cov20_indel02_seed2027,20,2.0,2.0,1.0,1.0,2027,CCP-DP,9984,9984,100.0,100.0,0.0,2.462465066462755,187656,/mnt/st_data/zhangzixin/bbs-test-master/experiments/picture/coverage_ids_stress/stress_results_v82/cov20_indel02_seed2027/ccpdp.txt
cov20_indel02_seed2027,20,2.0,2.0,1.0,1.0,2027,BBS,9984,9984,100.0,100.0,0.0,2.9825710877776146,21840,/mnt/st_data/zhangzixin/bbs-test-master/experiments/picture/coverage_ids_stress/stress_results_v82/cov20_indel02_seed2027/bbs.txt
cov20_indel02_seed2027,20,2.0,2.0,1.0,1.0,2027,CPL,9984,9984,100.0,100.0,0.0,16.959760073572397,21484,/mnt/st_data/zhangzixin/bbs-test-master/experiments/picture/coverage_ids_stress/stress_results_v82/cov20_indel02_seed2027/cpl.txt
cov20_indel02_seed2028,20,2.0,2.0,1.0,1.0,2028,CCP-DP,9984,9984,100.0,100.0,0.0,2.494749415665865,187916,/mnt/st_data/zhangzixin/bbs-test-master/experiments/picture/coverage_ids_stress/stress_results_v82/cov20_indel02_seed2028/ccpdp.txt
cov20_indel02_seed2028,20,2.0,2.0,1.0,1.0,2028,BBS,9984,9984,100.0,100.0,0.0,2.982188779860735,21892,/mnt/st_data/zhangzixin/bbs-test-master/experiments/picture/coverage_ids_stress/stress_results_v82/cov20_indel02_seed2028/bbs.txt
cov20_indel02_seed2028,20,2.0,2.0,1.0,1.0,2028,CPL,9984,9984,100.0,100.0,0.0,17.09040056541562,21580,/mnt/st_data/zhangzixin/bbs-test-master/experiments/picture/coverage_ids_stress/stress_results_v82/cov20_indel02_seed2028/cpl.txt
cov20_indel02_seed2029,20,2.0,2.0,1.0,1.0,2029,CCP-DP,9984,9984,100.0,100.0,0.0,2.597719117999077,187192,/mnt/st_data/zhangzixin/bbs-test-master/experiments/picture/coverage_ids_stress/stress_results_v82/cov20_indel02_seed2029/ccpdp.txt
cov20_indel02_seed2029,20,2.0,2.0,1.0,1.0,2029,BBS,9984,9984,100.0,100.0,0.0,2.6706222742795944,21664,/mnt/st_data/zhangzixin/bbs-test-master/experiments/picture/coverage_ids_stress/stress_results_v82/cov20_indel02_seed2029/bbs.txt
cov20_indel02_seed2029,20,2.0,2.0,1.0,1.0,2029,CPL,9984,9984,100.0,100.0,0.0,17.00311490148306,21612,/mnt/st_data/zhangzixin/bbs-test-master/experiments/picture/coverage_ids_stress/stress_results_v82/cov20_indel02_seed2029/cpl.txt
cov20_indel02_seed2030,20,2.0,2.0,1.0,1.0,2030,CCP-DP,9984,9984,100.0,100.0,0.0,2.592128824442625,187860,/mnt/st_data/zhangzixin/bbs-test-master/experiments/picture/coverage_ids_stress/stress_results_v82/cov20_indel02_seed2030/ccpdp.txt
cov20_indel02_seed2030,20,2.0,2.0,1.0,1.0,2030,BBS,9984,9984,100.0,100.0,0.0,3.1065881177783012,22080,/mnt/st_data/zhangzixin/bbs-test-master/experiments/picture/coverage_ids_stress/stress_results_v82/cov20_indel02_seed2030/bbs.txt
cov20_indel02_seed2030,20,2.0,2.0,1.0,1.0,2030,CPL,9984,9984,100.0,100.0,0.0,17.04768154770136,21568,/mnt/st_data/zhangzixin/bbs-test-master/experiments/picture/coverage_ids_stress/stress_results_v82/cov20_indel02_seed2030/cpl.txt
cov20_indel04_seed2026,20,4.0,2.0,2.0,2.0,2026,CCP-DP,9984,9984,100.0,100.0,0.0,2.5823376327753067,191756,/mnt/st_data/zhangzixin/bbs-test-master/experiments/picture/coverage_ids_stress/stress_results_v82/cov20_indel04_seed2026/ccpdp.txt
cov20_indel04_seed2026,20,4.0,2.0,2.0,2.0,2026,BBS,9984,9984,100.0,100.0,0.0,3.1379576437175274,23688,/mnt/st_data/zhangzixin/bbs-test-master/experiments/picture/coverage_ids_stress/stress_results_v82/cov20_indel04_seed2026/bbs.txt
cov20_indel04_seed2026,20,4.0,2.0,2.0,2.0,2026,CPL,9984,9984,100.0,100.0,0.0,19.063007682561874,28460,/mnt/st_data/zhangzixin/bbs-test-master/experiments/picture/coverage_ids_stress/stress_results_v82/cov20_indel04_seed2026/cpl.txt
cov20_indel04_seed2027,20,4.0,2.0,2.0,2.0,2027,CCP-DP,9984,9984,100.0,100.0,0.0,2.6340476013720036,192632,/mnt/st_data/zhangzixin/bbs-test-master/experiments/picture/coverage_ids_stress/stress_results_v82/cov20_indel04_seed2027/ccpdp.txt
cov20_indel04_seed2027,20,4.0,2.0,2.0,2.0,2027,BBS,9984,9984,100.0,100.0,0.0,3.124993897974491,23956,/mnt/st_data/zhangzixin/bbs-test-master/experiments/picture/coverage_ids_stress/stress_results_v82/cov20_indel04_seed2027/bbs.txt
cov20_indel04_seed2027,20,4.0,2.0,2.0,2.0,2027,CPL,9984,9984,100.0,100.0,0.0,19.52962763607502,28328,/mnt/st_data/zhangzixin/bbs-test-master/experiments/picture/coverage_ids_stress/stress_results_v82/cov20_indel04_seed2027/cpl.txt
cov20_indel04_seed2028,20,4.0,2.0,2.0,2.0,2028,CCP-DP,9984,9984,100.0,100.0,0.0,2.5683647505939007,191304,/mnt/st_data/zhangzixin/bbs-test-master/experiments/picture/coverage_ids_stress/stress_results_v82/cov20_indel04_seed2028/ccpdp.txt
cov20_indel04_seed2028,20,4.0,2.0,2.0,2.0,2028,BBS,9984,9984,100.0,100.0,0.0,3.144255578517914,23604,/mnt/st_data/zhangzixin/bbs-test-master/experiments/picture/coverage_ids_stress/stress_results_v82/cov20_indel04_seed2028/bbs.txt
cov20_indel04_seed2028,20,4.0,2.0,2.0,2.0,2028,CPL,9984,9984,100.0,100.0,0.0,19.323572389781475,28496,/mnt/st_data/zhangzixin/bbs-test-master/experiments/picture/coverage_ids_stress/stress_results_v82/cov20_indel04_seed2028/cpl.txt
cov20_indel04_seed2029,20,4.0,2.0,2.0,2.0,2029,CCP-DP,9984,9984,100.0,100.0,0.0,2.6862199418246746,192316,/mnt/st_data/zhangzixin/bbs-test-master/experiments/picture/coverage_ids_stress/stress_results_v82/cov20_indel04_seed2029/ccpdp.txt
cov20_indel04_seed2029,20,4.0,2.0,2.0,2.0,2029,BBS,9984,9984,100.0,100.0,0.0,3.144369453191757,24048,/mnt/st_data/zhangzixin/bbs-test-master/experiments/picture/coverage_ids_stress/stress_results_v82/cov20_indel04_seed2029/bbs.txt
cov20_indel04_seed2029,20,4.0,2.0,2.0,2.0,2029,CPL,9984,9984,100.0,100.0,0.0,19.219447441399097,28580,/mnt/st_data/zhangzixin/bbs-test-master/experiments/picture/coverage_ids_stress/stress_results_v82/cov20_indel04_seed2029/cpl.txt
cov20_indel04_seed2030,20,4.0,2.0,2.0,2.0,2030,CCP-DP,9984,9984,100.0,100.0,0.0,2.5724685937166214,191236,/mnt/st_data/zhangzixin/bbs-test-master/experiments/picture/coverage_ids_stress/stress_results_v82/cov20_indel04_seed2030/ccpdp.txt
cov20_indel04_seed2030,20,4.0,2.0,2.0,2.0,2030,BBS,9984,9984,100.0,100.0,0.0,3.375030890107155,23452,/mnt/st_data/zhangzixin/bbs-test-master/experiments/picture/coverage_ids_stress/stress_results_v82/cov20_indel04_seed2030/bbs.txt
cov20_indel04_seed2030,20,4.0,2.0,2.0,2.0,2030,CPL,9984,9984,100.0,100.0,0.0,19.178494788706303,28524,/mnt/st_data/zhangzixin/bbs-test-master/experiments/picture/coverage_ids_stress/stress_results_v82/cov20_indel04_seed2030/cpl.txt
cov20_indel06_seed2026,20,6.0,2.0,3.0,3.0,2026,CCP-DP,9984,9984,100.0,100.0,0.0,2.6463123224675655,192120,/mnt/st_data/zhangzixin/bbs-test-master/experiments/picture/coverage_ids_stress/stress_results_v82/cov20_indel06_seed2026/ccpdp.txt
cov20_indel06_seed2026,20,6.0,2.0,3.0,3.0,2026,BBS,9984,9980,99.9599358974359,99.99936261655012,0.0007011217948717949,3.1087626218795776,23708,/mnt/st_data/zhangzixin/bbs-test-master/experiments/picture/coverage_ids_stress/stress_results_v82/cov20_indel06_seed2026/bbs.txt
cov20_indel06_seed2026,20,6.0,2.0,3.0,3.0,2026,CPL,9984,9984,100.0,100.0,0.0,21.453263081610203,34440,/mnt/st_data/zhangzixin/bbs-test-master/experiments/picture/coverage_ids_stress/stress_results_v82/cov20_indel06_seed2026/cpl.txt
cov20_indel06_seed2027,20,6.0,2.0,3.0,3.0,2027,CCP-DP,9984,9984,100.0,100.0,0.0,2.6830095797777176,192532,/mnt/st_data/zhangzixin/bbs-test-master/experiments/picture/coverage_ids_stress/stress_results_v82/cov20_indel06_seed2027/ccpdp.txt
cov20_indel06_seed2027,20,6.0,2.0,3.0,3.0,2027,BBS,9984,9983,99.98998397435898,99.99990894522145,0.00010016025641025641,2.9509469531476498,23476,/mnt/st_data/zhangzixin/bbs-test-master/experiments/picture/coverage_ids_stress/stress_results_v82/cov20_indel06_seed2027/bbs.txt
cov20_indel06_seed2027,20,6.0,2.0,3.0,3.0,2027,CPL,9984,9984,100.0,100.0,0.0,21.46927335113287,34444,/mnt/st_data/zhangzixin/bbs-test-master/experiments/picture/coverage_ids_stress/stress_results_v82/cov20_indel06_seed2027/cpl.txt
cov20_indel06_seed2028,20,6.0,2.0,3.0,3.0,2028,CCP-DP,9984,9984,100.0,100.0,0.0,2.7108973301947117,194004,/mnt/st_data/zhangzixin/bbs-test-master/experiments/picture/coverage_ids_stress/stress_results_v82/cov20_indel06_seed2028/ccpdp.txt
cov20_indel06_seed2028,20,6.0,2.0,3.0,3.0,2028,BBS,9984,9977,99.92988782051282,99.99908945221445,0.001001602564102564,3.292823676019907,23040,/mnt/st_data/zhangzixin/bbs-test-master/experiments/picture/coverage_ids_stress/stress_results_v82/cov20_indel06_seed2028/bbs.txt
cov20_indel06_seed2028,20,6.0,2.0,3.0,3.0,2028,CPL,9984,9984,100.0,100.0,0.0,21.672971446067095,34584,/mnt/st_data/zhangzixin/bbs-test-master/experiments/picture/coverage_ids_stress/stress_results_v82/cov20_indel06_seed2028/cpl.txt
cov20_indel06_seed2029,20,6.0,2.0,3.0,3.0,2029,CCP-DP,9984,9984,100.0,100.0,0.0,2.6691814661026,193040,/mnt/st_data/zhangzixin/bbs-test-master/experiments/picture/coverage_ids_stress/stress_results_v82/cov20_indel06_seed2029/ccpdp.txt
cov20_indel06_seed2029,20,6.0,2.0,3.0,3.0,2029,BBS,9984,9979,99.94991987179488,99.99954472610723,0.000500801282051282,3.1378617845475674,24132,/mnt/st_data/zhangzixin/bbs-test-master/experiments/picture/coverage_ids_stress/stress_results_v82/cov20_indel06_seed2029/bbs.txt
cov20_indel06_seed2029,20,6.0,2.0,3.0,3.0,2029,CPL,9984,9984,100.0,100.0,0.0,21.447413612157106,34676,/mnt/st_data/zhangzixin/bbs-test-master/experiments/picture/coverage_ids_stress/stress_results_v82/cov20_indel06_seed2029/cpl.txt
cov20_indel06_seed2030,20,6.0,2.0,3.0,3.0,2030,CCP-DP,9984,9984,100.0,100.0,0.0,2.729785781353712,193456,/mnt/st_data/zhangzixin/bbs-test-master/experiments/picture/coverage_ids_stress/stress_results_v82/cov20_indel06_seed2030/ccpdp.txt
cov20_indel06_seed2030,20,6.0,2.0,3.0,3.0,2030,BBS,9984,9981,99.96995192307692,99.99963578088578,0.00040064102564102563,3.0735125057399273,24028,/mnt/st_data/zhangzixin/bbs-test-master/experiments/picture/coverage_ids_stress/stress_results_v82/cov20_indel06_seed2030/bbs.txt
cov20_indel06_seed2030,20,6.0,2.0,3.0,3.0,2030,CPL,9984,9984,100.0,100.0,0.0,21.536790136247873,34296,/mnt/st_data/zhangzixin/bbs-test-master/experiments/picture/coverage_ids_stress/stress_results_v82/cov20_indel06_seed2030/cpl.txt
cov20_indel08_seed2026,20,8.0,2.0,4.0,4.0,2026,CCP-DP,9984,9984,100.0,100.0,0.0,2.793124921619892,193300,/mnt/st_data/zhangzixin/bbs-test-master/experiments/picture/coverage_ids_stress/stress_results_v82/cov20_indel08_seed2026/ccpdp.txt
cov20_indel08_seed2026,20,8.0,2.0,4.0,4.0,2026,BBS,9984,9930,99.45913461538461,99.98570439976689,0.015725160256410256,3.239044215530157,25932,/mnt/st_data/zhangzixin/bbs-test-master/experiments/picture/coverage_ids_stress/stress_results_v82/cov20_indel08_seed2026/bbs.txt
cov20_indel08_seed2026,20,8.0,2.0,4.0,4.0,2026,CPL,9984,9984,100.0,100.0,0.0,23.973969407379627,38960,/mnt/st_data/zhangzixin/bbs-test-master/experiments/picture/coverage_ids_stress/stress_results_v82/cov20_indel08_seed2026/cpl.txt
cov20_indel08_seed2027,20,8.0,2.0,4.0,4.0,2027,CCP-DP,9984,9984,100.0,100.0,0.0,2.7649888433516026,192868,/mnt/st_data/zhangzixin/bbs-test-master/experiments/picture/coverage_ids_stress/stress_results_v82/cov20_indel08_seed2027/ccpdp.txt
cov20_indel08_seed2027,20,8.0,2.0,4.0,4.0,2027,BBS,9984,9940,99.55929487179488,99.98843604312354,0.012720352564102564,2.715922489762306,26076,/mnt/st_data/zhangzixin/bbs-test-master/experiments/picture/coverage_ids_stress/stress_results_v82/cov20_indel08_seed2027/bbs.txt
cov20_indel08_seed2027,20,8.0,2.0,4.0,4.0,2027,CPL,9984,9984,100.0,100.0,0.0,24.11142085492611,38696,/mnt/st_data/zhangzixin/bbs-test-master/experiments/picture/coverage_ids_stress/stress_results_v82/cov20_indel08_seed2027/cpl.txt
cov20_indel08_seed2028,20,8.0,2.0,4.0,4.0,2028,CCP-DP,9984,9984,100.0,100.0,0.0,2.666447352617979,195684,/mnt/st_data/zhangzixin/bbs-test-master/experiments/picture/coverage_ids_stress/stress_results_v82/cov20_indel08_seed2028/ccpdp.txt
cov20_indel08_seed2028,20,8.0,2.0,4.0,4.0,2028,BBS,9984,9938,99.53926282051282,99.98543123543124,0.016025641025641024,2.628362476825714,26108,/mnt/st_data/zhangzixin/bbs-test-master/experiments/picture/coverage_ids_stress/stress_results_v82/cov20_indel08_seed2028/bbs.txt
cov20_indel08_seed2028,20,8.0,2.0,4.0,4.0,2028,CPL,9984,9984,100.0,100.0,0.0,24.085076056420803,38308,/mnt/st_data/zhangzixin/bbs-test-master/experiments/picture/coverage_ids_stress/stress_results_v82/cov20_indel08_seed2028/cpl.txt
cov20_indel08_seed2029,20,8.0,2.0,4.0,4.0,2029,CCP-DP,9984,9984,100.0,100.0,0.0,2.7064377926290035,194540,/mnt/st_data/zhangzixin/bbs-test-master/experiments/picture/coverage_ids_stress/stress_results_v82/cov20_indel08_seed2029/ccpdp.txt
cov20_indel08_seed2029,20,8.0,2.0,4.0,4.0,2029,BBS,9984,9920,99.35897435897436,99.98725233100232,0.014022435897435898,3.402629092335701,26824,/mnt/st_data/zhangzixin/bbs-test-master/experiments/picture/coverage_ids_stress/stress_results_v82/cov20_indel08_seed2029/bbs.txt
cov20_indel08_seed2029,20,8.0,2.0,4.0,4.0,2029,CPL,9984,9984,100.0,100.0,0.0,24.82367154583335,38496,/mnt/st_data/zhangzixin/bbs-test-master/experiments/picture/coverage_ids_stress/stress_results_v82/cov20_indel08_seed2029/cpl.txt
cov20_indel08_seed2030,20,8.0,2.0,4.0,4.0,2030,CCP-DP,9984,9983,99.98998397435898,99.99981789044288,0.00020032051282051281,2.732847634702921,193836,/mnt/st_data/zhangzixin/bbs-test-master/experiments/picture/coverage_ids_stress/stress_results_v82/cov20_indel08_seed2030/ccpdp.txt
cov20_indel08_seed2030,20,8.0,2.0,4.0,4.0,2030,BBS,9984,9929,99.44911858974359,99.99207823426573,0.008713942307692308,3.05359548330307,26876,/mnt/st_data/zhangzixin/bbs-test-master/experiments/picture/coverage_ids_stress/stress_results_v82/cov20_indel08_seed2030/bbs.txt
cov20_indel08_seed2030,20,8.0,2.0,4.0,4.0,2030,CPL,9984,9984,100.0,100.0,0.0,24.054296892136335,38744,/mnt/st_data/zhangzixin/bbs-test-master/experiments/picture/coverage_ids_stress/stress_results_v82/cov20_indel08_seed2030/cpl.txt
cov20_indel10_seed2026,20,10.0,2.0,5.0,5.0,2026,CCP-DP,9984,9978,99.93990384615384,99.99936261655012,0.0007011217948717949,2.7626675330102444,197132,/mnt/st_data/zhangzixin/bbs-test-master/experiments/picture/coverage_ids_stress/stress_results_v82/cov20_indel10_seed2026/ccpdp.txt
cov20_indel10_seed2026,20,10.0,2.0,5.0,5.0,2026,BBS,9984,9623,96.38421474358974,99.89373907342657,0.11688701923076923,3.239994380623102,27340,/mnt/st_data/zhangzixin/bbs-test-master/experiments/picture/coverage_ids_stress/stress_results_v82/cov20_indel10_seed2026/bbs.txt
cov20_indel10_seed2026,20,10.0,2.0,5.0,5.0,2026,CPL,9984,9984,100.0,100.0,0.0,26.06432057544589,43220,/mnt/st_data/zhangzixin/bbs-test-master/experiments/picture/coverage_ids_stress/stress_results_v82/cov20_indel10_seed2026/cpl.txt
cov20_indel10_seed2027,20,10.0,2.0,5.0,5.0,2027,CCP-DP,9984,9975,99.90985576923077,99.99908945221445,0.001001602564102564,2.7319240160286427,197524,/mnt/st_data/zhangzixin/bbs-test-master/experiments/picture/coverage_ids_stress/stress_results_v82/cov20_indel10_seed2027/ccpdp.txt
cov20_indel10_seed2027,20,10.0,2.0,5.0,5.0,2027,BBS,9984,9624,96.39423076923077,99.87589233682984,0.1365184294871795,2.8260618448257446,25844,/mnt/st_data/zhangzixin/bbs-test-master/experiments/picture/coverage_ids_stress/stress_results_v82/cov20_indel10_seed2027/bbs.txt
cov20_indel10_seed2027,20,10.0,2.0,5.0,5.0,2027,CPL,9984,9984,100.0,100.0,0.0,25.940717786550522,42568,/mnt/st_data/zhangzixin/bbs-test-master/experiments/picture/coverage_ids_stress/stress_results_v82/cov20_indel10_seed2027/cpl.txt
cov20_indel10_seed2028,20,10.0,2.0,5.0,5.0,2028,CCP-DP,9984,9978,99.93990384615384,99.99927156177156,0.0008012820512820513,2.7598836459219456,197128,/mnt/st_data/zhangzixin/bbs-test-master/experiments/picture/coverage_ids_stress/stress_results_v82/cov20_indel10_seed2028/ccpdp.txt
cov20_indel10_seed2028,20,10.0,2.0,5.0,5.0,2028,BBS,9984,9665,96.80488782051282,99.89683493589745,0.11348157051282051,2.8259682580828667,25964,/mnt/st_data/zhangzixin/bbs-test-master/experiments/picture/coverage_ids_stress/stress_results_v82/cov20_indel10_seed2028/bbs.txt
cov20_indel10_seed2028,20,10.0,2.0,5.0,5.0,2028,CPL,9984,9984,100.0,100.0,0.0,26.27066780999303,42948,/mnt/st_data/zhangzixin/bbs-test-master/experiments/picture/coverage_ids_stress/stress_results_v82/cov20_indel10_seed2028/cpl.txt
cov20_indel10_seed2029,20,10.0,2.0,5.0,5.0,2029,CCP-DP,9984,9982,99.97996794871794,99.99963578088578,0.00040064102564102563,2.857150223106146,196128,/mnt/st_data/zhangzixin/bbs-test-master/experiments/picture/coverage_ids_stress/stress_results_v82/cov20_indel10_seed2029/ccpdp.txt
cov20_indel10_seed2029,20,10.0,2.0,5.0,5.0,2029,BBS,9984,9621,96.3641826923077,99.88408726689977,0.12750400641025642,2.963275883346796,26268,/mnt/st_data/zhangzixin/bbs-test-master/experiments/picture/coverage_ids_stress/stress_results_v82/cov20_indel10_seed2029/bbs.txt
cov20_indel10_seed2029,20,10.0,2.0,5.0,5.0,2029,CPL,9984,9984,100.0,100.0,0.0,26.09399587288499,43404,/mnt/st_data/zhangzixin/bbs-test-master/experiments/picture/coverage_ids_stress/stress_results_v82/cov20_indel10_seed2029/cpl.txt
cov20_indel10_seed2030,20,10.0,2.0,5.0,5.0,2030,CCP-DP,9984,9982,99.97996794871794,99.99963578088578,0.00040064102564102563,2.8166320957243443,196796,/mnt/st_data/zhangzixin/bbs-test-master/experiments/picture/coverage_ids_stress/stress_results_v82/cov20_indel10_seed2030/ccpdp.txt
cov20_indel10_seed2030,20,10.0,2.0,5.0,5.0,2030,BBS,9984,9608,96.23397435897436,99.88891317016318,0.12219551282051282,2.966238908469677,25016,/mnt/st_data/zhangzixin/bbs-test-master/experiments/picture/coverage_ids_stress/stress_results_v82/cov20_indel10_seed2030/bbs.txt
cov20_indel10_seed2030,20,10.0,2.0,5.0,5.0,2030,CPL,9984,9984,100.0,100.0,0.0,26.28751627728343,43284,/mnt/st_data/zhangzixin/bbs-test-master/experiments/picture/coverage_ids_stress/stress_results_v82/cov20_indel10_seed2030/cpl.txt
